beta,tau_r,r_max,c_max,k_c,sse,peak,mid_mean,late_mean,jump_pct,tail_err,loss
0.085,11,650.0,425.0,0.002,2390.6529755989695,104.11682271673351,103.11153463949263,96.84302036155188,4.7621179558535065,40.2429236129492,3532.7237923884195
0.085,11,650.0,425.0,0.0025,2342.2426610071407,104.24467099852018,103.4142269320422,97.34257409079062,4.762302425822895,52.697905915233605,3538.4823972888453
0.085,10,650.0,400.0,0.002,2306.1171343372466,104.60659683992985,103.79515325259452,97.81887354938212,4.805474533849852,65.51581061523717,3540.1783402191686
0.085,9,650.0,400.0,0.002,2324.962885963718,104.14967083558149,103.34700794217092,97.43525733429912,4.805474533849852,55.42668600415786,3556.1242757071745
0.085,11,650.0,425.0,0.003,2303.9909971012466,104.52019565686957,103.7114732330009,97.83037748851496,4.762486803580357,66.46972818070194,3560.262537605589
0.085,11,650.0,400.0,0.002,2311.8080726500693,105.06781038467979,104.24748196962503,98.2059237361545,4.805474533849852,76.55163564849644,3562.7353168711484
0.085,10,650.0,425.0,0.003,2322.1694107243884,104.06133920306941,103.26142588531324,97.4447769874188,4.762486803580357,56.252189951803174,3575.540473020534
0.085,9,650.0,400.0,0.0025,2286.246354703628,104.41395349636241,103.63248894242652,97.90818525102094,4.805648188688405,69.09419553856586,3578.950691890774
0.085,10,650.0,425.0,0.0025,2371.4722341349297,103.7870264536768,102.96547205542365,96.95890815563187,4.762302425822895,43.69546162392434,3580.6527764221114
0.085,10,650.0,400.0,0.0025,2278.0985274973636,104.87204203601317,104.08187550603732,98.29367571568075,4.805648188688405,80.37264884279092,3589.1758091591128
0.085,10,650.0,425.0,0.0035,2282.5750802579832,104.33091849219262,103.55205339113095,97.91919710113747,4.762671089171988,70.03298578152351,3597.116280768248
0.082,11,650.0,400.0,0.002,2319.7590128710835,103.99477881767739,103.2229628537278,97.5224000262909,4.634348629978358,58.35571138386142,3599.7482299085586
0.085,10,650.0,425.0,0.002,2431.065675914672,103.60880558081274,102.66409599022941,96.46133557203444,4.7621179558535065,32.47278334733154,3605.8824693049487
0.085,8,650.0,400.0,0.0025,2319.338250947001,103.96011582351753,103.18725119805126,97.52610931462945,4.805648188688405,58.75826111118292,3607.521643449161
0.085,11,650.0,425.0,0.0035,2275.3151511311867,104.79096585638815,104.00336987336846,98.30668659848608,4.762671089171988,81.4481584378639,3608.378689458795
0.085,8,650.0,400.0,0.002,2368.5678803189367,103.69698563418854,102.9030007005866,97.05503961974858,4.805474533849852,46.26088128875772,3610.424014453708
0.085,8,650.0,375.0,0.002,2259.102107207624,104.79765285957895,104.03666019793324,98.42089100095075,4.848840104418728,84.89274126738574,3617.2144508435563
0.082,11,650.0,400.0,0.0025,2281.2778377481654,104.25005885981467,103.49883796445465,97.9808435996865,4.6345160183722145,71.91435427763061,3623.5361353415014
0.085,9,650.0,425.0,0.0035,2314.293916237149,103.87514576569374,103.10490892394185,97.53514372094801,4.762671089171988,59.57078170509122,3624.3038483428063
0.085,9,650.0,400.0,0.003,2256.497017840481,104.67363660695855,103.91278637868804,98.36985194965759,4.805821756721196,83.87766365003823,3626.3351726580636
0.085,9,650.0,425.0,0.003,2364.619281463341,103.60674708197512,102.81553956559344,97.06259645666128,4.762486803580357,46.96823762040892,3628.820236954072
0.085,8,650.0,400.0,0.003,2279.2063235959777,104.21866658075879,103.46634052342229,97.98596199310644,4.805821756721196,72.38907497746571,3629.526833881135
0.085,11,650.0,400.0,0.0025,2294.674036478591,105.33442828347972,104.53545633729789,98.68261634174237,4.805648188688405,92.6173412043009,3638.352563455789
0.085,8,600.0,425.0,0.002,2260.2228530706557,104.66332231329886,103.91909230727158,98.44617780745205,4.7621179558535065,86.37879920629995,3651.7157003475545
0.082,10,650.0,400.0,0.0025,2317.89951766787,103.80505723534442,103.06196858977835,97.60390576454293,4.6345160183722145,61.49000196343802,3654.1140138849464
0.082,10,650.0,400.0,0.002,2366.3560497694566,103.55086874393099,102.787260050973,97.14723619169237,4.634348629978358,49.05288709082374,3654.8537796229375
0.085,9,650.0,375.0,0.002,2261.6524917978145,105.25510105178807,104.4855199681006,98.80645339271203,4.848840104418728,97.35467626971861,3655.234524414147
0.085,9,650.0,425.0,0.0025,2424.783132983156,103.33363574423454,102.52086700637533,96.57864563861938,4.762302425822895,35.60689094596118,3660.3698905698297
0.082,10,650.0,375.0,0.002,2253.1901428506576,104.6155994549714,103.88443392149459,98.47392384910611,4.6761528103238525,87.38321587194643,3660.520166991782
0.085,10,650.0,400.0,0.003,2258.9139509657384,105.13286737747009,104.36339159667632,98.75717206556425,4.805821756721196,96.32763960973678,3662.374925646052
0.082,9,650.0,375.0,0.002,2279.746881273358,104.1712031956076,103.4480630413922,98.09691647040759,4.6761528103238525,75.84445724318579,3664.9819056408414
0.082,11,650.0,400.0,0.003,2251.2404570505378,104.50087938759013,103.76968435542649,98.42831695135071,4.634683323092759,86.50319992622852,3670.2823929480974
0.082,11,650.0,425.0,0.0035,2313.2863459790824,103.72799605460811,102.98729687960949,97.61651393603744,4.593085996270885,62.39645884592893,3670.906997289242
0.082,11,650.0,425.0,0.003,2362.7198305436614,103.468692713536,102.70761346416175,97.15836936243622,4.592908359469039,49.847830035722964,3672.9858844802334
0.085,8,650.0,400.0,0.0035,2247.648201181427,104.47271757393472,103.74036180547276,98.43484938156273,4.805995237991678,87.05503319474988,3674.7287559235965
0.085,9,600.0,425.0,0.002,2252.684410427725,105.08504027980247,104.33295577300524,98.80217850549698,4.7621179558535065,97.95416137366988,3676.466385405424
0.082,10,650.0,400.0,0.003,2278.0137141442187,104.05480535833843,103.33166974209607,98.04964755874913,4.634683323092759,74.97456883895575,3676.6750627463866
0.085,8,650.0,425.0,0.0035,2370.6750893023686,103.42360107607959,102.66189125346735,97.15449096009608,4.762671089171988,50.038064900412905,3689.7729478878905
0.08,11,650.0,375.0,0.002,2260.311657340084,104.31514323053686,103.60689839388822,98.35638744151137,4.56109085561196,84.23815273917117,3690.1843956051625
0.085,8,650.0,375.0,0.0025,2239.5451785122186,105.04690651583694,104.30603314859499,98.8686470413544,4.849002939620917,100.71084360978925,3691.305191334891
0.082,11,650.0,375.0,0.002,2250.066513444646,105.06403256263985,104.32474888381644,98.8542030234383,4.6761528103238525,99.85094452179743,3693.082867054549
0.082,10,600.0,425.0,0.002,2260.542654098314,104.41607695069852,103.7022353329813,98.43854189709417,4.592552819299112,86.93817541513644,3696.2640529515324
0.085,9,650.0,400.0,0.0035,2235.1906646616044,104.92880018501079,104.18799378305434,98.82051014356665,4.805995237991678,99.67863787856362,3696.564821590996
0.082,11,650.0,425.0,0.0025,2421.4217287906167,103.20481804526031,102.42278279434215,96.68911015997081,4.592730633826614,38.44811447391916,3700.368278971939
0.082,8,650.0,375.0,0.002,2329.894992989847,103.73080117508817,103.01559484705793,97.72314810611135,4.6761528103238525,65.21258737705824,3706.278323446685
0.08,11,650.0,400.0,0.0025,2341.0497676516957,103.52403499948616,102.80385695468135,97.50443519172622,4.52048956773734,59.32997651501962,3710.7218207728256
0.08,10,650.0,375.0,0.002,2298.5729725977903,103.87845289851398,103.17789210485621,97.98435382442617,4.56109085561196,73.05573343655882,3711.28572529549
0.082,11,600.0,425.0,0.002,2245.462566769411,104.82922008503746,104.1079615680861,98.78944244300087,4.592552819299112,98.38668833865475,3711.722381667518
0.082,9,600.0,425.0,0.002,2295.6873098314295,104.00651672248476,103.30001092799725,98.09055534472485,4.592552819299112,76.28500312566071,3712.4323516057298
0.082,9,650.0,375.0,0.0025,2249.7540167043626,104.41088377727736,103.70721047224507,98.52913670089099,4.676309768391018,90.2949101579095,3713.0561482261955
0.085,9,650.0,425.0,0.002,2495.366879805348,103.107628039442,102.22079575080303,96.0830372338535,4.7621179558535065,25.596475500545058,3716.2981454424234
0.082,9,650.0,400.0,0.003,2327.959365920176,103.61274580096932,102.89757747912809,97.67423509458804,4.634683323092759,64.36027958644466,3719.581209315671
0.08,11,650.0,400.0,0.002,2392.8353191369347,103.27624833075421,102.53598566611763,97.05814597930384,4.520326351385884,47.38531170936456,3719.6522159670426
0.085,8,650.0,425.0,0.003,2431.545801242043,103.1563727991285,102.37376916879091,96.68380056107385,4.762486803580357,38.59472690019344,3719.939763602582
0.082,9,650.0,400.0,0.0025,2377.5293351796718,103.36406110892362,102.62901197407413,97.2302105081791,4.6345160183722145,51.96261556753801,3720.8086246418256
0.082,10,650.0,400.0,0.0035,2246.204370413648,104.30019106220757,103.59645472986293,98.48471015076996,4.63485054418189,89.4142044485236,3720.9254889651515
0.08,11,650.0,400.0,0.003,2297.540189925701,103.7674823290497,103.06683276712447,97.94000976093885,4.520652702501038,72.27292561180741,3724.1782162178347
0.082,8,650.0,375.0,0.0025,2290.560176393142,103.9694654340044,103.27365567150714,98.1537106926383,4.676309768391018,78.60269729857691,3731.2795937068945
0.082,10,650.0,375.0,0.0025,2232.6983627673226,104.85630493124341,104.14467713120393,98.90781556884896,4.676309768391018,102.9108790329947,3732.0516496604514
0.085,10,650.0,375.0,0.002,2289.6436289803264,105.71683444018764,104.93856281981311,99.19546199139234,4.848840104418728,110.79376566985124,3733.072121251931
0.08,11,600.0,425.0,0.002,2277.929154060256,104.08580796057491,103.39494820571903,98.29157838635989,4.479569813949191,82.87277558980774,3734.8742759704896
0.085,10,600.0,425.0,0.002,2266.901026139651,105.51056368383526,104.7505353644555,99.16125051890323,4.7621179558535065,110.36747092157589,3735.223270175968
0.085,8,600.0,425.0,0.0025,2236.455249286836,104.94548027704973,104.22407859835877,98.95390037505791,4.762302425822895,104.57159692775477,3736.192468711022
0.082,10,650.0,425.0,0.0035,2371.7037251879806,103.28517857202431,102.55254453235393,97.24094816311361,4.593085996270885,52.74859397220353,3736.354597278817
0.085,11,650.0,400.0,0.003,2286.2381632869797,105.59640583558748,104.8182017349371,99.14795813241427,4.805821756721196,109.76305638215456,3737.8079906501916
0.082,11,650.0,400.0,0.0035,2229.1524684831156,104.74731868637906,104.03559363690795,98.86506961921918,4.63485054418189,102.02974355994698,3738.374155126039
0.082,9,650.0,400.0,0.0035,2286.5904831629305,103.85708671731965,103.1612475795396,98.1076216030909,4.63485054418189,77.73007281095559,3740.3806187099153
0.082,9,650.0,400.0,0.002,2435.794511251831,103.11095502484886,102.35546022718336,96.77530022037621,4.634348629978358,40.62934171492596,3745.672862767413
0.08,10,650.0,375.0,0.0025,2264.6639080698187,104.1120615424333,103.43054878524686,98.40665401538396,4.5612439008740235,86.9129396194927,3749.280375020692
0.08,11,650.0,375.0,0.0025,2235.497235311665,104.54973543233123,103.86060731821235,98.78030016758727,4.5612439008740235,99.13370010963104,3750.7050478704264
0.082,11,650.0,425.0,0.002,2489.9411111944146,102.97408615629772,102.13271118561794,96.20848488671753,4.592552819299112,28.300634304636667,3751.4918441958393
0.085,9,650.0,375.0,0.0025,2252.287854569322,105.50544629729305,104.75605891123442,99.25597564955666,4.849002939620917,114.31599367188414,3754.3673120317953
0.085,10,650.0,400.0,0.0035,2248.0388942355657,105.38915323494676,104.6397954638198,99.2096163084431,4.805995237991678,113.28216805639067,3758.0607495785193
0.08,11,650.0,400.0,0.0035,2261.831806761741,104.00666695199497,103.32500285303198,98.36511560246248,4.520815755717722,86.12570558280025,3758.4758006194197
0.082,8,600.0,425.0,0.002,2351.0329123205242,103.60050312559368,102.90125309470132,97.74545475335103,4.592552819299112,66.40897028906708,3760.0778676149325
0.082,10,650.0,425.0,0.003,2431.146220980604,103.02698392977888,102.27404375748867,96.78457649861221,4.592908359469039,41.311362275685795,3762.8937108897867
0.082,9,600.0,425.0,0.0025,2259.368146335212,104.2777554330831,103.59332987745776,98.58049880350723,4.592730633826614,92.80951702647774,3765.272368031092
0.08,9,650.0,375.0,0.002,2359.141594939708,103.4456077018624,102.75264492210658,97.61545395607145,4.56109085561196,62.75512380046162,3767.5310120416193
0.08,10,600.0,425.0,0.002,2324.717013993245,103.68347117448303,102.99963179102583,97.94828947556401,4.479569813949191,72.61145120757539,3768.138516707509
0.078,11,650.0,375.0,0.002,2328.4690177999487,103.56394328410754,102.88608246468883,97.8516674512128,4.446079239242606,69.74507464211901,3770.307329638544
0.082,10,600.0,425.0,0.0025,2234.130445541919,104.68838627378071,103.99669913777734,98.93023433867145,4.592730633826614,104.5907705343897,3773.6119520561347
0.082,8,650.0,375.0,0.003,2258.7303547242172,104.20392565563301,103.52697125987645,98.57384933565935,4.676466647998723,92.86287851233136,3776.300185285819
0.085,8,650.0,425.0,0.0025,2502.382357586916,102.88445248338734,102.08036679466201,96.2017513707865,4.762302425822895,28.40939283193911,3777.4781808013618
0.082,9,650.0,375.0,0.003,2227.1417095107754,104.64634236374569,103.96159264024382,98.95089288689621,4.676466647998723,105.59814334897584,3780.810056506471
0.08,10,650.0,400.0,0.003,2358.0378891395994,103.33304168180186,102.64002181892378,97.56952315987695,4.520652702501038,61.98632364894711,3782.0472612163067
0.08,9,650.0,375.0,0.0025,2316.286416635341,103.67824083260969,103.00425797452337,98.03615469632464,4.5612439008740235,75.58999304252316,3783.3614286119805
0.085,8,650.0,375.0,0.003,2227.691690598119,105.29178447446505,104.57047038301724,99.30561144024193,4.849165693425883,117.4373265449434,3786.1021325892625
0.085,9,600.0,425.0,0.0025,2239.5543817414045,105.3683388793683,104.63916065902615,99.31174980473828,4.762302425822895,117.3453292366903,3787.131624804598
0.082,11,650.0,375.0,0.0025,2239.2364309589084,105.30577159062089,104.5860971361144,99.2897802133328,4.676309768391018,116.47297441841,3788.4612685652646
0.082,8,600.0,425.0,0.0025,2304.963363875823,103.87067982509883,103.19343639871916,98.23366319178184,4.592730633826614,81.82211798576965,3788.7893359230156
0.082,8,650.0,350.0,0.002,2231.6030458459772,104.79734645596373,104.11517873976126,99.0576602822094,4.717965360339571,108.88730664456216,3789.2709896335386
0.08,10,650.0,400.0,0.0025,2410.8211676647675,103.0906150594089,102.37813671717547,97.13560553939428,4.52048956773734,50.091596994712674,3791.4453105678213
0.08,10,650.0,400.0,0.0035,2313.1769336293682,103.57122354456092,102.89712119313333,97.99301187740113,4.520815755717722,74.80762233357603,3793.819957797695
0.082,8,650.0,400.0,0.0035,2350.4519159362603,103.41796318052104,102.72993091391959,97.73377119863312,4.63485054418189,66.955233983103,3796.533211047943
0.078,11,650.0,375.0,0.0025,2290.42322210969,103.7914417975532,103.13220353444879,98.26393281168238,4.446228375927586,82.96525629551317,3797.5063353180085
0.08,11,600.0,425.0,0.0025,2245.9581794630703,104.35112321971043,103.68193367876756,98.7718151485233,4.479743197399055,99.71022819787933,3797.874134177284
0.082,8,650.0,400.0,0.003,2401.219955413303,103.17465833226156,102.46736638839339,97.302046918015,4.634683323092759,54.63850530954194,3798.7998558362306
0.08,10,650.0,375.0,0.003,2237.8885745660673,104.34154574904115,103.67854848403184,98.81869957590142,4.561396869632572,101.58209019008822,3806.1901557770375
0.08,11,650.0,425.0,0.0035,2405.075483885957,103.01618498796437,102.30598017450286,97.14794417442981,4.480089704331891,50.88929658368927,3806.6771793343382
0.08,10,600.0,425.0,0.0025,2283.2714952233246,103.94775931506251,103.28551822987185,98.42683947892243,4.479743197399055,88.36251519253194,3807.624816309726
0.08,9,650.0,350.0,0.002,2240.5944416888055,104.486173280583,103.82579533127075,98.92111100903345,4.601863326630906,104.67049170957866,3811.0613220316336
0.082,11,600.0,425.0,0.0025,2229.115140092507,105.10260870388744,104.40357952586653,99.28289796094658,4.592730633826614,117.18435287260256,3813.9624608216404
0.082,10,650.0,425.0,0.0025,2499.9813283701887,102.7642375887075,101.99041756706072,96.31713320954304,4.592730633826614,31.039689436627782,3815.068865819887
0.08,9,650.0,375.0,0.003,2280.6857784943923,103.9067668114677,103.2512333359621,98.4466396330579,4.561396869632572,89.25374678111177,3818.438236353156
0.08,8,650.0,350.0,0.002,2282.617387569981,104.05285752294084,103.39990348226607,98.55043039418587,4.601863326630906,92.19595479534767,3819.1159042942454
0.082,10,650.0,375.0,0.003,2219.4602949562764,105.09277029372606,104.40013487247113,99.33120279474811,4.676466647998723,119.27372172855218,3822.9167690647864
0.082,8,650.0,400.0,0.0025,2460.311307792177,102.92702818635429,102.1999270343529,96.85972532944544,4.6345160183722145,43.310661647427715,3823.4244613679634
0.08,10,650.0,400.0,0.002,2472.001505108613,102.84386736748178,102.111376511534,96.69101403223615,4.520326351385884,39.21179893486346,3823.5586648591852
0.085,11,600.0,425.0,0.002,2302.6640625467253,105.9399327173909,105.17187010435846,99.52342460053691,4.7621179558535065,123.63880166240546,3828.0948181064064
0.08,11,650.0,375.0,0.003,2217.6934475768444,104.78018576065841,104.10963980231774,99.19391910628246,4.561396869632572,114.823954105942,3829.8034799556885
0.08,9,600.0,425.0,0.002,2390.6274432136884,103.2845469002503,102.60765270863685,97.60779117829095,4.479569813949191,63.104737859627384,3831.439593098958
0.082,8,600.0,400.0,0.002,2241.0297467161804,104.6657172581214,103.99962618624367,99.08026524068306,4.634348629978358,110.45168312596772,3832.4799666678864
0.082,9,650.0,350.0,0.002,2224.9828153650333,105.24223568729137,104.5522248096817,99.43652485610261,4.717965360339571,122.71220344584917,3835.9734563492016
0.082,9,650.0,425.0,0.0035,2452.8977018023998,102.84634568172469,102.12168475246143,96.86861206384768,4.593085996270885,43.985580990165865,3837.4726425781982
0.08,10,650.0,350.0,0.002,2221.560972750222,104.92333219917889,104.25544602738486,99.29493598474477,4.601863326630906,118.05344058205227,3839.1891664067066
0.078,11,600.0,425.0,0.002,2367.119408820759,103.34011618277039,102.67900994264964,97.78689534899857,4.366635155331089,68.48691843708913,3839.790145518817
0.082,8,650.0,375.0,0.0035,2233.9648813479207,104.4342569305611,103.77562966552496,98.98380758134059,4.676623449186268,107.911588490114,3839.9099397555374
0.08,11,650.0,425.0,0.003,2467.4314046184236,102.76446205397446,102.03437784881419,96.70190002691326,4.479916494178848,39.90459635180411,3840.416208690699
0.078,10,650.0,375.0,0.002,2399.95018188212,103.13898344831802,102.46838572314762,97.48796112008598,4.446079239242606,59.8218745244816,3842.524021691055
0.078,11,650.0,375.0,0.003,2259.2740200633325,104.01491455322162,103.37377724852404,98.6661569976032,4.446377438062865,96.95835163749544,3842.886826992888
0.082,8,600.0,425.0,0.003,2268.3999347449962,104.13617650669521,103.48034055199659,98.71032571995293,4.592908359469039,98.41020067233565,3843.414506310264
0.082,9,600.0,425.0,0.003,2232.4362553135115,104.54429567229089,103.88134911004775,99.05885535774861,4.592908359469039,110.49279157870133,3843.705314957041
0.078,10,650.0,350.0,0.002,2260.1250730849038,104.15335442281766,103.51486453440968,98.76433554776327,4.48581264194563,99.84535675351228,3844.033073484129
0.085,8,600.0,425.0,0.003,2222.5128173447433,105.22277031546211,104.52357755335478,99.44967991126373,4.762486803580357,123.99925398843382,3847.653521608689
0.08,9,600.0,425.0,0.0025,2339.85331435867,103.54781599015823,102.89244875953764,98.0846676102035,4.479743197399055,77.78525685103239,3847.769052264254
0.078,10,650.0,375.0,0.0025,2353.356640481705,103.36554721002454,102.71350614490208,97.8986857836044,4.446228375927586,72.05841091332692,3848.477494440798
0.085,11,650.0,375.0,0.002,2342.839368837529,106.1829002263486,105.39583455949753,99.58795274652465,4.848840104418728,125.23434963912648,3850.8770657565333
0.078,11,650.0,350.0,0.002,2228.174448453401,104.58245415822861,103.93678988100018,99.13279360387696,4.48581264194563,112.73787698331002,3852.525735292454
0.08,8,650.0,375.0,0.0025,2390.4733448400066,103.24823351707063,102.5816961963158,97.66877133098777,4.5612439008740235,65.14395460145826,3852.729187760757
0.085,10,650.0,375.0,0.0025,2290.6494558257186,105.96828080668082,105.21027794176746,99.64676569866403,4.849002939620917,128.91694086166422,3857.6747391219815
0.08,9,600.0,400.0,0.002,2257.73047228997,104.32350406966708,103.67930141070629,98.91334080948047,4.520326351385884,105.12582881980205,3858.306125241689
0.078,11,650.0,400.0,0.003,2399.789912263111,103.03171708727463,102.36097554694075,97.44487795304978,4.406671428425701,59.13352430205307,3858.3683611618494
0.08,8,650.0,375.0,0.002,2442.1274103966184,103.0165679322328,102.33111823891514,97.24965708127124,4.56109085561196,53.31568275422773,3858.706125591334
0.085,11,650.0,400.0,0.0035,2285.9756570850436,105.85382376807438,105.09581251298341,99.60220382280869,4.805995237991678,127.8900043314251,3859.3846386637024
0.078,11,650.0,400.0,0.0035,2351.2063476581084,103.263699537839,102.61145705332278,97.85835196614208,4.406830318235411,71.36230600871774,3860.3824568060313
0.085,8,650.0,425.0,0.002,2583.765442243468,102.61374336243884,101.78158904736617,95.70809034789195,4.7621179558535065,19.591548500595856,3863.739929623685
0.08,9,650.0,400.0,0.0035,2386.7409475605223,103.13961255934355,102.47298707537837,97.62404099137292,4.520815755717722,64.37355703515252,3864.198957143468
0.078,11,600.0,425.0,0.0025,2320.371294705781,103.59741781683641,102.95742085369868,98.25393331606196,4.366804112410194,83.42266163156486,3865.28734176896
0.082,9,600.0,400.0,0.002,2225.704797901558,105.07586771699337,104.40260509067032,99.43007113756391,4.634348629978358,123.27806464902139,3865.899860589545
0.08,8,650.0,375.0,0.003,2346.1923782122485,103.47580908562256,102.8276555864772,98.07770827679967,4.561396869632572,77.81775864420611,3866.3239156322898
0.082,9,650.0,375.0,0.0035,2211.469500180221,104.87765436609546,104.2112979698231,99.36242950753075,4.676623449186268,121.67256548293958,3866.8132213265762
0.078,9,650.0,350.0,0.002,2313.814032425652,103.72794785239711,103.09655333063225,98.39891413430361,4.48581264194563,87.83325998275572,3870.025374068746
0.08,9,650.0,375.0,0.0035,2251.9164579419203,104.13125939797749,103.49365755973255,98.8471493685605,4.561549761925887,103.66836637711054,3871.3902589455324
0.08,10,600.0,425.0,0.003,2250.893534425933,104.20745699984336,103.56622465271403,98.8940312923685,4.479916494178848,105.21858276879149,3871.708920432542
0.082,8,650.0,400.0,0.002,2528.2199303971925,102.67499545633468,101.92752239579389,96.40655975398859,4.634348629978358,33.06384088554226,3872.015558829517
0.085,10,600.0,425.0,0.0025,2264.583910436915,105.79501248591802,105.05796907563618,99.67268591718233,4.762302425822895,130.97549014800552,3872.4993775942366
0.08,10,600.0,400.0,0.002,2229.9746643739663,104.72640405531797,104.07533955639865,99.25838500903542,4.520326351385884,117.47806739510341,3872.6613865690474
0.078,10,650.0,375.0,0.003,2313.77670981987,103.58810182312936,102.95409776030742,98.29940680202695,4.446377438062865,85.08441875769832,3872.934783965539
0.085,9,650.0,375.0,0.003,2250.493215951799,105.75139662398415,105.02164072618817,99.69466373640792,4.849165693425883,132.1674426177017,3873.844885042714
0.08,9,650.0,400.0,0.003,2440.604809541676,102.9024252716555,102.21694966345589,97.20215630166125,4.520652702501038,52.56781682308957,3874.5887225724136
0.08,8,600.0,400.0,0.002,2305.190560576484,103.92401630462953,103.2866017852406,98.57109778358853,4.520326351385884,93.55247037797446,3874.8967179342976
0.082,10,600.0,425.0,0.003,2216.9844396499548,104.95597851271998,104.285842482383,99.41029853712064,4.592908359469039,123.38567049293137,3876.2261720713286
0.078,11,650.0,400.0,0.0025,2456.027102525336,102.79559010759417,102.1058194395729,97.02118845549305,4.4065124591511795,47.78758698341899,3876.7005860625445
0.08,8,650.0,350.0,0.0025,2256.511754174366,104.27121230582303,103.63617861461049,98.94676124532263,4.602006196812591,106.70954903421264,3877.995699864318
0.08,10,650.0,375.0,0.0035,2217.8240184215088,104.56697958820152,103.92197811418323,99.22073201923924,4.561549761925887,116.98513853795802,3880.643958962305
0.082,8,650.0,350.0,0.0025,2218.403984868979,105.02234662475271,104.35856425612106,99.46492886296392,4.718111883886955,125.06000561297915,3880.988246565648
0.08,11,600.0,425.0,0.003,2222.937041246863,104.61183010890143,103.96371915623504,99.24065369108087,4.479916494178848,117.63651365860119,3885.1525354210744
0.082,9,650.0,425.0,0.003,2522.1817418583737,102.58925047000389,101.84435672341873,96.4139986304058,4.592908359469039,33.642196009546616,3888.069215168512
0.08,9,600.0,425.0,0.003,2298.2623509498862,103.80651238904666,103.17208460760102,98.5502255557728,4.479916494178848,93.58667909924019,3889.0099896506595
0.08,9,650.0,350.0,0.0025,2222.968594294891,104.70543992944295,104.0630463866266,99.31894206196598,4.602006196812591,120.16111343326057,3891.0349973790812
0.078,11,600.0,400.0,0.002,2246.8925836815806,104.3564435915244,103.72762094275856,99.06717080549657,4.406353410372188,111.11208009798683,3893.366876575271
0.082,10,650.0,425.0,0.002,2578.757606394604,102.49685967744841,101.70157267366889,95.83836782241664,4.592552819299112,22.036697020695502,3894.6726033049663
0.085,8,650.0,350.0,0.002,2259.0096407210985,105.90987912742605,105.18270009365708,99.80590889261802,4.892214667564643,135.99636680762836,3894.7195726365167
0.08,8,650.0,375.0,0.0035,2308.8610375087824,103.69936808991439,103.06908260628325,98.47670761788142,4.561549761925887,91.25910601423533,3898.1191085820064
0.08,11,650.0,425.0,0.0025,2538.8536206194867,102.50828958239165,101.75776304581618,96.24499642762497,4.479743197399055,30.03175710649218,3898.7881305827727
0.078,10,600.0,400.0,0.002,2287.363626099698,103.9610878280486,103.33881873665027,98.72718402969936,4.406353410372188,99.27475130980815,3898.8076922615232
0.085,8,650.0,375.0,0.0035,2223.074397766185,105.53236425363094,104.83006269756083,99.73203329066179,4.849328365874239,134.98514089327966,3900.0837916516166
0.082,11,650.0,375.0,0.003,2235.5307673307125,105.5432522245193,104.84263953433988,99.71481210865271,4.676466647998723,133.9122677132113,3902.8207897952702
0.08,11,650.0,350.0,0.002,2225.395003779277,105.36437435974399,104.68889455465339,99.6719364697515,4.601863326630906,132.366243527479,3903.713305840804
0.078,11,650.0,375.0,0.0035,2234.6156464278147,104.2344342407993,103.61088896040569,99.05857838370706,4.446526425685726,111.64980031203979,3905.135986523493
0.08,9,650.0,400.0,0.0025,2502.5098400613697,102.66101101613263,101.95614635029915,96.76988219798275,4.52048956773734,41.70509659867838,3906.4727519896087
0.078,10,650.0,350.0,0.0025,2237.8843093778746,104.36685373492828,103.74594127513319,99.152625341806,4.48595186274261,114.6148443527608,3911.6371494998766
0.078,11,600.0,425.0,0.003,2282.3820730750836,103.85023823384891,103.23077292284961,98.70984631888066,4.366972985031881,99.41172486497753,3914.4226219372863
0.078,10,650.0,375.0,0.0035,2280.8042811330874,103.80671967737453,103.19024557486698,98.69036166213257,4.446526425685726,98.8253461535826,3914.582708860928
0.078,11,650.0,400.0,0.002,2520.3735798554426,102.55524363859458,101.84590086887195,96.58704131719509,4.406353410372188,37.40900048396903,3916.859210677642
0.078,9,650.0,350.0,0.0025,2283.472616370144,103.94057342758931,103.32669437802754,98.78575898980765,4.48595186274261,101.6632103114556,3917.417394985297
0.085,8,600.0,400.0,0.002,2247.387688392111,105.77413130465963,105.0638466899566,99.8315440894685,4.805474533849852,137.90101198235183,3917.9066786325016
0.08,8,600.0,425.0,0.0025,2415.7940925761977,103.15125936997259,102.50269231022362,97.74527312850304,4.479743197399055,67.96119522788591,3918.127925334427
0.08,11,600.0,400.0,0.002,2221.8196900784546,105.13275037822989,104.47474942019751,99.606257011122,4.520326351385884,130.62686134947936,3918.134879041099
0.078,10,600.0,425.0,0.002,2443.8726807548237,102.94857481701882,102.29410443364482,97.45129311131393,4.366635155331089,59.38839525409455,3919.4515734622723
0.08,10,650.0,425.0,0.0035,2495.344893958405,102.58484852279493,101.88228096927385,96.78043418943882,4.480089704331891,42.39256888056371,3920.3204493812746
0.082,10,650.0,350.0,0.002,2242.5758387173455,105.6911596474208,104.99321468335575,99.81867254398895,4.717965360339571,137.49455689695392,3920.8627078776535
0.082,8,600.0,425.0,0.0035,2240.791289664659,104.3970738838893,103.76205993292012,99.17569779566651,4.593085996270885,116.0690909643739,3922.1472370351935
0.078,10,600.0,425.0,0.0025,2388.219306829548,103.20490027171803,102.5714701749599,97.91671948650766,4.366804112410194,73.29503136544116,3922.771609939829
0.085,9,600.0,425.0,0.003,2236.122579871646,105.64674981501831,104.93985623541941,99.80933463440522,4.762486803580357,137.95438832944416,3924.44150581731
0.08,8,600.0,425.0,0.002,2475.7519949265566,102.88900133722387,102.21897808079538,97.27005720080672,4.479569813949191,54.335627532212584,3924.6030685199516
0.08,11,650.0,375.0,0.0035,2206.477628341136,105.00656859853872,104.35408312210578,99.59748668976545,4.561549761925887,131.2308420014827,3926.1086956160475
0.078,8,650.0,350.0,0.002,2389.3171481678332,103.3061971750304,102.68181999107836,98.03650020495652,4.48581264194563,76.68160048409132,3930.266644588456
0.082,10,650.0,375.0,0.0035,2213.0356856546023,105.32507127699188,104.65089594425315,99.74433094714705,4.676623449186268,136.3901054821085,3931.6849076027474
0.082,10,600.0,400.0,0.002,2231.113656031042,105.48960076660858,104.80908709645416,99.78280228949725,4.634348629978358,136.92577760693507,3931.9667766239577
0.078,9,650.0,375.0,0.0025,2437.651552984604,102.9433178116637,102.29839485756591,97.5364485300239,4.446228375927586,62.00210976581056,3933.111585564825
0.078,9,600.0,400.0,0.002,2346.489442508425,103.56900948243708,102.95322491861961,98.38990098007008,4.406353410372188,88.19127175541232,3933.7489037368077
0.08,8,600.0,425.0,0.003,2365.132881555033,103.40896232792662,102.7812659845562,98.20920994982772,4.479916494178848,82.72329938779448,3936.8724390821453
0.078,9,650.0,375.0,0.003,2389.7758321506017,103.16496160253251,102.53801221525768,97.9356782927138,4.446377438062865,74.07564798631256,3936.975135879258
0.082,8,600.0,400.0,0.0025,2224.5125521414507,104.9225661324471,104.27750943516112,99.54594155506094,4.6345160183722145,129.16732140107368,3937.696473844678
0.08,10,650.0,350.0,0.0025,2212.5560231897502,105.14351822244052,104.49368105058434,99.69427949459875,4.602006196812591,134.536277925187,3940.599863404776
0.078,11,650.0,350.0,0.0025,2214.165665789833,104.79683423659274,104.16880985321123,99.52253988946154,4.48595186274261,128.46126770115518,3940.6639595642355
0.082,11,600.0,425.0,0.003,2221.9105877192183,105.37126146565176,104.6938561018389,99.76468355010267,4.592908359469039,137.10757998117987,3941.1363125204925
0.08,8,600.0,400.0,0.0025,2273.993808620989,104.17328302758115,103.55636988386607,99.02425687151148,4.52048956773734,110.35471921141502,3942.5059260042094
0.082,9,600.0,425.0,0.0035,2214.339866185402,104.80621847155093,104.16416337120184,99.52588136775076,4.593085996270885,129.2305198088747,3945.922654756093
0.078,10,650.0,400.0,0.0035,2434.9602894308723,102.83992912695619,102.19483434339652,97.49458508981962,4.406830318235411,61.31494808503476,3946.002309026937
0.078,9,650.0,375.0,0.002,2492.6557686033284,102.7176813411387,102.05426708643208,97.12725234232471,4.446079239242606,50.73432046526246,3948.0684763327363
0.08,9,600.0,400.0,0.0025,2235.4591242228835,104.57373167328518,103.9500980589768,99.36808328202679,4.52048956773734,122.96062884869963,3948.159591106226
0.082,9,650.0,350.0,0.0025,2220.791604754766,105.46819389973932,104.79663504587657,99.84536135679684,4.718111883886955,139.91482184251248,3950.0221759024575
0.078,10,600.0,425.0,0.003,2341.4370192944716,103.45676158156607,102.84379612924661,98.37105928587542,4.366972985031881,88.27057909317088,3950.0357377841356
0.08,8,650.0,350.0,0.003,2236.5764015406794,104.4856808094324,103.86806176382181,99.33335929290158,4.602148995577027,121.87670269394064,3952.8379833106565
0.08,9,600.0,425.0,0.0035,2265.325145329643,104.06071547715952,103.44665314718686,99.00471793900502,4.480089704331891,110.40933368552658,3953.430630209783
0.078,8,650.0,350.0,0.0025,2351.005301196206,103.51795597658058,102.91103281239361,98.42191156763934,4.48595186274261,89.58614709012788,3957.7644589548227
0.078,9,650.0,375.0,0.0035,2348.6221724953753,103.38268480619452,102.77320382008433,98.32517823672151,4.446526425685726,86.88039363871658,3958.345627922708
0.08,10,600.0,425.0,0.0035,2227.053407972456,104.4626439173153,103.84184431017229,99.3501187231849,4.480089704331891,123.07983172755053,3958.657102067837
0.08,9,650.0,400.0,0.002,2572.9307165090786,102.41529380259581,101.69048812941439,96.3269746203567,4.520326351385884,31.87365504371811,3961.39453039823
0.082,9,650.0,425.0,0.0025,2600.9801514955293,102.32762301396771,101.5619249244867,95.9483562059146,4.592730633826614,24.480710520696434,3964.627993376028
0.078,10,650.0,400.0,0.003,2492.1477476499144,102.60889980063342,101.9453711779289,97.08265633444383,4.406671428425701,50.0635224233488,3965.236701950446
0.08,8,650.0,400.0,0.0035,2482.617691936081,102.71179441451763,102.0525620070667,97.25817219326052,4.520815755717722,54.80283937718683,3969.3831677986386
0.078,10,600.0,400.0,0.0025,2259.194345271492,104.20466249299064,103.60249067020823,99.17088507051483,4.4065124591511795,116.19165179276237,3972.7539099447654
0.082,8,650.0,425.0,0.0035,2556.996492256411,102.41145529997208,101.69467665883796,96.49947325746992,4.593085996270885,36.0860988818131,3974.053726458247
0.08,10,650.0,425.0,0.003,2567.128954756289,102.3341810160546,101.6118051661575,96.33608687281775,4.479916494178848,32.46330482538909,3977.1824143982576
0.08,8,600.0,425.0,0.0035,2323.2392803344474,103.66218928579045,103.05479164500389,98.66211971290791,4.480089704331891,98.52242057185384,3979.1068027045135
0.078,9,650.0,350.0,0.003,2259.1052613108295,104.14940681988922,103.5525481828347,99.16307805757134,4.486091013946614,116.11516033055491,3980.1696511582913
0.08,11,650.0,425.0,0.002,2619.869376562927,102.24758897225543,101.47604388594522,95.77698519503286,4.479569813949191,21.369628567803232,3983.5137590639333
0.085,8,600.0,425.0,0.0035,2217.8097440952656,105.49527555531708,104.81768624652757,99.93377669957817,4.762671089171988,144.55050863807088,3984.1745121019526
0.08,10,600.0,400.0,0.0025,2216.7687299999416,104.97760013608726,104.34717289863336,99.71472332641655,4.52048956773734,136.36059422520964,3985.1006859763725
0.078,11,600.0,425.0,0.0035,2252.643691051674,104.09865573357067,103.49915784948439,99.15488540949009,4.367141773238314,116.35870293914661,3985.5358861226155
0.078,9,600.0,400.0,0.0025,2309.801515589674,103.81166372436647,103.2159110015937,98.83207744609837,4.4065124591511795,104.11613524862624,3986.4000081762047
0.08,9,650.0,350.0,0.003,2211.3933124381847,104.9208040186729,104.29588727495994,99.70700349152881,4.602148995577027,136.2881994414936,3986.6396777069594
0.078,11,600.0,400.0,0.0025,2227.3720730496048,104.60094578729422,103.99228635403006,99.5124081606074,4.4065124591511795,129.03535714798343,3988.9284702340688
0.082,8,650.0,350.0,0.003,2211.456520170082,105.24335048478775,104.59743534977017,99.86222319681868,4.7182583341908835,141.90197633825613,3988.9574869505445
0.085,11,600.0,425.0,0.0025,2311.336720708758,106.22554138287563,105.48054297168471,100.03673961411774,4.762302425822895,145.48246415951857,3992.409943037294
0.078,10,650.0,350.0,0.003,2221.5018532619065,104.57654522397155,103.9727132921989,99.53135377252922,4.486091013946614,129.9896659516835,3994.279618573642
0.082,9,600.0,400.0,0.0025,2218.6686286115923,105.33372611618321,104.68156830529418,99.89740235075166,4.6345160183722145,143.08223675279868,3994.6661538010176
0.08,11,600.0,425.0,0.0035,2208.335710308165,104.86800862761346,104.2403982481405,99.69834871206122,4.480089704331891,136.55165869144014,3994.9738175402795
0.078,8,600.0,400.0,0.002,2424.3306862617824,103.18017683316093,102.57080859898251,98.05529673480379,4.406353410372188,77.84517231405819,3997.9951599330684
0.078,10,600.0,425.0,0.0035,2303.0179698823804,103.70423674800487,103.11117365071091,98.81456269854664,4.367141773238314,104.21975766498663,3999.585390367966
0.078,8,650.0,350.0,0.003,2318.781193846803,103.72593810315371,103.13597572460215,98.7978324250823,4.486091013946614,103.12908278186278,4000.9387650844774
0.085,11,650.0,375.0,0.0025,2354.395609952612,106.43545734359881,105.6687361513982,100.04105329207468,4.849002939620917,144.53835414281747,4001.383558547824
0.08,8,650.0,400.0,0.003,2545.336052363427,102.47559359675627,101.79757789345864,96.83787856048882,4.520652702501038,43.99699826254648,4001.5778092782425
0.085,10,650.0,375.0,0.003,2299.0891846323407,106.21531285534644,105.47701432597096,100.08719232618488,4.849165693425883,147.91166220445896,4002.253750356729
0.082,10,600.0,425.0,0.0035,2208.5524400603695,105.21893501977786,104.56976048259007,99.878991763035,4.593085996270885,143.21838863891742,4002.295791929819
0.078,10,650.0,400.0,0.0025,2557.10412078143,102.37374304642978,101.69125248216719,96.66055027790327,4.4065124591511795,39.71104864267792,4005.132753478137
0.078,9,600.0,425.0,0.0025,2474.418213224182,102.81563617217488,102.18870391088292,97.58218689292691,4.366804112410194,63.896911936427244,4009.0877144106635
0.085,9,650.0,375.0,0.0035,2255.8014084915467,105.99302989021675,105.28235660256492,100.12276772342285,4.849328365874239,150.82189352118095,4012.1450478748084
0.078,9,600.0,425.0,0.003,2418.9755450105667,103.06654571682729,102.46001161961917,98.03496549792635,4.366972985031881,77.87343350602526,4014.805881711366
0.078,11,650.0,425.0,0.0035,2550.294333489726,102.30190744324746,101.62157821240734,96.67261841129705,4.367141773238314,40.403253640715896,4018.8405455517677
0.08,11,650.0,350.0,0.0025,2225.153329962715,105.58548733876768,104.9281216687355,100.07280480907103,4.602006196812591,149.85673930379153,4026.908879969933
0.078,9,600.0,425.0,0.002,2538.8421869015997,102.56027941587374,101.91237531497723,97.11835979467949,4.366635155331089,51.00463761039222,4027.6143995165216
0.085,9,650.0,350.0,0.002,2309.1125772999026,106.37213987041694,105.636464940558,100.19689084108748,4.892214667564643,151.8942395167577,4028.341124675238
0.078,8,600.0,400.0,0.0025,2379.2533000591584,103.4219176959321,102.83251638978211,98.49596026098085,4.4065124591511795,92.79211726462765,4029.6674948888754
0.085,9,600.0,400.0,0.002,2283.566609553179,106.20028595582214,105.48223283328873,100.19254878409141,4.805474533849852,152.6514723637521,4030.723923324909
0.082,11,600.0,400.0,0.002,2257.1074500951927,105.90695302881184,105.21910781328756,100.13848709419216,4.634348629978358,151.41375136474045,4030.828397472679
0.08,8,600.0,400.0,0.003,2250.765402026286,104.41818461171152,103.82120780333992,99.46653594969504,4.520652702501038,128.07797537774186,4031.3229487651024
0.082,11,650.0,375.0,0.0035,2238.509493678937,105.77655052541857,105.09446525545147,100.12954507935599,4.676623449186268,152.08714050480518,4034.7306482449926
0.078,8,650.0,375.0,0.003,2487.333431490935,102.74545681851079,102.12548452826354,97.57494244656645,4.446377438062865,63.912307012965144,4034.7624204439066
0.085,10,600.0,425.0,0.003,2271.835632268269,106.07455370931191,105.35987130791129,100.1720910311386,4.762486803580357,152.78412810644159,4036.074114639011
0.078,8,650.0,375.0,0.0035,2438.1302937802006,102.96229248577534,102.35972753759043,97.96299897569055,4.446526425685726,75.79497848072913,4036.17506761082
0.085,8,650.0,350.0,0.0025,2266.4820335306104,106.14493840120528,105.4368393669492,100.22961330432312,4.892366678625049,154.74832964266895,4038.387513162452
0.08,8,650.0,350.0,0.0035,2222.438351131728,104.69633397759509,104.09563633231421,99.71045953005435,4.602291722959917,137.62951233859138,4042.4410541481934
0.078,9,600.0,425.0,0.0035,2372.006549563154,103.31308575550959,102.72638945316073,98.47694494297644,4.367141773238314,92.83904643536668,4043.11188790354
0.078,11,650.0,350.0,0.003,2205.8973291923107,105.00739071868732,104.39650747217988,99.90268894070722,4.486091013946614,144.77304563059005,4043.5130535073426
0.082,11,650.0,350.0,0.002,2284.2112016838455,106.14416135501203,105.43819017116918,100.20413655547527,4.717965360339571,153.2573222242312,4044.1288002343367
0.082,8,650.0,425.0,0.003,2635.956071833456,102.15545034310445,101.41851157967916,96.04660352052262,4.592908359469039,26.81930704000775,4048.310503981933
0.078,8,650.0,375.0,0.0025,2543.3711086563085,102.52471659889727,101.88683366163104,97.17719213892767,4.446228375927586,52.776857300874894,4051.1674557189554
0.08,11,600.0,400.0,0.0025,2217.8202594962986,105.38492260326672,104.74762767651903,100.06420374802687,4.52048956773734,150.57253309406153,4053.5059453672206
0.08,8,650.0,400.0,0.0025,2616.2121810639987,102.23518344870341,101.53784753334308,96.40723466974782,4.52048956773734,34.150337089987936,4055.5842988549584
0.078,9,650.0,350.0,0.0035,2240.3541346864695,104.35451759495004,103.77419658009197,99.53110297380512,4.486230095592392,131.12428231375796,4057.1318683919
0.08,10,650.0,350.0,0.003,2209.4796965085698,105.35978526353406,104.7274875643584,100.08381624852456,4.602148995577027,151.638190530518,4057.30411242946
0.082,10,650.0,350.0,0.0025,2247.5450780310844,105.91808398346241,105.23865828906358,100.22909006036232,4.718111883886955,155.7433819686833,4057.6125771470993
0.078,8,650.0,350.0,0.0035,2292.2864092672944,103.93021283607358,103.35673023225931,99.16449355853754,4.486230095592392,117.24553159382918,4058.6380343638825
0.08,9,600.0,400.0,0.003,2221.0399837011632,104.8195772581428,104.21594568614155,99.81190775638517,4.520652702501038,141.7001301863592,4058.902263615697
0.08,10,650.0,425.0,0.0025,2648.0979416596033,102.07908270758931,101.33633774740947,95.88092141432962,4.479743197399055,23.661992685259357,4058.9967567453605
0.078,9,600.0,400.0,0.003,2280.82031629423,104.05005802892285,103.47378383703429,99.26360247691801,4.406671428425701,120.91886609849347,4059.449597674798
0.078,8,600.0,375.0,0.002,2287.570233002875,104.19493033500876,103.61831925146252,99.33905621362406,4.446079239242606,123.11297642364073,4060.738479110366
0.082,8,600.0,400.0,0.003,2216.1156147113293,105.17492820758588,104.55032731480557,100.00047411395155,4.634683323092759,148.83237968911305,4064.635740544438
0.078,9,650.0,400.0,0.0035,2539.8599718499045,102.41980455470423,101.78177890784545,97.13381483020233,4.406830318235411,52.10523087888287,4064.8515943675866
0.078,10,600.0,400.0,0.003,2238.619312117644,104.44396100226098,103.86133123982532,99.60389796092872,4.406671428425701,133.9704792533579,4066.7885884783836
0.078,10,650.0,400.0,0.002,2630.2851086028077,102.13438421347948,101.43239075199746,96.22802566569126,4.406353410372188,30.341959130014878,4067.16983779296
0.08,9,650.0,425.0,0.0035,2607.3203545903825,102.1573084204215,101.46229275136963,96.4160183446936,4.480089704331891,34.73634920216082,4067.8559851472687
0.08,8,600.0,375.0,0.002,2231.5668725759297,104.96932907473371,104.36527513007795,99.88948278818022,4.56109085561196,144.13882950054384,4068.275561238069
0.082,9,650.0,425.0,0.002,2689.8409678429953,102.06138378343516,101.27429646171606,95.47143527672789,4.592552819299112,16.60404566398707,4068.938792680828
0.078,9,600.0,375.0,0.002,2246.13365167613,104.58755089364344,104.00460699815596,99.67803185129468,4.446079239242606,136.22535640477003,4071.1262070551843
0.082,9,650.0,350.0,0.003,2222.7261106662627,105.69013873456838,105.03651180839748,100.24418523750386,4.7182583341908835,157.76890949162578,4079.9759764473006
0.078,8,600.0,400.0,0.003,2341.9931780725306,103.65941470733591,103.08942890187586,98.92600877477581,4.406671428425701,108.63261439299947,4082.0431408328695
0.085,8,600.0,400.0,0.0025,2254.3861082604244,106.04245713434045,105.35400328106509,100.31603121952105,4.805648188688405,159.59197184849148,4082.6273190795246
0.078,11,650.0,425.0,0.003,2624.8379216334974,102.05771255114757,101.35800688875311,96.23866436348385,4.366972985031881,30.93578025665046,4082.774794699308
0.082,10,600.0,400.0,0.0025,2233.7099402876656,105.7484768665963,105.08913903477267,100.25180171902537,4.6345160183722145,157.83476132876586,4084.6509183564176
0.085,9,600.0,425.0,0.0035,2241.802574595276,105.92035655020005,105.23513996443748,100.29519421954029,4.762671089171988,159.66985142003088,4086.468582074666
0.078,8,650.0,375.0,0.002,2606.6500654910164,102.30000002915038,101.6436906190098,96.76951231947157,4.446079239242606,42.46315850696078,4086.703946601574
0.078,10,650.0,350.0,0.0035,2210.6204776797567,104.78249874245834,104.19526275405133,99.90075333835874,4.486230095592392,145.90504465513362,4090.8115159038903
0.082,11,600.0,425.0,0.0035,2223.2962973906647,105.63526004631859,104.97888678549143,100.23505739922317,4.593085996270885,158.05170327270457,4091.4306454755338
0.08,9,650.0,350.0,0.0035,2205.4961700552626,105.13233678910765,104.52440174355858,100.08553117654793,4.602291722959917,152.9838819990312,4096.674749572716
0.078,11,600.0,400.0,0.003,2215.331357299933,104.84115547611675,104.25210213653595,99.94692035554128,4.406671428425701,147.80436095669484,4104.263217185812
0.078,9,650.0,400.0,0.003,2605.513179688469,102.18972076116329,101.53332596130649,96.72341909942125,4.406671428425701,41.81633575308821,4104.998639855289
0.078,8,600.0,425.0,0.003,2515.045127241246,102.679559071069,102.07938865145384,97.70154012277169,4.366972985031881,68.20397690493697,4108.527382903699
0.078,10,600.0,375.0,0.002,2223.875124308341,104.98344861345579,104.39410426638203,100.01972123984837,4.446079239242606,150.11489368384184,4111.8507996814305
0.082,8,650.0,350.0,0.0035,2210.3727159699456,105.46043063066884,104.83187730411848,100.24978238647869,4.718404711287927,159.3422005828255,4111.925436961381
0.078,8,600.0,425.0,0.0035,2459.6560145090198,102.9251711215625,102.34477444369399,98.142007205283,4.367141773238314,82.20003850751345,4115.905846739374
0.08,10,600.0,400.0,0.003,2211.296782449735,105.22439717598259,104.61403821935326,100.16010534529927,4.520652702501038,156.13124516043484,4118.1050390295095
0.08,8,550.0,425.0,0.002,2247.214626685857,104.83926303928077,104.25082910875317,99.91033656775161,4.479569813949191,145.85235875945267,4118.49314817106
0.078,8,550.0,425.0,0.002,2316.0507075099454,104.06774071022329,103.50621353708848,99.35801276475472,4.366635155331089,124.60166984964971,4123.095810315802
0.078,8,600.0,425.0,0.0025,2579.0164128355914,102.4295940162938,101.80909139042794,97.25031081052532,4.366804112410194,55.21221592500919,4124.033929991148
0.078,9,550.0,425.0,0.002,2270.5200671035655,104.4272028526043,103.85992700728511,99.66880359454129,4.366635155331089,136.67133329537796,4124.6136762068545
0.08,9,600.0,375.0,0.002,2222.8648813313057,105.37279788365603,104.76204103981686,100.23629483650232,4.56109085561196,158.6292065984615,4130.860658754465
0.08,8,650.0,400.0,0.002,2695.720682126399,101.99048829699991,101.27328228674916,95.96599737680668,4.520326351385884,25.351015674264865,4132.945017254601
0.08,8,600.0,400.0,0.0035,2235.029845390828,104.65879815063059,104.08120593862952,99.89818476139882,4.520815755717722,146.63344295130764,4139.797900547812
0.082,9,600.0,400.0,0.003,2219.6308826499326,105.58708002635548,104.95544641909359,100.35355023971245,4.634683323092759,163.81890552752816,4144.822724036832
0.08,9,650.0,425.0,0.003,2688.3775881306356,101.90768772568005,101.19293426513616,95.9733541173519,4.479916494178848,25.84613568829568,4147.466696153084
0.082,8,650.0,425.0,0.0025,2724.549379880231,101.89493242365845,101.13726418447031,95.5827470583831,4.592730633826614,18.750455930123714,4148.849395835152
0.078,9,600.0,400.0,0.0035,2259.0898448603048,104.28426807968992,103.7269322323267,99.68472274342093,4.406830318235411,138.51465425966512,4151.414164476148
0.078,10,550.0,425.0,0.002,2241.24900571198,104.78954997870171,104.21646691772233,99.9819916028233,4.366635155331089,149.39912606939237,4151.776200398588
0.078,8,600.0,400.0,0.0035,2312.0942420726233,103.89274326536648,103.34163461155467,99.34568810701619,4.406830318235411,125.28191384939035,4153.639099500786
0.078,8,600.0,375.0,0.0025,2268.2721603140776,104.42374851107554,103.86613439475168,99.7575091426742,4.446228375927586,140.7821189363785,4157.854012643875
0.078,11,650.0,350.0,0.0035,2203.0128388094067,105.21419374643143,104.61996524270671,100.2734741255833,4.486230095592392,161.60848736272962,4159.925418004129
0.082,8,600.0,375.0,0.002,2234.1472197276844,105.74176552067625,105.10961867562101,100.43324669145656,4.6761528103238525,166.50897838373015,4162.715377240826
0.078,8,600.0,425.0,0.002,2652.077277786509,102.17519854478456,101.53379198795264,96.7880707840666,4.366635155331089,43.319786131602555,4164.080929338815
0.08,11,650.0,350.0,0.003,2230.716072269471,105.8026647700337,105.16290177143192,100.46382894456247,4.602148995577027,167.9486222189334,4165.054478796359
0.085,10,650.0,375.0,0.0035,2314.4957448298246,106.45800878801282,105.73886355904419,100.51699293018521,4.849328365874239,167.69072110668583,4165.286286515609
0.078,9,650.0,400.0,0.0025,2679.048460930174,101.95552649656187,101.2802363943043,96.30288393593784,4.4065124591511795,32.44222354230867,4166.117018178306
0.08,9,550.0,425.0,0.002,2231.204513127429,105.20865048812142,104.61413186262357,100.22831819984448,4.479569813949191,159.19109148308567,4167.37965895682
0.08,10,650.0,425.0,0.002,2738.778705920571,101.819475327399,101.05578721556854,95.41469057249921,4.479569813949191,16.087311601211294,4167.4820368962755
0.078,11,650.0,425.0,0.0025,2708.2476654715115,101.80918965045306,101.08955771052317,95.79410764458902,4.366804112410194,22.544203256513022,4170.684699562782
0.085,11,650.0,375.0,0.003,2373.246955413318,106.68358056495458,105.93663719690178,100.48323346344853,4.849165693425883,164.6949767196388,4171.490946481942
0.078,10,650.0,425.0,0.0035,2670.6205741295526,101.88204522385224,101.20893811081172,96.31324780983083,4.367141773238314,33.033989043929346,4178.306007824697
0.085,10,600.0,400.0,0.002,2342.102132735313,106.63028588270654,105.90437552783551,100.5566679063509,4.805474533849852,168.2886531899881,4178.854821655919
0.078,10,600.0,400.0,0.0035,2225.1826192681415,104.67905932749589,104.11542958682165,100.02647021881592,4.406830318235411,152.52636460539568,4179.4277413564705
0.085,11,600.0,425.0,0.003,2329.446342364908,106.50622237760469,105.78366199377649,100.53798014889514,4.762486803580357,168.50916295105483,4182.671203071704
0.078,11,600.0,375.0,0.002,2220.7227271853308,105.38265550553184,104.78684223954512,100.3641496116672,4.446079239242606,164.7986858174062,4183.105554712363
0.08,10,650.0,350.0,0.0035,2211.9601409464985,105.57220486300659,104.9569496639912,100.46378301873052,4.602291722959917,169.29134892148954,4188.102442596595
0.078,9,600.0,375.0,0.0025,2234.9513325286653,104.81723353960845,104.25334841646529,100.09792141611942,4.446228375927586,154.84694888699042,4188.607710647001
0.08,9,600.0,400.0,0.0035,2213.9975591705233,105.06111821573113,104.47693503213334,100.24506484403513,4.520815755717722,161.255455535066,4188.983436005499
0.085,9,650.0,350.0,0.0025,2326.4202976123042,106.60822847104876,105.89170416634033,100.62226655695908,4.892366678625049,171.75777402266283,4196.26773599293
0.085,8,650.0,350.0,0.003,2280.3261295091347,106.37583555914755,105.68627991419218,100.64298300998175,4.892518613698904,174.19423211708238,4198.749669684688
0.082,8,550.0,425.0,0.002,2236.243765831789,105.60885505865166,104.99287114000776,100.45606631341599,4.592552819299112,168.46427348644556,4200.174047312567
0.085,10,650.0,350.0,0.002,2385.357892755871,106.83873066221282,106.0944583666856,100.59136737010402,4.892214667564643,168.82505717641158,4203.290884479639
0.08,8,600.0,375.0,0.0025,2226.797128823657,105.20532231001943,104.62078039812327,100.31992053747223,4.5612439008740235,163.76833151029336,4203.346143460004
0.082,11,650.0,350.0,0.0025,2298.4949297379558,106.37205997489896,105.6846758820935,100.61614831144239,4.718111883886955,172.5689196790397,4203.954723823753
0.078,11,550.0,425.0,0.002,2228.1818058793174,105.1548090303469,104.57585952586399,100.29759812169706,4.366635155331089,162.7989338805137,4204.742216741878
0.082,11,600.0,400.0,0.0025,2269.488852754861,106.16685508332277,105.50025731668488,100.60916818258647,4.6345160183722145,173.44408972850337,4207.803279486244
0.08,11,600.0,400.0,0.003,2221.434479718654,105.6326786223613,105.01551875151418,100.51115557182324,4.520652702501038,171.3894759191871,4209.112274607559
0.082,10,650.0,350.0,0.003,2258.5117676742525,106.1409777204743,105.47954920022093,100.62945625057871,4.7182583341908835,174.6255618610494,4209.914257300207
0.082,8,600.0,400.0,0.0035,2215.3434838146004,105.42288225379926,104.81817211292712,100.44411643693614,4.63485054418189,169.35390190187482,4211.679131382266
0.078,8,650.0,400.0,0.0035,2665.9547036560725,102.00328900314732,101.37225491535499,96.77601239317043,4.406830318235411,43.71387498734178,4216.6790912289225
0.085,9,600.0,400.0,0.0025,2300.9166966184366,106.46969639991505,105.77354866041894,100.67879999985216,4.805648188688405,175.51740513269826,4221.027465575172
0.085,10,600.0,425.0,0.0035,2288.0691526427236,106.34927115728628,105.65633991513303,100.65972803573935,4.762671089171988,175.68167150768525,4224.016941482876
0.082,9,650.0,350.0,0.0035,2230.3989120473793,105.90814309621847,105.2719407400642,100.63323651720096,4.718404711287927,176.20346992629513,4224.582481930958
0.08,10,600.0,375.0,0.002,2234.371464552416,105.77971275101427,105.16217988318886,100.58594540170789,4.56109085561196,173.9411682894169,4225.508625204661
0.078,8,550.0,425.0,0.0025,2292.784345498496,104.32677930238641,103.7868027387361,99.83246721006351,4.366804112410194,144.84616044441043,4233.4663969976245
0.078,11,600.0,400.0,0.0035,2210.314635743337,105.07714892016413,104.50715776839616,100.37095576213981,4.406830318235411,167.3341645920778,4237.886683833253
0.08,10,550.0,425.0,0.002,2232.309098636476,105.58107186764116,104.98040524707906,100.54880765256821,4.479569813949191,173.22597370202595,4243.357422557267
0.08,8,650.0,425.0,0.0035,2741.0834162825304,101.73352545201551,101.04597738456876,96.05466625346052,4.480089704331891,27.90069513570078,4249.052668926647
0.078,9,650.0,400.0,0.002,2760.9215383725013,101.71714741662888,101.02242305779824,95.87196897937984,4.406353410372188,24.0672513711782,4249.685365186216
0.078,10,600.0,375.0,0.0025,2220.9328817713476,105.21400239571257,104.64377911595925,100.44105848846863,4.446228375927586,169.70261138131977,4250.003640320713
0.08,9,650.0,425.0,0.0025,2778.7360931711314,101.653654802896,100.91860484461363,95.51991270948035,4.479743197399055,18.099676188534406,4252.34327176155
0.078,9,550.0,425.0,0.0025,2255.6664133290597,104.68713853095973,104.14147758581376,100.14475121815039,4.366804112410194,157.90698906443248,4256.134064596187
0.082,10,600.0,400.0,0.003,2244.1805861732587,106.00283063524145,105.36408597091659,100.7095779235775,4.634683323092759,179.6590312525605,4258.386952288335
0.078,10,650.0,425.0,0.003,2754.031630710951,101.63885372812733,100.94643844324312,95.88091561701486,4.366972985031881,24.56725478628958,4264.0656651293875
0.085,8,600.0,400.0,0.003,2269.734757199227,106.30611301480552,105.63889122205042,100.78898143312206,4.805821756721196,182.27686087310082,4269.864422094759
0.08,10,600.0,400.0,0.0035,2213.083347845593,105.46687286700585,104.87602660648542,100.59478255269542,4.520815755717722,176.70106251853724,4270.122946850659
0.08,8,550.0,425.0,0.0025,2240.3388548256653,105.10641999470778,104.54012201543476,100.39839122835936,4.479743197399055,168.3368630842104,4271.962061960302
0.078,8,600.0,375.0,0.003,2255.5713473490596,104.64851769758873,104.10937086123995,100.16576982790941,4.446377438062865,159.14818343346437,4271.996662232084
0.078,8,650.0,400.0,0.003,2739.9366136439985,101.77414322343533,101.12480414330447,96.36713756844587,4.406671428425701,34.37292537511364,4277.407311997262
0.082,8,650.0,425.0,0.002,2823.323921538604,101.62982234945648,100.85084196907091,95.10765530874643,4.592552819299112,11.982266450634171,4277.457479488844
0.082,9,600.0,375.0,0.002,2260.0237705072627,106.15609451691013,105.51686291603258,100.7878218188973,4.6761528103238525,182.40653508215934,4280.0016802283435
0.078,11,650.0,425.0,0.002,2801.0295250573067,101.55626177896832,100.81614063510469,95.3387034876307,4.366635155331089,15.323008084776081,4284.218446095384
0.08,9,600.0,375.0,0.0025,2226.7338971008608,105.60970074509214,105.0185203880379,100.66823653367607,4.5612439008740235,179.26507551398709,4287.538744995843
0.082,9,550.0,425.0,0.002,2251.4252195242934,105.98817859077269,105.36576326061954,100.7811719520243,4.592552819299112,183.09921253278614,4298.707918619537
0.078,10,550.0,425.0,0.0025,2234.9290840694052,105.0503893726088,104.4989859943892,100.4594434482769,4.366804112410194,171.63935713124494,4304.744680801312
0.082,9,600.0,400.0,0.0035,2228.09603051864,105.83600852805371,105.2243320787481,100.79876922007672,4.63485054418189,185.3950105643089,4314.749774517605
0.08,11,650.0,350.0,0.0035,2241.711975592882,106.01597849652984,105.39331930917494,100.8452465495801,4.602291722959917,186.5741036784525,4316.95183089113
0.078,9,600.0,375.0,0.003,2230.254218228246,105.0428518502183,104.49749400238613,100.50758376356374,4.446377438062865,174.14929649720273,4322.804481645517
0.082,8,600.0,375.0,0.0025,2244.7143104304837,105.98498993787136,105.37286912591264,100.87569543979555,4.676309768391018,188.16024927334354,4337.458473034318
0.078,11,600.0,375.0,0.0025,2226.1458031609,105.61408715096734,105.03745774165944,100.78694569133941,4.446228375927586,185.36641754926669,4342.2388939567645
0.08,9,550.0,425.0,0.0025,2233.2834133853407,105.47675137456638,104.9044357510094,100.71793603819266,4.479743197399055,182.722949106604,4343.288123870852
0.08,11,550.0,425.0,0.002,2250.432859117064,105.95655616428523,105.3496774922991,100.87182773140424,4.479569813949191,187.97192519255884,4346.562317260754
0.08,8,650.0,425.0,0.003,2831.260137550047,101.48494303824369,100.77772709947358,95.613671505345,4.479916494178848,20.033418382622493,4351.042920001811
0.08,11,600.0,375.0,0.002,2265.971324564533,106.19010811235908,105.56572518127277,100.9384614520474,4.56109085561196,190.09307794560956,4352.390109425476
0.08,8,600.0,375.0,0.003,2228.7219373457588,105.43714905894201,104.87157608870885,100.73990566579387,4.561396869632572,184.11275065152117,4355.779575949608
0.078,8,650.0,400.0,0.0025,2821.911658604264,101.54090378588822,100.87273550075057,95.94816086714322,4.4065124591511795,25.962318051142404,4359.410972336438
0.085,11,650.0,375.0,0.0035,2398.9264507122357,106.92734843903318,106.19962968345803,100.91474531200866,4.849328365874239,185.61693122949265,4359.67572932122
0.078,8,600.0,350.0,0.002,2244.7202781318147,105.21955303647147,104.67642912467026,100.63956410538626,4.48581264194563,179.54519943010703,4360.516169204054
0.085,11,600.0,400.0,0.002,2422.7722150778845,107.06417167490291,106.3303141982182,100.92393262255233,4.805474533849852,184.83345454416252,4362.406704315392
0.078,8,550.0,425.0,0.003,2277.9401374842328,104.58130652633668,104.06229346046969,100.29561957006048,4.366972985031881,166.06208883545094,4366.211648918899
0.078,9,650.0,425.0,0.0035,2811.621995682664,101.4657952972915,100.7998312517086,95.9568375873028,4.367141773238314,26.46178647835594,4369.944680481502
0.078,10,650.0,425.0,0.0025,2846.4219809139495,101.39135208430912,100.6790808232025,95.43802038279546,4.366804112410194,17.19194491528517,4374.107432900106
0.085,8,650.0,350.0,0.0035,2300.13080165819,106.60264564918644,105.93110980770484,101.04626308364526,4.892670472824201,194.2582193188548,4374.472752995002
0.082,10,650.0,350.0,0.0035,2275.089023696761,106.3599140756215,105.71597342238583,101.0200120580137,4.718404711287927,194.07012437934424,4376.516325793977
0.082,11,650.0,350.0,0.003,2318.645415285992,106.59591062081695,105.92658950650677,101.01806969915559,4.7182583341908835,192.49543994698885,4378.972706894995
0.078,11,550.0,425.0,0.0025,2230.517377145988,105.41655882658135,104.8593542836995,100.77656532739918,4.366804112410194,186.05734928090743,4379.460490361291
0.085,9,650.0,350.0,0.003,2349.9643634605814,106.84013667465122,106.14222428396519,101.03726683623664,4.892518613698904,192.29638393150105,4380.51820509061
0.08,11,600.0,400.0,0.0035,2232.18690875587,105.87609643067941,105.27851408416123,100.94736485243875,4.520815755717722,192.98865278583725,4383.401605693303
0.08,9,650.0,425.0,0.002,2878.922316367407,101.39513171001616,100.63921337098233,95.05544781149979,4.479569813949191,11.595479109257841,4384.202001749936
0.085,10,600.0,400.0,0.0025,2369.9735927638453,106.9007900376332,106.19686032248327,101.04469787145564,4.805648188688405,192.3475746001577,4395.15145770763
0.085,10,650.0,350.0,0.0025,2412.6719248600625,107.07585757732905,106.35080715394508,101.01842880532351,4.892366678625049,189.8181829294292,4395.8880645036725
0.085,11,600.0,425.0,0.0035,2356.405288421643,106.78205984785399,106.08132541973563,101.02740933823918,4.762671089171988,192.60695813870208,4396.944971645397
0.082,8,550.0,425.0,0.0025,2246.6733121794173,105.8841937934355,105.29093003924292,100.95775174803094,4.592730633826614,193.25938515101546,4398.69582010936
0.078,8,600.0,375.0,0.0035,2249.062588489801,104.86931100806089,104.34811460003611,100.56408025816827,4.446526425685726,178.13665424161653,4401.854821175475
0.08,10,600.0,375.0,0.0025,2247.014046798187,106.01753242956963,105.419641024301,101.01940288173445,4.5612439008740235,195.59811323037246,4404.124128977541
0.078,10,600.0,375.0,0.003,2224.3618577282773,105.44047637075549,104.88884083682078,100.85213326567242,4.446377438062865,189.95465946621192,4404.554693608911
0.082,11,600.0,400.0,0.003,2289.618291979682,106.422216810788,105.77628174569372,101.068585810574,4.634683323092759,196.37221168111805,4405.4856656339425
0.078,9,550.0,425.0,0.003,2249.1278819649424,104.94254716748837,104.4179121731177,100.60936121099519,4.366972985031881,180.0989028873695,4409.734042013604
0.078,8,550.0,400.0,0.002,2262.3948311302333,105.09112151622874,104.56318852801658,100.65876380554562,4.406353410372188,181.3646840069873,4412.924935297793
0.085,11,650.0,350.0,0.002,2487.495947348291,107.30969917305228,106.55672665191219,100.98937491399741,4.892214667564643,186.81415123048407,4419.719940422787
0.082,10,550.0,425.0,0.002,2284.612263808095,106.37068850966718,105.74177346032029,101.10889768175387,4.592552819299112,198.46926358364107,4425.834212243968
0.082,10,600.0,375.0,0.002,2307.1825785851925,106.57404242364382,105.92764716866972,101.14536202838082,4.6761528103238525,199.17117429743615,4431.14166507073
0.085,9,600.0,400.0,0.003,2326.4864683799547,106.73441796082517,106.05957474138238,101.15347233499756,4.805821756721196,199.35942762919547,4433.494044548043
0.08,10,550.0,425.0,0.0025,2243.4739217725664,105.85012383733611,105.27172779348507,101.04000050135599,4.479743197399055,197.81961242877315,4442.027769384559
0.078,9,600.0,350.0,0.002,2240.7236964163862,105.61599797942789,105.06662711442073,100.98296802093593,4.48581264194563,195.53217174413967,4448.017975736377
0.08,8,550.0,425.0,0.003,2242.0585254093353,105.36893669170107,104.82417305182514,100.87486162745974,4.479916494178848,191.82456378417726,4448.384668628588
0.082,10,600.0,400.0,0.0035,2262.0299989189693,106.25274146617244,105.63402091371938,101.15638622254698,4.63485054418189,202.30542343880865,4451.553947004998
0.08,9,600.0,375.0,0.003,2237.1795084157116,105.84242101006356,105.27027216156539,101.08968911195653,4.561396869632572,200.59900819047044,4461.252980606652
0.078,8,650.0,400.0,0.002,2912.3355694225997,101.30349665011133,100.61596219059483,95.5188428154637,4.406353410372188,18.56633370418231,4464.167937445059
0.085,8,600.0,375.0,0.002,2347.386776989313,106.89660460237835,106.22110152054162,101.23634975771755,4.848840104418728,202.43866948687548,4464.9789351654
0.078,9,600.0,375.0,0.0035,2231.6374688077494,105.26447921591576,104.737130026666,100.90726170968478,4.446526425685726,194.05788562282268,4472.405413968222
0.078,9,650.0,425.0,0.003,2903.7574133473204,101.22359920586456,100.53839469282426,95.52611441004522,4.366972985031881,18.98052501471788,4477.182816697718
0.082,9,600.0,375.0,0.0025,2279.772159947767,106.40027481703534,105.78113636939906,101.23184287745417,4.676309768391018,205.11947352053488,4477.634029717534
0.085,8,600.0,400.0,0.0035,2292.907228155803,106.56518019478004,105.91860559020586,101.25065365839421,4.805995237991678,205.85626866997427,4477.892711910298
0.08,8,650.0,425.0,0.0025,2930.8522276353997,101.23196680889546,100.50452638225849,95.16194019231669,4.479743197399055,13.325414090362475,4478.606630618488
0.078,10,550.0,425.0,0.003,2236.81548157658,105.30668592709195,104.77637143013744,100.92552184238222,4.366972985031881,194.82043309341915,4479.492931178747
0.085,8,550.0,425.0,0.002,2327.8043803605833,106.75948920407077,106.10097599924454,101.26224569440542,4.7621179558535065,204.7889842097934,4482.145865214514
0.078,9,550.0,400.0,0.002,2251.055500359715,105.4540850868704,104.920482536492,100.97361469473597,4.406353410372188,196.07165799547417,4484.99553004657
0.078,10,650.0,425.0,0.002,2948.2972996452127,101.1394636478254,100.40677557521681,94.98431825139191,4.366635155331089,11.002402277390013,4510.077669139876
0.08,8,600.0,350.0,0.002,2258.050438192222,106.02504093841516,105.45511139904791,101.2254425879785,4.601863326630906,206.5497482886908,4513.610646887304
0.078,8,600.0,350.0,0.0025,2248.8650412803822,105.4351764993096,104.91004595317892,101.03515961618153,4.48595186274261,199.58077017613772,4516.384817619633
0.078,11,600.0,375.0,0.003,2237.8241506215654,105.84142339061952,105.28344267719051,101.1994437629606,4.446377438062865,206.58179276837635,4517.448100493809
0.078,8,550.0,425.0,0.0035,2271.008720987528,104.83140121441099,104.33277812963539,100.74772492701021,4.367141773238314,188.15351388902943,4519.664484787827
0.082,9,550.0,425.0,0.0025,2271.3716348927624,106.26450924244394,105.66488390585809,101.28449165966073,4.592730633826614,208.99931555471903,4521.000822285703
0.08,8,600.0,375.0,0.0035,2236.9189817665897,105.66488415128188,105.11775010446668,101.14968437553522,4.561549761925887,205.09398502442778,4524.205076377865
0.082,8,600.0,375.0,0.003,2262.072592283135,106.22392992045275,105.63127871102964,101.30743212161323,4.676466647998723,210.54514474427344,4529.906105193019
0.08,9,550.0,425.0,0.003,2243.845365207166,105.74019555556418,105.18947940707048,101.1959325416642,4.479916494178848,207.24223557301687,4541.842083902859
0.08,11,600.0,375.0,0.0025,2287.5233385965107,106.4288518658198,105.82417589973099,101.37344665856328,4.5612439008740235,212.78604240034963,4553.277165373937
0.08,8,550.0,400.0,0.002,2262.225088177644,105.89367560869307,105.33948019416877,101.24656955536922,4.520326351385884,208.62654330808334,4553.400385683168
0.078,10,600.0,350.0,0.002,2256.3808793345424,106.01575184979166,105.4600669683557,101.32912108786326,4.48581264194563,212.33742046768947,4566.919745151104
0.082,11,650.0,350.0,0.0035,2344.2763344072996,106.81578682556835,106.16401741606555,101.41014259459821,4.718404711287927,212.96593767460217,4567.932337597586
0.08,11,550.0,425.0,0.0025,2270.815714423989,106.22656643289172,105.64202644120921,101.36460752723255,4.479743197399055,213.6419911962726,4568.320677098235
0.078,10,600.0,375.0,0.0035,2233.757594817012,105.66294420833812,105.12937602410355,101.25318922153059,4.446526425685726,210.79652822235943,4574.193395719222
0.078,11,550.0,425.0,0.003,2240.9486675209523,105.67374986125077,105.13769761183953,101.24412298408662,4.366972985031881,210.24095929620074,4575.653898673774
0.085,9,650.0,350.0,0.0035,2379.334094300742,107.06793985850676,106.38811374721017,101.4421377147351,4.892670472824201,213.43421252178786,4579.7598140683685
0.082,11,550.0,425.0,0.002,2335.667098160172,106.75641594139633,106.12093203161427,101.43926783593828,4.592552819299112,214.59042325724522,4581.6641778002995
0.078,10,550.0,400.0,0.002,2256.378368963418,105.81996161229027,105.2806314734795,101.29089403501698,4.406353410372188,211.47232286608914,4583.620438134901
0.078,9,550.0,425.0,0.0035,2250.394960631144,105.193507868196,104.68932351354033,101.06288945405367,4.367141773238314,203.15102595565216,4583.745238341258
0.078,8,550.0,400.0,0.0025,2265.7909939804513,105.33727403616521,104.82992448172331,101.11107102337891,4.4065124591511795,204.4767791762613,4591.383872611772
0.078,8,650.0,425.0,0.0035,2973.3362074274937,101.05312116639793,100.39422212801063,95.60335928336181,4.367141773238314,20.66803235572582,4593.503495993239
0.08,10,600.0,375.0,0.003,2266.1131945887128,106.25115326602885,105.67235644230841,101.44233444560129,4.561396869632572,217.93599432951623,4599.443518016895
0.085,10,650.0,350.0,0.003,2446.0843079840092,107.3087856452842,106.60241626302329,101.43507370857101,4.892518613698904,211.46718006124433,4604.431755688517
0.085,11,600.0,400.0,0.0025,2461.3362513220823,107.33577872657898,106.62397778766447,101.41375614259177,4.805648188688405,210.10368226381524,4605.112227598623
0.078,9,650.0,425.0,0.0025,3004.983126217009,100.9771106758544,100.27211991551935,95.08486749401311,4.366804112410194,12.605943003153802,4609.003882907885
0.082,11,600.0,375.0,0.002,2375.4623345138334,106.99564621303519,106.34200739794008,101.50589608751551,4.6761528103238525,216.8225768621199,4616.281663809234
0.082,8,550.0,425.0,0.003,2265.8733772390624,106.15476299064754,105.58360337851727,101.44757210442742,4.592908359469039,219.0906513191846,4620.764446277792
0.082,11,600.0,400.0,0.0035,2317.0001217444565,106.67311792074854,106.04727447455562,101.5169962091016,4.63485054418189,220.1048505822211,4622.253517583805
0.078,9,600.0,350.0,0.0025,2252.683116393036,105.8324359846544,105.30111706789822,101.37992164783797,4.48595186274261,216.49099595989153,4623.565159929183
0.085,10,600.0,400.0,0.003,2405.9317376324275,107.16658620660331,106.48403408721978,101.52110662834382,4.805821756721196,217.36443470276606,4633.251246800274
0.08,8,650.0,425.0,0.002,3040.3857178052317,100.97451914687899,100.22628448931766,94.69922692861482,4.479569813949191,7.875019807575095,4633.457803607896
0.085,11,650.0,350.0,0.0025,2524.9890030801566,107.54787348265987,106.81419470841433,101.41813662925665,4.892366678625049,208.955204647024,4637.405628827615
0.08,8,550.0,425.0,0.0035,2251.8418795946113,105.62689368954848,105.10307659192958,101.34000665553259,4.480089704331891,216.2148170852556,4646.016449754541
0.08,9,600.0,375.0,0.0035,2253.77971463458,106.07103379748038,105.5173845984903,101.50089962996566,4.561549761925887,222.5528885619799,4650.632855292824
0.082,10,600.0,375.0,0.0025,2336.2581409323748,106.81918634785434,106.19295192082764,101.59096804993341,4.676309768391018,222.96156823741433,4652.018966701191
0.08,9,600.0,350.0,0.002,2289.2272439720696,106.43253001126591,105.85598529904874,101.5768844271971,4.601863326630906,224.0735096107373,4658.047278365701
0.085,9,550.0,425.0,0.002,2392.919078691753,107.1537332857599,106.48824845662743,101.59790894123955,4.7621179558535065,221.4154844056897,4659.392319358667
0.08,10,550.0,425.0,0.003,2263.007507171193,106.11450252130851,105.55777159693142,101.51953464836926,4.479916494178848,223.38466489598392,4663.0303561674955
0.085,9,600.0,400.0,0.0035,2359.7492989802913,106.99453221634343,106.3404065334953,101.61682565475496,4.805995237991678,224.07798732459256,4666.396657210307
0.085,9,600.0,375.0,0.002,2428.60318890488,107.32724209775886,106.64405931308902,101.60242855142839,4.848840104418728,220.49773472456735,4668.97837382847
0.082,10,550.0,425.0,0.0025,2314.217596880377,106.64801877895357,106.04196410950934,101.61386431543669,4.592730633826614,225.48984811496598,4672.245837254432
0.078,10,550.0,425.0,0.0035,2246.398545793566,105.55851902410556,105.04871628893497,101.38048347119259,4.367141773238314,218.84619792667823,4674.351310782698
0.08,9,550.0,400.0,0.002,2282.6314665008676,106.26674375548116,105.70654450395728,101.56879608135183,4.520326351385884,224.74843562180146,4677.172710880113
0.078,9,550.0,400.0,0.0025,2262.6205948913025,105.70108998494561,105.18813231817755,101.42734534265767,4.4065124591511795,220.15259696073446,4684.062439481831
0.078,8,600.0,350.0,0.003,2258.445962623001,105.64695431173728,105.13931066842295,101.42101353553298,4.486091013946614,220.12714947237208,4685.787849071448
0.082,9,600.0,375.0,0.003,2306.1877627791264,106.64015379226932,106.04055010223885,101.66511383142071,4.676466647998723,228.5484963680318,4692.629194510833
0.085,8,600.0,375.0,0.0025,2382.4748912622595,107.15077932437012,106.49607089589733,101.69685860879508,4.849002939620917,227.23421890626628,4702.415941222082
0.078,11,600.0,375.0,0.0035,2255.353712163341,106.06473817595221,105.52488396843833,101.60188831747412,4.446526425685726,228.37030753948915,4707.423195437205
0.078,11,550.0,400.0,0.002,2278.296833350982,106.18877827909174,105.64366184498343,101.6106234233203,4.406353410372188,227.5810965096752,4708.955382885065
0.08,8,600.0,350.0,0.0025,2277.2305551810646,106.24747425335123,105.6960321492746,101.63248086068512,4.602006196812591,228.63184555550046,4709.073310443064
0.078,11,600.0,350.0,0.002,2291.608668714883,106.4188469508077,105.85678016635593,101.67804885297545,4.48581264194563,229.97869081190203,4717.413022086378
0.078,8,650.0,425.0,0.003,3074.05399614393,100.81191256356985,100.13384021206359,95.17423240255349,4.366972985031881,14.157225674294171,4721.877672101766
0.082,8,600.0,375.0,0.0035,2285.7821478474148,106.45866199978208,105.88493726648358,101.72870703441775,4.676623449186268,233.58186940956347,4738.626587847052
0.085,8,550.0,425.0,0.0025,2365.9069379205484,107.04721760908993,106.41229834181858,101.78442840920546,4.762302425822895,233.17843379980195,4751.87260205885
0.082,8,600.0,350.0,0.002,2333.8135190335265,106.82875686614679,106.23135234002034,101.8046456042619,4.717965360339571,235.0705087678586,4760.355213587035
0.08,9,550.0,425.0,0.0035,2262.358367467742,105.99906387568419,105.46935753488367,101.66256742539649,4.480089704331891,232.64817468891817,4761.295360670188
0.078,10,600.0,350.0,0.0025,2276.2740599080184,106.23301067851858,105.69543679216588,101.72744327495148,4.48595186274261,234.23268362648767,4762.438901886144
0.082,9,550.0,425.0,0.003,2299.9707359882595,106.53605312061664,105.95859976236677,101.77590767356934,4.592908359469039,235.91922328260821,4766.519200328825
0.078,9,650.0,425.0,0.002,3115.8045123344614,100.72625337748696,100.00091760821189,94.63285388689066,4.366635155331089,7.432240265608549,4767.052388642589
0.08,11,600.0,375.0,0.003,2315.4097828044064,106.66338039527704,106.07786259458999,101.7978688499679,4.561396869632572,236.14253653557694,4770.530186989963
0.08,8,550.0,400.0,0.0025,2282.732380865219,106.14759804906619,105.61455223893968,101.71197087665553,4.52048956773734,234.09552981261572,4777.192743151257
0.082,8,550.0,400.0,0.002,2323.7464123825735,106.69448888783538,106.11336878025861,101.82777036914304,4.634348629978358,237.42357616197518,4786.900623366681
0.078,8,550.0,400.0,0.003,2276.3201455367675,105.57910518081812,105.0917728214295,101.55248236321098,4.406671428425701,228.34977461559942,4788.310096949135
0.078,11,550.0,425.0,0.0035,2258.965894628482,105.92646179455419,105.41098289652334,101.70052858930559,4.367141773238314,235.25350115841425,4791.651549176283
0.078,10,550.0,400.0,0.0025,2276.2293320756694,106.06782518722888,105.54920185195127,101.74605864061789,4.4065124591511795,236.53514571712986,4803.584409214805
0.08,10,600.0,375.0,0.0035,2291.247240239912,106.48065067097579,105.9204147136974,101.8549880153551,4.561549761925887,240.87668309730344,4810.09659517596
0.08,11,550.0,425.0,0.003,2299.4511166833104,106.491886701594,105.92907798712784,101.84569095871018,4.479916494178848,240.2672042358417,4812.092884298225
0.078,9,600.0,350.0,0.003,2269.965922249712,106.04501376584484,105.53123860293526,101.76710025484928,4.486091013946614,237.94410972137166,4812.330245953593
0.085,10,650.0,350.0,0.0035,2485.1848310792097,107.5375905758803,106.84937453280767,101.8415490862269,4.892670472824201,233.69619241236532,4827.58986685161
0.08,10,550.0,400.0,0.002,2320.5918340046524,106.64287592239947,106.07661006859651,101.89356386018272,4.520326351385884,241.6046916944585,4829.021849985823
0.08,10,600.0,350.0,0.002,2341.131392934602,106.84349931196957,106.26026689732915,101.93120262233457,4.601863326630906,242.4630306224073,4835.698251639773
0.082,11,550.0,425.0,0.0025,2375.074389564371,107.03475359891334,106.42220101772803,101.94589416220225,4.592730633826614,242.74721851402842,4852.54633424983
0.082,11,600.0,375.0,0.0025,2414.0121548412417,107.24176157609236,106.60835182354845,101.9530998435234,4.676309768391018,241.70647075074288,4860.764296078287
0.082,8,550.0,425.0,0.0035,2293.289156657053,106.4206449139227,105.87098744799398,101.92578992627604,4.593085996270885,245.8525882998399,4864.555726829923
0.078,8,600.0,350.0,0.0035,2273.1079150857986,105.85495702399061,105.3643063502042,101.79736276677339,4.486230095592392,241.11993003530569,4867.582757279622
0.085,10,550.0,425.0,0.002,2477.444831112009,107.55139895194647,106.87886619579596,101.93636359830185,4.7621179558535065,238.83724780263512,4867.586940259622
0.085,11,600.0,400.0,0.003,2507.851476594736,107.6026585196634,106.91230887449547,101.891915760326,4.805821756721196,236.31338042568734,4869.254448483493
0.085,11,650.0,350.0,0.003,2568.439732488996,107.78183032487026,107.06690232741892,101.83644034909204,4.892518613698904,231.7325792946886,4870.65336475955
0.08,9,600.0,350.0,0.0025,2316.7299717856026,106.65582060373023,106.09782444366233,101.98534484647081,4.602006196812591,247.13180253747902,4874.400574242536
0.078,8,650.0,425.0,0.0025,3183.970979398527,100.56642908153145,99.86863964472644,94.73462076114359,4.366804112410194,8.768085362642651,4875.130059191039
0.082,10,600.0,375.0,0.003,2371.8747180085525,107.06001191146746,106.45337793503586,102.02578560996346,4.676466647998723,247.45021542865118,4889.911430207716
0.085,10,600.0,400.0,0.0035,2449.4497357308937,107.42775629954727,106.76599266291358,101.98615498767501,4.805995237991678,243.23953926009773,4891.425481125681
0.078,9,550.0,400.0,0.003,2281.20959891305,105.94375849576889,105.45087770035317,101.87014584327113,4.406671428425701,244.97869593307752,4901.293047229126
0.08,10,550.0,425.0,0.0035,2290.3776208623685,106.37428905184281,105.83863169436754,101.98767064012154,4.480089704331891,249.8202227279799,4904.617360079696
0.085,10,600.0,375.0,0.002,2532.7957183098324,107.76176511932262,107.07081451792837,101.97166548801995,4.848840104418728,239.49406492061786,4909.641136293714
0.08,8,600.0,350.0,0.003,2301.8930790488134,106.46594864565616,105.93247438889132,102.02952306840912,4.602148995577027,251.23367427964314,4918.244908765734
0.08,9,550.0,400.0,0.0025,2311.838507200183,106.52156327978172,105.98257774512231,102.03568797882419,4.52048956773734,251.24189952306907,4922.84281701028
0.082,9,600.0,375.0,0.0035,2338.830920456652,106.87580827543471,106.29519429946455,102.08788586332966,4.676623449186268,252.61177626669073,4923.555507080225
0.085,9,600.0,375.0,0.0025,2473.7233843126414,107.58244413428828,106.92012714812272,102.0646141413082,4.849002939620917,246.44043642054018,4931.302513299161
0.078,11,600.0,350.0,0.0025,2319.555609652659,106.63693294110712,106.09303666711135,102.07775013808178,4.48595186274261,252.82378373183386,4933.201245215672
0.082,10,550.0,425.0,0.003,2352.3557526797867,106.9205448958618,106.33673058193924,102.10688832733791,4.592908359469039,253.51362554963578,4941.556176280512
0.078,8,550.0,375.0,0.002,2305.421960594707,106.12445441512313,105.6308575856502,101.97648403596483,4.446079239242606,249.7399213955449,4948.049079838415
0.078,11,550.0,400.0,0.0025,2306.551330773313,106.43750688413262,105.91315964772352,102.06723260455836,4.4065124591511795,253.6390362207748,4950.108823161127
0.085,9,550.0,425.0,0.0025,2441.4200985449456,107.44252770827475,106.80071084134542,102.12183453964502,4.762302425822895,250.99903898971604,4954.965842796699
0.085,8,600.0,375.0,0.003,2424.498445944011,107.4004918804309,106.76600179404,102.14626808531567,4.849165693425883,252.79288794325277,4958.082868776257
0.082,9,600.0,350.0,0.002,2402.1022118508,107.2473064900496,106.64290664095965,102.16405475237495,4.717965360339571,254.1639978347777,4964.389067940994
0.082,9,550.0,400.0,0.002,2377.655662392987,107.07767648830516,106.49020742961787,102.1573082361241,4.634348629978358,254.99099129401077,4964.798358813289
0.078,10,600.0,350.0,0.003,2301.3759451886317,106.44639459000854,105.9264217587473,102.11595674586778,4.486091013946614,256.6054587934514,4970.854296801319
0.078,8,500.0,425.0,0.002,2316.246013941876,105.99483166772644,105.51650104606426,101.9958466945891,4.366635155331089,251.90824922388123,4994.866734837091
0.082,8,600.0,350.0,0.0025,2368.8425786560683,107.05805561826249,106.47963188765739,102.22315675321201,4.718111883886955,259.26346728268163,4997.166217609753
0.078,8,550.0,400.0,0.0035,2293.5263307204186,105.81669173030411,105.34882373471626,101.98325018077907,4.406830318235411,252.8985417267039,5002.217019608116
0.08,11,600.0,375.0,0.0035,2349.209340106447,106.89376940555502,106.32687418369434,102.21197681899496,4.561549761925887,260.0844212305207,5002.779332476697
0.08,11,550.0,400.0,0.002,2375.999188292667,107.02210136559373,106.44970539187781,102.22089598691325,4.520326351385884,259.21081458574037,5009.080749802669
0.078,9,600.0,350.0,0.0035,2292.2176192867537,106.25380214044912,105.7570751102345,102.14474155539524,4.486230095592392,259.8271665329513,5013.17217509756
0.08,8,550.0,400.0,0.003,2310.487432005535,106.39707373893648,105.88459695606271,102.16619786617508,4.520652702501038,260.34681615423483,5019.847298686972
0.082,9,550.0,425.0,0.0035,2336.667374757011,106.80289278590855,106.2470074635241,102.25568338763802,4.593085996270885,263.75329291840455,5033.436791006763
0.078,10,550.0,400.0,0.003,2302.993355600216,106.31133724434486,105.81285091291575,102.19025856461312,4.406671428425701,262.3271514363863,5041.403714211812
0.085,8,550.0,425.0,0.003,2413.046633056359,107.32998187175446,106.71801908034801,102.29432749182352,4.762486803580357,262.6558370035537,5046.064466389625
0.08,11,600.0,350.0,0.002,2413.635783090672,107.25798359791543,106.66799004127336,102.28842448532524,4.601863326630906,261.73738432213634,5046.732830357641
0.078,8,650.0,425.0,0.002,3303.5922270232204,100.3165947025072,99.59853147508957,94.2842823026218,4.366635155331089,4.594667825913714,5054.903298661899
0.082,8,550.0,400.0,0.0025,2362.29313576604,106.95624458890927,106.39683952085556,102.30630106696461,4.6345160183722145,265.32397643655736,5058.039476512452
0.08,10,600.0,350.0,0.0025,2377.0859444322564,107.06765395880132,106.5030317078446,102.34109637931171,4.602006196812591,266.51171101904964,5073.259386094267
0.08,11,550.0,425.0,0.0035,2335.8066088124865,106.75259839284402,106.21092750270054,102.31533941050833,4.480089704331891,267.7465240172976,5076.12948779461
0.078,9,550.0,375.0,0.002,2329.243919546568,106.49095312681888,105.99176802866705,102.29544781548356,4.446079239242606,267.1866566917977,5093.006211134076
0.08,10,550.0,400.0,0.0025,2358.625505605007,106.89859932761938,106.35361180418866,102.36195761686696,4.52048956773734,269.13667209700196,5096.882273352191
0.08,9,600.0,350.0,0.003,2349.596185706774,106.87513696759454,106.33516796498915,102.38377429542544,4.602148995577027,270.69256371223105,5104.130551744345
0.085,11,550.0,425.0,0.002,2581.1756932581025,107.95252071947854,107.27286277346234,102.27763639257635,4.7621179558535065,257.07196636021473,5106.800818487239
0.085,11,650.0,350.0,0.0035,2617.4384176627464,108.01164574520615,107.31493873661034,102.2445340593439,4.892670472824201,255.07042201741103,5118.131740701461
0.078,9,500.0,425.0,0.002,2330.849085139127,106.32760470084506,105.84424575028773,102.28587242210072,4.366635155331089,267.81842091442707,5119.166446707981
0.082,11,600.0,375.0,0.003,2458.97453512722,107.4835413965725,106.86979833069465,102.38947645964544,4.676466647998723,267.27049071931015,5121.908403887426
0.078,9,550.0,400.0,0.0035,2306.3666989171616,106.1821676659959,105.70880917991815,102.30226934277914,4.406830318235411,270.4647815210228,5135.200497709177
0.08,8,600.0,350.0,0.0035,2331.668103662028,106.68053638910962,106.16452316993973,102.41681057766664,4.602291722959917,274.2877128158799,5139.931623735684
0.082,10,600.0,375.0,0.0035,2413.592927563628,107.29659625148176,106.70901574873763,102.4500667836281,4.676623449186268,272.5552581660717,5143.387446614683
0.082,11,550.0,425.0,0.003,2422.892580455699,107.30826958148405,106.7180262788936,102.44053862372661,4.592908359469039,271.89032850924485,5145.994975952637
0.085,11,600.0,400.0,0.0035,2561.790867006214,107.86489329932782,107.19540368669479,102.35867324026016,4.805995237991678,263.3627135542455,5153.1029778514385
0.078,11,600.0,350.0,0.003,2352.5946365461114,106.85112920077086,106.32489173747449,102.46760874086691,4.486091013946614,276.1293483450677,5161.558776974945
0.082,10,550.0,400.0,0.002,2450.0486853088833,107.46408278153618,106.87019701505967,102.48950186590848,4.634348629978358,273.3344969852034,5172.354018140868
0.08,9,550.0,400.0,0.003,2348.1785369354093,106.7719202940561,106.25356604973805,102.49136978130468,4.520652702501038,278.5012658320129,5187.05725955963
0.085,11,600.0,375.0,0.002,2659.7289917340104,108.20021465813122,107.50140696565396,102.34409215276705,4.848840104418728,259.4494136582607,5187.07387367144
0.078,8,550.0,375.0,0.0025,2333.1162881284886,106.35744794512732,105.88343352191266,102.40599323189468,4.446228375927586,275.3580299788649,5187.810538226964
0.085,10,550.0,425.0,0.0025,2536.503662783392,107.84126796449502,107.19247780383378,102.4620460223979,4.762302425822895,269.6320752667834,5189.395065324504
0.078,10,600.0,350.0,0.0035,2331.3326925375704,106.65597467121498,106.1531055723541,102.49490003076865,4.486230095592392,279.39146272747894,5191.026370378847
0.085,10,600.0,375.0,0.0025,2588.1115972063426,108.01800308585221,107.34799003354848,102.43554175413416,4.849002939620917,266.60140979337734,5197.249155785129
0.082,10,600.0,350.0,0.002,2492.237582916819,107.66951170811257,107.05803825013088,102.52646934965236,4.717965360339571,274.1719278798948,5203.52112464227
0.078,11,550.0,400.0,0.003,2341.6062446875753,106.68186872163822,106.17771908179802,102.51284230302082,4.406671428425701,280.4099410513339,5208.8043840125065
0.085,9,600.0,375.0,0.003,2525.6457970152937,107.83316591513255,107.19113633323946,102.51565998111936,4.849165693425883,273.1276893205119,5211.492046386698
0.082,9,600.0,350.0,0.0025,2445.98112710392,107.47750630981353,106.8921509256739,102.58405310427283,4.718111883886955,279.38750247678195,5223.342964639692
0.085,8,600.0,375.0,0.0035,2472.990185888823,107.64582132581815,107.0309869100126,102.58483440412802,4.849328365874239,279.027138889787,5230.453402155748
0.082,10,550.0,425.0,0.0035,2398.4712483547637,107.18834972058424,106.62616985718334,102.58823396864409,4.593085996270885,282.43479397014414,5231.936917160505
0.082,8,600.0,350.0,0.003,2409.398179685054,107.28328165554997,106.72330605399239,102.63141799420505,4.7182583341908835,283.9855414758548,5247.862149515616
0.08,8,550.0,375.0,0.002,2380.351115261457,106.95857671626733,106.43939648174148,102.60061432906674,4.56109085561196,283.70896480291805,5249.20648823582
0.082,9,550.0,400.0,0.0025,2425.453101820548,107.34037508211493,106.7746878577286,102.63739773558562,4.6345160183722145,283.972990164998,5259.126864927149
0.078,10,550.0,375.0,0.002,2370.1422493693135,106.86039303230598,106.35556217274191,102.6168717249372,4.446079239242606,285.3638444887591,5265.455090025868
0.078,10,500.0,425.0,0.002,2359.728275886165,106.66294145848583,106.17450500053083,102.57805023236166,4.366635155331089,284.33930560820664,5266.386986136469
0.078,8,500.0,425.0,0.0025,2346.1857262908597,106.25859686119335,105.80248046143478,102.48283658670759,4.366804112410194,281.1784360642643,5266.988172570895
0.085,9,550.0,425.0,0.003,2498.832116582383,107.72633954066417,107.10755106389904,102.63343555296211,4.762486803580357,281.65333707518806,5274.663274837929
0.08,8,550.0,400.0,0.0035,2345.014328582144,106.64218121842862,106.14970652983907,102.6095070444216,4.520815755717722,287.29105775130336,5279.80818202057
0.08,8,500.0,425.0,0.002,2377.2595754691647,106.8259630316138,106.32259780318468,102.62193132519684,4.479569813949191,286.16943467681926,5283.20873891841
0.078,10,550.0,400.0,0.0035,2336.214780432971,106.55057509904485,106.07166946514467,102.62374774994849,4.406830318235411,288.76312295641515,5295.591259532284
0.08,11,550.0,400.0,0.0025,2422.98722187335,107.27873550896179,106.72768298469389,102.69080298484363,4.52048956773734,287.7955624640929,5299.447757332048
0.085,8,600.0,350.0,0.002,2564.0624662678424,108.03086333750852,107.39099206105406,102.66086670041906,4.892214667564643,280.53631744094366,5303.619473788285
0.08,11,600.0,350.0,0.0025,2458.1724026036327,107.48300913888062,106.91168785679648,102.69976287383113,4.602006196812591,286.79086947992073,5305.823079608058
0.085,8,550.0,400.0,0.002,2531.2363686025374,107.89230162927876,107.26955333403662,102.6871193872141,4.805474533849852,283.3400896355247,5309.134539607926
0.08,10,600.0,350.0,0.003,2418.2830093435573,107.28781894244848,106.74128363881132,102.74092397461477,4.602148995577027,291.04532098306163,5323.859401776544
0.08,9,600.0,350.0,0.0035,2387.4565858959836,107.0905516558865,106.56810123965388,102.77241498028454,4.602291722959917,294.688320913141,5346.044692664495
0.082,8,550.0,400.0,0.003,2408.2024976232697,107.2134276883926,106.67514281377998,102.77337999515481,4.634683323092759,294.02899871257335,5348.444500697225
0.078,9,550.0,375.0,0.0025,2364.8380756817764,106.72475339049615,106.24520920181558,102.7263086498606,4.446228375927586,293.74782706224073,5352.7646664474305
0.085,8,550.0,425.0,0.0035,2468.6328578944754,107.60786676877768,107.0182373208476,102.79221067426525,4.762671089171988,293.10819250711234,5362.773500968803
0.08,10,550.0,400.0,0.003,2403.67549738246,107.1498443357576,106.62555085199669,102.81910523246185,4.520652702501038,297.4179056672324,5382.964069539364
0.082,11,600.0,375.0,0.0035,2509.910387262181,107.72106311838785,107.12643781250938,102.81527891133629,4.676623449186268,293.43275039006073,5398.282478153739
0.078,11,600.0,350.0,0.0035,2390.3725789326036,107.06150708856421,106.55242939792406,102.8478640149185,4.486230095592392,299.83116718811516,5401.347609829419
0.082,11,550.0,400.0,0.002,2540.77559928757,107.85373918998621,107.2533681295196,102.82437590762517,4.634348629978358,292.470727429191,5409.676139211002
0.078,9,500.0,425.0,0.0025,2368.9105440021094,106.59220014649078,106.1311157689745,102.77425553826706,4.366804112410194,298.06186611022014,5411.883601937854
0.078,11,500.0,425.0,0.002,2402.823486389214,107.00086473022075,106.50730103528053,102.8723983759452,4.366635155331089,301.48285823026373,5436.6514563936
0.078,8,550.0,375.0,0.003,2366.7115156252153,106.58631853894467,106.13134263492705,102.82504053699105,4.446377438062865,301.5366348738002,5442.309090471327
0.08,9,550.0,375.0,0.002,2438.2244069396347,107.33536181824815,106.81026092448765,102.92714220313863,4.56109085561196,302.7241607870004,5450.384002183574
0.085,11,550.0,425.0,0.0025,2650.9529017558216,108.24347297504737,107.58763287222148,102.80508971346396,4.762302425822895,289.09550711978756,5455.236267526085
0.08,9,500.0,425.0,0.002,2422.3610939992923,107.1680696087246,106.65937686755619,102.91884044836749,4.479569813949191,303.51138063006294,5458.168749186389
0.082,11,550.0,425.0,0.0035,2478.565862390558,107.57704705148986,107.008505143885,102.9234663361464,4.593085996270885,301.9137922188528,5460.179753347428
0.078,11,550.0,375.0,0.002,2428.039477983104,107.23280156514701,106.72226677473915,102.94077762935974,4.446079239242606,304.2864511370591,5465.548570200702
0.08,9,550.0,400.0,0.0035,2391.175716532732,107.01789361655699,106.51960192452528,102.93609882672402,4.520815755717722,306.43712534689564,5468.25961287623
0.082,11,600.0,350.0,0.002,2604.0459431800323,108.09540984610643,107.47678349014481,102.89191853839432,4.717965360339571,295.11475517537133,5477.896755348701
0.078,11,550.0,400.0,0.0035,2383.006083542434,106.92194137799547,106.43743127042589,102.94770726473105,4.406830318235411,307.80855141106304,5483.554763498142
0.082,10,600.0,350.0,0.0025,2545.10624449683,107.90061989243772,107.30825509483509,102.94796687226838,4.718111883886955,300.4412214492325,5484.960106055177
0.082,10,550.0,400.0,0.0025,2507.234231231945,107.72773158790518,107.15569498344021,102.97116223559829,4.6345160183722145,303.41317729927675,5490.2094325111475
0.082,9,600.0,350.0,0.003,2495.261372713303,107.70361736074084,107.13677189254383,102.99376514927029,4.7182583341908835,305.1221110529298,5495.833524420244
0.085,11,600.0,375.0,0.0025,2725.405622106804,108.45749725482942,107.7796994734687,102.80967316738725,4.849002939620917,287.73918486106186,5500.367951729896
0.085,10,600.0,375.0,0.003,2650.0940169737487,108.26974254585683,107.6200865472725,102.88823754532552,4.849165693425883,294.43442062819025,5502.35153273064
0.085,9,600.0,375.0,0.0035,2583.903331926489,108.07948681573458,107.45717993399997,102.95582321543738,4.849328365874239,300.4718939969625,5508.020246483326
0.082,8,600.0,350.0,0.0035,2455.0952006282682,107.50450896468485,106.96246184764777,103.02967505585309,4.718404711287927,309.1659966218693,5511.196311195218
0.085,10,550.0,425.0,0.003,2604.345116819456,108.12613578087284,107.50044651550203,102.97536256628395,4.762486803580357,301.4801520003507,5534.979995797623
0.08,8,550.0,375.0,0.0025,2425.734478493253,107.19897724917325,106.6999247912418,103.04267991904416,4.5612439008740235,311.78157170329075,5536.150761217348
0.078,10,550.0,375.0,0.0025,2413.7487739173607,107.09500599085256,106.60987499143921,103.04909419429453,4.446228375927586,312.8807058401819,5545.48959696209
0.078,8,500.0,425.0,0.003,2383.8243323205866,106.51776827785622,106.08326322528958,102.95822535275548,4.366972985031881,311.279891524541,5559.121296413823
0.082,9,550.0,400.0,0.003,2480.492611903099,107.59848455175309,107.05398238978678,103.10599819286303,4.634683323092759,313.7425576825155,5572.3892697823885
0.085,9,550.0,400.0,0.002,2638.7095033391283,108.29069242999712,107.66105708061268,103.02750029649923,4.805474533849852,303.1293486031397,5572.734316982012
0.08,11,600.0,350.0,0.003,2507.8284792817267,107.70402945275251,107.15085539206272,103.10099962105159,4.602148995577027,312.31146543624334,5577.608771138704
0.078,10,500.0,425.0,0.0025,2406.019710026915,106.92837302429108,106.46227193549831,103.06783646680616,4.366804112410194,315.56824920632107,5579.969216822714
0.08,10,600.0,350.0,0.0035,2464.3539144214046,107.50406709763759,106.97510839427098,103.13092846121283,4.602291722959917,315.9964401607819,5586.307132672415
0.085,9,600.0,350.0,0.002,2691.6707526645696,108.46603031138203,107.81857099966012,103.03209067419643,4.892214667564643,302.0419667416588,5602.00843083009
0.085,8,600.0,350.0,0.0025,2624.391779294332,108.27056289180172,107.65041075224636,103.09663834063609,4.892366678625049,308.0128621398511,5605.711290142372
0.08,11,550.0,400.0,0.003,2476.8729798434806,107.53087524004047,107.00057999539229,103.14942751064123,4.520652702501038,317.11265840534406,5607.707992107893
0.08,8,500.0,425.0,0.0025,2427.168997654559,107.09810906683794,106.61757776888385,103.12316977110761,4.479743197399055,318.24143626614153,5608.899265033701
0.085,9,550.0,425.0,0.0035,2564.5640115134856,108.005253874318,107.40886859333457,103.13298060095507,4.762671089171988,313.2651744844841,5616.533930199534
0.078,9,550.0,375.0,0.003,2406.2227257022537,106.95441639686335,106.49396752595597,103.14667468778279,4.446377438062865,320.8533094137444,5626.950261269028
0.082,8,550.0,375.0,0.002,2521.0553449776926,107.79116212712235,107.24571767461286,103.21814578716864,4.6761528103238525,319.40844671599007,5650.6924946071185
0.085,8,550.0,400.0,0.0025,2598.58447683662,108.16592420305174,107.56573730276857,103.18540427726907,4.805648188688405,315.02358338806494,5655.032897789289
0.082,8,550.0,400.0,0.0035,2460.9780276341344,107.46611846841627,106.94837281518804,103.22926770272207,4.63485054418189,323.4449520750142,5656.488439025427
0.08,10,500.0,425.0,0.002,2482.4985551212853,107.51287371388224,106.9988002349925,103.21800266696607,4.479569813949191,321.50078734729357,5657.373818770093
0.082,8,500.0,425.0,0.002,2503.293023560192,107.65558768707128,107.12651439553602,103.24148963306672,4.592552819299112,322.18228774633974,5671.260165162795
0.08,10,550.0,375.0,0.002,2514.1037641815105,107.71524132470124,107.18415755894694,103.25624520616063,4.56109085561196,322.51325106246543,5680.654514903907
0.08,10,550.0,400.0,0.0035,2455.2660567860416,107.39669004555869,106.89252004388723,103.26526486897635,4.520815755717722,326.35891955413797,5685.71028488059
0.078,8,550.0,375.0,0.0035,2405.8045250063665,106.81114064957023,106.37467253537872,103.23387436076952,4.446526425685726,328.2013493187714,5710.237193767204
0.078,9,500.0,425.0,0.003,2414.566125870738,106.85218730911285,106.41277291322076,103.25100436096186,4.366972985031881,329.1214677213706,5724.320914799433
0.078,8,550.0,350.0,0.002,2448.20643587579,107.16783507283598,106.70932787411407,103.31139397873687,4.48581264194563,330.1764347212967,5737.148047871033
0.082,11,550.0,400.0,0.0025,2607.487621276014,108.11834559512099,107.53989156222124,103.30761932432497,4.6345160183722145,323.66140412746756,5751.399825248527
0.08,9,550.0,375.0,0.0025,2492.0253104518088,107.57661158174423,107.07169952604724,103.37062358662646,4.5612439008740235,331.79466742004894,5758.569985492012
0.078,11,550.0,375.0,0.0025,2479.7716280006066,107.46823323131582,106.97745770316219,103.37437181598169,4.446228375927586,332.77181894591126,5766.141397845373
0.078,11,500.0,425.0,0.0025,2457.4536677739843,107.26713833244237,106.795971251529,103.36359770380884,4.366804112410194,333.70971110157603,5771.370949579787
0.078,8,500.0,400.0,0.002,2447.818223489331,107.0369469635711,106.59381389714122,103.33100497204603,4.406353410372188,332.70083549660944,5773.710226787909
0.082,10,600.0,350.0,0.003,2603.248824205856,108.1276231158519,107.5538305311552,103.35914138420107,4.7182583341908835,327.2033143196941,5779.581560383797
0.082,9,600.0,350.0,0.0035,2549.5584016919242,107.92571392094145,107.3768568886048,103.3934374851814,4.718404711287927,331.2971255247004,5780.6151800576245
0.082,11,600.0,350.0,0.0025,2666.0454214202045,108.32743376124236,107.72798079214665,103.31492731168487,4.718111883886955,322.4453273946366,5782.167527934862
0.08,9,500.0,425.0,0.0025,2480.924362509166,107.44108961786895,106.95529380153452,103.42153828272095,4.479743197399055,336.6133111244998,5805.73741907172
0.085,10,600.0,375.0,0.0035,2718.2760600640368,108.5170631979453,107.88719749860869,103.33001094211858,4.849328365874239,322.9054376725992,5823.421167676661
0.082,10,550.0,400.0,0.003,2571.5392457019584,107.9867746106566,107.43598845477773,103.44129598918077,4.634683323092759,334.26210580473287,5826.661034325001
0.085,11,550.0,425.0,0.003,2729.3820858853096,108.52940526924162,107.89673916325178,103.32013551410802,4.762486803580357,322.15451392616313,5827.095436239776
0.085,11,600.0,375.0,0.003,2797.6106233764835,108.71026293206789,108.05289244692827,103.26403262995474,4.849165693425883,316.73541431693724,5830.778729027995
0.08,8,550.0,375.0,0.003,2477.0775596409258,107.43513341700779,106.9556507410161,103.47401016134033,4.561396869632572,340.4260661925009,5838.049900552276
0.078,10,550.0,375.0,0.003,2463.0336273670764,107.32546725795959,106.85948880902689,103.47078870737715,4.446377438062865,340.92545592736104,5839.6365073272145
0.08,11,600.0,350.0,0.0035,2562.2359872258885,107.921117658426,107.38557868138723,103.49237863380444,4.602291722959917,338.23180620903304,5860.90014463143
0.085,10,550.0,400.0,0.002,2766.134530626924,108.69254063334242,108.05594249931907,103.37071179621384,4.805474533849852,323.7592052971298,5868.475428429454
0.078,8,500.0,425.0,0.0035,2428.6509244543295,106.77242619559398,106.3589435532087,103.42227484706753,4.367141773238314,342.11583426329554,5869.588653370546
0.08,11,500.0,425.0,0.002,2557.5746167894254,107.86039988064674,107.34089182953505,103.519437508439,4.479569813949191,340.1505248895208,5880.924545860855
0.082,9,500.0,425.0,0.002,2580.554383732352,108.00704499859533,107.47233511718646,103.54522649663292,4.592552819299112,340.98767939827144,5899.208507330831
0.085,10,550.0,425.0,0.0035,2680.377566338997,108.40608780998717,107.80287216613769,103.47658274511919,4.762671089171988,334.26807051045665,5902.388324895929
0.082,9,550.0,400.0,0.0035,2542.2777205633233,107.85208546917903,107.32818551756768,103.56337100109468,4.63485054418189,344.2059167294035,5902.957444427463
0.082,9,550.0,375.0,0.002,2614.82761453755,108.17825271438177,107.62654423058885,103.55217609093955,4.6761528103238525,340.0265052759791,5910.668216426198
0.078,10,500.0,425.0,0.003,2459.7989022934034,107.18918169079735,106.74480965009077,103.5459549934176,4.366972985031881,347.59802317643135,5912.975770742854
0.078,9,550.0,375.0,0.0035,2452.9951675015564,107.1800168573699,106.73813091225479,103.55679511713574,4.446526425685726,348.428732230975,5914.256156133985
0.085,8,600.0,350.0,0.003,2690.3103493528497,108.50601810310327,107.90503291133794,103.52178060537462,4.892518613698904,336.0335635744041,5921.956378420518
0.085,9,600.0,350.0,0.0025,2761.6773376215037,108.70669858168613,108.07902593337197,103.46944894695413,4.892366678625049,330.63316874928205,5928.196788949392
0.08,11,550.0,400.0,0.0035,2537.1808093872733,107.77859994044914,107.26848958373436,103.59702855709534,4.520815755717722,347.07256691592534,5932.304000642769
0.085,10,600.0,350.0,0.002,2842.893094690767,108.90512347838381,108.24998865186137,103.40651711746669,4.892214667564643,324.5372534947184,5938.453783345466
0.08,11,550.0,375.0,0.002,2607.870731859322,108.09824476394289,107.56111516513951,103.58794672641012,4.56109085561196,343.09234019860105,5940.148317872627
0.085,9,550.0,400.0,0.0025,2716.172959698376,108.56532866232489,107.95832555673091,103.52744826817164,4.805648188688405,335.98285532447477,5943.869132702807
0.08,8,500.0,425.0,0.003,2484.912681335737,107.3655280905011,106.90721257602509,103.61251058676798,4.479916494178848,351.1701829531549,5955.066455511398
0.078,9,550.0,350.0,0.002,2508.183178464739,107.53790295908749,107.07389100422522,103.63452416403837,4.48581264194563,350.4685653716622,5957.3895645634775
0.078,9,500.0,400.0,0.002,2495.168918788042,107.37296075809249,106.92487565595479,103.62481908835396,4.406353410372188,351.1999205921371,5966.32409241761
0.082,8,550.0,375.0,0.0025,2585.0650481838306,108.03903255497725,107.51426087860887,103.67280716905643,4.676309768391018,350.0135940030016,5986.880817616062
0.08,10,550.0,375.0,0.0025,2576.4443816973285,107.95734675294462,107.44651336384757,103.70115310001103,4.5612439008740235,352.59526321827286,6010.384100494998
0.085,8,550.0,400.0,0.003,2673.4683680681082,108.43478454718696,107.85654293114212,103.67182327073172,4.805821756721196,347.5470286485019,6020.822393787258
0.08,10,500.0,425.0,0.0025,2549.833186371783,107.78677403167114,107.29566094660204,103.72217049936481,4.479743197399055,355.6458372143796,6027.112099919225
0.078,8,550.0,350.0,0.0025,2497.695054005308,107.38739267625505,106.94743230467911,103.71744130046316,4.48595186274261,357.9139910384519,6030.987355112118
0.082,8,500.0,425.0,0.0025,2574.232828567988,107.93618563650045,107.43056564472104,103.7570222153719,4.592730633826614,357.1456814965109,6052.865162960068
0.078,9,500.0,425.0,0.0035,2467.3048429790106,107.10764671989442,106.68931169230916,103.71638148987,4.367141773238314,360.9003537729846,6054.799911477049
0.078,11,550.0,375.0,0.003,2537.0681582979564,107.6994986583922,107.22793335138786,103.79740463050261,4.446377438062865,361.7684096029058,6080.5270383352445
0.08,9,550.0,375.0,0.003,2551.6695526622707,107.81360193945353,107.32831894848921,103.80333526254374,4.561396869632572,361.42015745421156,6081.385589290922
0.082,10,600.0,350.0,0.0035,2666.281370409412,108.35059595051581,107.79485224756145,103.76024035991222,4.718404711287927,354.387547542093,6086.141103930485
0.082,11,600.0,350.0,0.003,2733.1891696444327,108.5553363845223,107.97451844025655,103.72757606321277,4.7182583341908835,350.2500963844809,6099.260558299572
0.078,8,500.0,400.0,0.0025,2502.986233805471,107.28759045059914,106.86567345248008,103.79526189280939,4.4065124591511795,364.631553224661,6109.933646128882
0.082,11,550.0,400.0,0.003,2681.194445256779,108.37832941962071,107.82119174341435,103.77929824734635,4.634683323092759,355.6047370719032,6111.37646125715
0.078,11,500.0,425.0,0.003,2519.463627341361,107.52877430860644,107.07939577791123,103.84309566088668,4.366972985031881,366.72185126992093,6125.214563555302
0.078,10,550.0,375.0,0.0035,2517.5945391708046,107.55185180566797,107.10449183962551,103.88220523660559,4.446526425685726,369.4237402225492,6146.589723809226
0.082,10,500.0,425.0,0.002,2673.64448931655,108.36133690023122,107.82093293902355,103.85131907232723,4.592552819299112,360.478299699565,6152.7784835380435
0.08,8,550.0,375.0,0.0035,2533.9597655538837,107.66712145276809,107.20666397280006,103.89485793711295,4.561549761925887,369.5643487799474,6153.535460546209
0.08,9,500.0,425.0,0.003,2547.2117172862418,107.70936738702912,107.24584855839434,103.91230387353262,4.479916494178848,370.5562563308548,6173.477727619513
0.085,11,600.0,375.0,0.0035,2875.8772734903187,108.95859171462976,108.32107970295078,103.70742956524856,4.849328365874239,346.35038339401297,6176.778772537904
0.082,10,550.0,400.0,0.0035,2642.467267505063,108.24129271409946,107.71117225937057,103.90016537093501,4.63485054418189,365.7874199786132,6180.079848022085
0.078,10,500.0,400.0,0.002,2557.1514625267423,107.71156313380078,107.25847730609493,103.92081336124274,4.406353410372188,370.3421994329625,6182.675153827836
0.085,11,550.0,400.0,0.002,2913.2925014465673,109.09788109606767,108.454243490947,103.71678097134486,4.805474533849852,345.24807684128416,6196.426663789742
0.082,10,550.0,375.0,0.002,2727.5759552275745,108.56859462410648,108.01055492250983,103.88889831296567,4.6761528103238525,361.4630728052576,6201.401034000536
0.078,10,550.0,350.0,0.002,2585.662286626222,107.91094054862972,107.44136689502196,103.96014656962095,4.48581264194563,371.52914578219554,6206.088771938962
0.08,8,550.0,350.0,0.002,2604.9282067936306,108.03406950619816,107.55069344346786,103.97270744411362,4.601863326630906,371.584474294766,6215.30646132509
0.085,11,550.0,425.0,0.0035,2815.871121314824,108.81040333135023,108.20028185146798,103.82304421277243,4.762671089171988,356.1353755415653,6220.422203556724
0.08,8,500.0,400.0,0.002,2589.9264802269963,107.90013138641548,107.43268546180795,103.99430367003218,4.520326351385884,374.43654939941626,6238.562461374265
0.085,8,600.0,350.0,0.0035,2761.4093957052714,108.73730550655993,108.15494845139696,103.9365455751309,4.892670472824201,364.52268061308473,6251.025737003133
0.078,10,500.0,425.0,0.0035,2520.5547937071697,107.44544824451958,107.02221294963287,104.01266916294816,4.367141773238314,380.3316653707218,6263.727170324623
0.085,10,550.0,400.0,0.0025,2853.867573453481,108.96819867535432,108.35430421641377,103.87233615308843,4.805648188688405,357.7994579247665,6265.223302480531
0.085,9,600.0,350.0,0.003,2837.1382752940485,108.94310530399096,108.33466513259566,103.89613917577162,4.892518613698904,359.74938719469077,6268.165721889727
0.082,9,550.0,375.0,0.0025,2687.7925483505924,108.42701593161631,107.89604386440426,104.0083184795127,4.676309768391018,371.6859069389825,6269.385176377001
0.078,9,550.0,350.0,0.0025,2565.2761216065965,107.75822070166134,107.31281102252088,104.0418492482693,4.48595186274261,379.11976086504365,6270.5424813012
0.08,11,500.0,425.0,0.0025,2633.798769339618,108.13518689517035,107.63870318558807,104.0250860371837,4.479743197399055,375.3520724218734,6273.127066490516
0.085,10,600.0,350.0,0.0025,2922.7339591454506,109.14676858835585,108.51148852636182,103.84547521107179,4.892366678625049,354.26001636024347,6289.12068487733
0.08,11,550.0,375.0,0.0025,2678.874070945231,108.34121234807091,107.82439514595106,104.03429194145178,4.5612439008740235,374.19966841454743,6291.726982006146
0.082,9,500.0,425.0,0.0025,2660.7006623014536,108.28856173556603,107.77737081334465,104.0622857264706,4.592730633826614,377.0392477105275,6304.017621745017
0.085,11,600.0,350.0,0.002,3017.4808685537373,109.34818423495949,108.68528525835382,103.78417804007822,4.892214667564643,348.04481284312965,6313.061972640466
0.08,8,500.0,425.0,0.0035,2549.9565945060917,107.62830217393619,107.19159846727761,104.09021968983362,4.480089704331891,384.8539709706185,6319.952283333624
0.078,9,500.0,400.0,0.0025,2558.2208109129115,107.62439311842375,107.19758176455487,104.0904041520454,4.4065124591511795,384.0814445787625,6322.606844248044
0.085,9,550.0,400.0,0.003,2801.0427412519075,108.83518496932666,108.25019595543094,104.01549078016762,4.805821756721196,369.65828125759884,6334.540980382367
0.078,8,550.0,350.0,0.003,2551.916529594614,107.60303441285423,107.18110085425249,104.11348933686806,4.486091013946614,386.0232317880682,6336.034667965801
0.082,8,550.0,375.0,0.003,2655.09173163799,108.28253663590422,107.77786568385548,104.11646043719246,4.676466647998723,381.2026575820539,6338.245708269026
0.08,10,550.0,375.0,0.003,2644.510068200961,108.1951776131198,107.70403303444932,104.13525665489527,4.561396869632572,383.2151000766915,6354.412943291207
0.085,8,550.0,400.0,0.0035,2755.359591726186,108.69896552202424,108.14206728527081,104.14664270255793,4.805995237991678,380.8099692862224,6404.764700432727
0.078,11,550.0,375.0,0.0035,2599.5272458186946,107.92667308116367,107.47378223898465,104.21012683609891,4.446526425685726,391.2018873524771,6407.400176240981
0.08,10,500.0,425.0,0.003,2624.7800181115945,108.05591676269383,107.58714233036237,104.21437121125611,4.479916494178848,390.61594417714264,6416.7123953608225
0.08,9,550.0,375.0,0.0035,2616.736912699708,108.04640939432728,107.58020914708077,104.22553091819024,4.561549761925887,391.52253169557014,6417.462864065466
0.078,11,500.0,400.0,0.002,2633.695372571799,108.05277708615658,107.59464129541145,104.21900626685797,4.406353410372188,390.14008418327484,6422.882774691455
0.082,11,600.0,350.0,0.0035,2805.0938529037153,108.77919258479638,108.21648446742824,104.13011315160465,4.718404711287927,378.4584447480144,6427.932700200441
0.082,11,500.0,425.0,0.002,2782.426445488037,108.71848975199016,108.17233354865716,104.1597882131928,4.592552819299112,380.66797407823975,6432.04660619426
0.085,8,500.0,425.0,0.002,2813.8121348050354,108.89704968414298,108.3281507935192,104.1585041029319,4.7621179558535065,379.3169964571698,6437.764652615431
0.085,8,550.0,375.0,0.002,2855.0019593104457,109.03700678006874,108.4508888678312,104.13198493571097,4.848840104418728,376.03240428834846,6438.49948629854
0.082,8,500.0,425.0,0.003,2653.1433575926735,108.21192284142711,107.72912280514197,104.26036177247359,4.592908359469039,392.9924761918901,6455.424735731022
0.078,8,500.0,400.0,0.003,2564.5472109105176,107.53383364335338,107.13255130192965,104.24833467778183,4.406671428425701,397.1781648480696,6462.190532558256
0.078,11,550.0,350.0,0.002,2680.5554403269507,108.28697552419206,107.81178255657088,104.28828333192963,4.48581264194563,393.3737075013944,6483.395903807844
0.08,9,500.0,400.0,0.002,2669.9372429845794,108.24564608562169,107.77295081451405,104.29517596528581,4.520326351385884,394.5145524894405,6486.110129256889
0.082,11,550.0,400.0,0.0035,2761.3996338471998,108.63377182268611,108.09736384484947,104.23967577918617,4.63485054418189,388.2067791657001,6487.976251360708
0.08,9,550.0,350.0,0.002,2701.3448117321623,108.41460817354204,107.92539698795352,104.30359386820284,4.601863326630906,393.6066122696658,6496.47907366367
0.078,11,500.0,425.0,0.0035,2588.3422441197963,107.78585370260116,107.35766971815049,104.31115635476425,4.367141773238314,400.42222689980156,6496.501834645312
0.082,11,550.0,375.0,0.002,2859.13843859674,108.96221957792922,108.39778064668296,104.22833742224697,4.6761528103238525,383.7354414134341,6522.997088512354
0.078,10,550.0,350.0,0.0025,2650.467375154766,108.13202404703287,107.68110854175507,104.36875886642656,4.48595186274261,401.1061558836085,6538.823447215962
0.08,8,550.0,350.0,0.0025,2672.5296908550804,108.26065640676097,107.7963500606329,104.39074090599645,4.602006196812591,401.85293541182443,6557.75738368189
0.078,10,500.0,400.0,0.0025,2628.1918167881972,107.96378994275858,107.53203596848093,104.38773599983419,4.4065124591511795,404.1864306715555,6559.278287434356
0.08,9,500.0,425.0,0.0035,2620.688961565105,107.97298525170326,107.53113768675742,104.39140390847055,4.480089704331891,405.238398653172,6559.630282200242
0.082,10,500.0,425.0,0.0025,2763.1245778741204,108.64377924945114,108.12696041206384,104.3699163036937,4.592730633826614,397.6322272595866,6581.106451309429
0.082,10,550.0,375.0,0.0025,2809.6284772154117,108.81825756129335,108.2810184244133,104.34653317439701,4.676309768391018,394.19135581061744,6582.972551130679
0.078,9,550.0,350.0,0.003,2626.990964390444,107.97460897696745,107.54727992853091,104.43914359542178,4.486091013946614,408.1261395744185,6594.589411315211
0.085,11,550.0,400.0,0.0025,3011.450567644646,109.37456917533244,108.75370726457257,104.22009514003004,4.805648188688405,380.4920731433202,6619.16897762821
0.085,9,600.0,350.0,0.0035,2917.6453004976283,109.1753273234231,108.58557886981028,104.31241435429224,4.892670472824201,389.31489587016176,6620.587063642763
0.08,8,500.0,400.0,0.0025,2665.71989441927,108.15879521551138,107.7131644869431,104.47227622823262,4.52048956773734,409.2794675836092,6630.4375194566255
0.082,9,550.0,375.0,0.003,2766.651977940429,108.67139702621193,108.16058747038483,104.45341692375385,4.676466647998723,403.9115979011197,6642.93795388113
0.078,8,550.0,350.0,0.0035,2610.5196523223167,107.81483212467747,107.4104182079637,104.49978127492562,4.486230095592392,414.4403566778162,6651.158722437228
0.085,10,600.0,350.0,0.003,3007.8918352584346,109.38413479229507,108.76815329353094,104.27372625801678,4.892518613698904,384.4883354917256,6653.188946952747
0.08,11,550.0,375.0,0.003,2755.482291565509,108.57989007969046,108.08282190076056,104.46979791263294,4.561396869632572,405.8274040692315,6657.269343022543
0.085,10,550.0,400.0,0.003,2948.8752372404874,109.23905894472291,108.64724795018662,104.3620151569397,4.805821756721196,392.64330681530726,6681.14813832167
0.08,11,500.0,425.0,0.003,2717.5215030917902,108.40520085729005,107.9311179302642,104.51873230298034,4.479916494178848,411.362488737195,6684.877310514449
0.085,11,600.0,350.0,0.0025,3107.3144472175263,109.59081438807456,108.94783885741519,104.22474927034978,4.892366678625049,378.9163217244286,6688.59466239356
0.078,9,500.0,400.0,0.003,2627.559065084002,107.87141129068867,107.46529061680465,104.54477310342534,4.406671428425701,417.56323190101114,6694.623751156153
0.082,8,550.0,375.0,0.0035,2730.696784885961,108.52175236928055,108.03662374366475,104.5493628266732,4.676623449186268,412.893703767072,6703.3558805134435
0.08,10,550.0,375.0,0.0035,2717.8809909689603,108.4288106804186,107.9568068421931,104.55881037078655,4.561549761925887,414.2946644042467,6711.373628417021
0.082,9,500.0,425.0,0.003,2748.7019898188587,108.56520176246002,108.07689459103149,104.56711585709591,4.592908359469039,413.9578713108544,6729.462684767039
0.085,9,550.0,400.0,0.0035,2892.7902668723436,109.10034451891097,108.5367656984045,104.4918950510154,4.805995237991678,404.05504831684107,6743.0101311751705
0.085,9,500.0,425.0,0.002,2942.4434342895943,109.26256175615447,108.68754399185109,104.47237489537406,4.7621179558535065,400.3733096279233,6749.533265286855
0.08,10,500.0,400.0,0.002,2765.3726269113836,108.5938850660267,108.11588773084911,104.59833139071202,4.520326351385884,415.27497696984085,6758.7885644487515
0.085,9,550.0,375.0,0.002,3006.1043678405354,109.43958743265408,108.84666971112173,104.47714959145942,4.848840104418728,399.11524518783744,6791.4763817121875
0.082,8,550.0,350.0,0.002,2831.781978174742,108.89898576896209,108.39004200661535,104.62744582709368,4.717965360339571,414.9412942718424,6801.697780234418
0.08,10,550.0,350.0,0.002,2816.2326520498373,108.7982719274464,108.30316397677026,104.6370897470966,4.601863326630906,416.44353119935204,6807.792314185058
0.082,8,500.0,400.0,0.002,2801.3868136382885,108.7620269306775,108.26957696193566,104.65110179666985,4.634348629978358,418.1445631503409,6811.023056005712
0.078,8,500.0,375.0,0.002,2682.0662017068144,108.08919438343888,107.68202460561443,104.68357951506732,4.446079239242606,426.0310967480122,6815.27262230543
0.078,11,500.0,400.0,0.0025,2712.829309880728,108.30580396489749,107.86905856153103,104.68727598939583,4.4065124591511795,424.95908929373627,6820.070093273259
0.08,10,500.0,425.0,0.0035,2706.8046974570902,108.32038450877855,107.8733412433428,104.69487226636286,4.480089704331891,426.30917707974214,6824.413961582002
0.078,8,500.0,400.0,0.0035,2632.0458278904343,107.77575472903304,107.39453937706575,104.69048237990113,4.406830318235411,430.2552616511632,6828.992377618226
0.078,11,550.0,350.0,0.0025,2753.1811965875722,108.50883044364082,108.05235192473776,104.69819237238838,4.48595186274261,423.88888673821583,6835.983586165234
0.085,8,550.0,375.0,0.0025,2948.712060853173,109.29619831699837,108.73156958116263,104.60560806497365,4.849002939620917,410.5791431026624,6852.388565971844
0.08,9,550.0,350.0,0.0025,2777.0531615254718,108.64199543010275,108.17191185637012,104.72296611516417,4.602006196812591,424.8424965538415,6859.457843965765
0.082,8,500.0,425.0,0.0035,2739.466730220181,108.48288314495137,108.02228411701222,104.7517781295113,4.593085996270885,429.6158887263824,6877.09774476597
0.078,10,550.0,350.0,0.003,2719.7816673221278,108.34916437052907,107.91638372496973,104.76730873165934,4.486091013946614,431.0216085763883,6882.133384484651
0.082,11,500.0,425.0,0.0025,2881.3684315790274,109.00186459700167,108.47936019176996,104.67993489706485,4.592730633826614,418.93865152986507,6884.211682678343
0.08,9,500.0,400.0,0.0025,2754.1354112101826,108.50514051172749,108.05432066568201,104.77454012885032,4.52048956773734,430.36432322157583,6899.3060848805135
0.085,8,500.0,425.0,0.0025,2918.29031793968,109.19045690949402,108.64593928243475,104.69555680823038,4.762302425822895,418.7814781162707,6907.605671124683
0.08,8,550.0,350.0,0.003,2744.870005599519,108.48321040352262,108.03743995530189,104.79850795717093,4.602148995577027,432.49492097765125,6911.4657158263735
0.082,11,550.0,375.0,0.0025,2950.4118680977467,109.21278922844898,108.6692155224273,104.68747632543193,4.676309768391018,417.5474571595895,6927.753066154164
0.078,9,550.0,350.0,0.0035,2692.9771669291076,108.1871398764329,107.77738269783114,104.8266511547173,4.486230095592392,437.42397300840116,6928.400702180562
0.078,10,500.0,400.0,0.003,2705.4103358644657,108.21158856458342,107.80058170629184,104.84341031174586,4.406671428425701,438.61507777854854,6951.3119293320815
0.082,10,550.0,375.0,0.003,2897.450982785679,109.06352246961363,108.54650812373868,104.7930879714907,4.676466647998723,427.4680305857913,6979.033670556226
0.085,10,600.0,350.0,0.0035,3097.958994933737,109.61729924818485,109.020073588576,104.69152417316468,4.892670472824201,415.1465019019565,7029.3312917636795
0.082,10,500.0,425.0,0.003,2860.342208758824,108.9213287959819,108.42745799519169,104.87624808087,4.592908359469039,435.63662352686833,7029.7468404866795
0.082,9,550.0,375.0,0.0035,2850.9676147681193,108.91147427913249,108.42026702854939,104.88772949249542,4.676623449186268,436.62162826996735,7029.895527408429
0.08,11,550.0,375.0,0.0035,2837.2759653793955,108.81435500853814,108.33648601984639,104.89471995919112,4.561549761925887,437.8974535976422,7035.408560101526
0.08,8,500.0,400.0,0.003,2747.9805476165934,108.41292917912263,107.98851714441244,104.93877221163835,4.520652702501038,444.75275765099605,7038.617073323478
0.08,11,500.0,400.0,0.002,2876.124321380283,108.94487308820837,108.46152036550549,104.90378972062393,4.520326351385884,436.73119485754626,7056.694708850981
0.085,11,550.0,400.0,0.003,3116.7492696575664,109.64644148215703,109.04773297910052,104.71142372947664,4.805821756721196,416.521047184824,7060.722120146215
0.085,11,600.0,350.0,0.003,3202.325219956121,109.82914812313625,109.20553780469845,104.65457411417437,4.892518613698904,410.273601193598,7077.142868270947
0.078,9,500.0,375.0,0.002,2763.0876206367566,108.4284801355257,108.01643666749985,104.9812313104003,4.446079239242606,447.21817280357646,7078.4383268803
0.078,9,500.0,400.0,0.0035,2702.728550774575,108.11409370878812,107.72809443086405,104.98818573307625,4.406830318235411,451.5598434258013,7080.88625860561
0.085,10,500.0,425.0,0.002,3088.156521443512,109.63112007179166,109.04991912469943,104.78875821154178,4.7621179558535065,422.1733690115209,7089.08829944937
0.08,11,500.0,425.0,0.0035,2808.2083179372994,108.67052463734704,108.21823323159667,105.00064455170472,4.480089704331891,448.07972941265893,7114.413198863411
0.085,10,550.0,400.0,0.0035,3050.6288224636874,109.50520491969155,108.93487148108798,104.84001691744501,4.805995237991678,428.1900524065377,7114.508827138411
0.082,9,500.0,400.0,0.002,2915.804906110141,109.11706365795347,108.61905701449837,104.95897913890538,4.634348629978358,439.83695020807187,7115.981092661596
0.082,9,550.0,350.0,0.002,2966.5811163587086,109.29001864884053,108.77489827670054,104.96602959073937,4.717965360339571,438.73198887861383,7146.543092847806
0.08,11,550.0,350.0,0.002,2949.4618488217507,109.18509057088885,108.68402346880714,104.97321876599862,4.601863326630906,440.11195591548983,7149.374105413579
0.082,9,500.0,425.0,0.0035,2844.0002278114093,108.83704919749351,108.3710050087366,105.059987507989,4.593085996270885,451.6366281538252,7173.700816345955
0.085,10,550.0,375.0,0.002,3177.7158045102715,109.84566167664384,109.24586900897593,104.82518456576831,4.848840104418728,423.08565783702534,7177.826414361986
0.08,10,550.0,350.0,0.0025,2900.164977036678,109.02646560361912,108.55054361236856,105.05781091297723,4.602006196812591,448.65996427609923,7191.589192087446
0.08,10,500.0,400.0,0.0025,2858.089161765364,108.85421610923537,108.39815488184831,105.0790972763858,4.52048956773734,452.1444338490465,7193.588056643793
0.082,8,550.0,350.0,0.0025,2918.437462069896,109.13266402265435,108.64331282972765,105.05750832266217,4.718111883886955,447.82172366093505,7194.857606054937
0.078,11,550.0,350.0,0.003,2830.201697944619,108.72672837286102,108.28843935760172,105.09800704231571,4.486091013946614,454.7255248339277,7198.822948394873
0.078,8,500.0,375.0,0.0025,2759.929109065367,108.32643832054634,107.93945168989399,105.12443553525208,4.446228375927586,460.22956466776964,7208.271495162255
0.085,9,550.0,375.0,0.0025,3109.614122977495,109.69973907461022,109.12837807125352,104.95235345425233,4.849002939620917,434.8035631071601,7229.903699473681
0.078,11,500.0,400.0,0.003,2798.031601517225,108.55438855175296,108.1384471165605,105.1442649314644,4.406671428425701,460.3464426941738,7232.379876550218
0.08,9,550.0,350.0,0.003,2857.383181359801,108.86533549296605,108.41384400963128,105.13203909093437,4.602148995577027,456.43462918811525,7233.363871430609
0.078,10,550.0,350.0,0.0035,2793.2553117450584,108.56243386198554,108.14727771307234,105.15604088281194,4.486230095592392,461.211849489388,7234.890590820719
0.085,9,500.0,425.0,0.0025,3056.9959600531447,109.55695702284599,109.00639021401658,105.01105711050884,4.762302425822895,441.0162361018553,7244.649082786359
0.082,8,500.0,400.0,0.0025,2898.879674321568,109.028781822456,108.55874621300723,105.14283991079586,4.6345160183722145,455.99345431952287,7260.956015386256
0.08,8,550.0,350.0,0.0035,2821.582967767343,108.7018051247816,108.27404986138686,105.19625650952446,4.602291722959917,463.4434323085335,7275.247803921159
0.085,8,550.0,375.0,0.003,3048.5226929847463,109.55083953570873,109.0071069416575,105.0678153529869,4.849165693425883,445.72915421537175,7281.7960946689045
0.08,9,500.0,400.0,0.003,2844.6884982279093,108.76009048054603,108.33054782872107,105.24239432765424,4.520652702501038,466.82815075612234,7328.492634512413
0.082,11,550.0,375.0,0.003,3047.3287113260158,109.45894481268168,108.93565867436489,105.13549875265912,4.676466647998723,451.88969221152286,7346.646878803928
0.082,11,500.0,425.0,0.003,2987.928596624443,109.28033041910346,108.78083883108427,105.18777948882146,4.592908359469039,458.042966432315,7356.360678618403
0.078,10,500.0,400.0,0.0035,2788.352097283442,108.4550376818455,108.06420702654668,105.28809683084637,4.406830318235411,473.5426722653612,7357.28750560805
0.078,10,500.0,375.0,0.002,2859.1069342282867,108.77037956358267,108.35341421893597,105.28109170082152,4.446079239242606,469.0820158595186,7366.182626660158
0.082,10,550.0,375.0,0.0035,2990.605521384341,109.30446791405814,108.80711633002838,105.22882161371993,4.676623449186268,461.2111325947467,7388.153673033624
0.085,8,500.0,425.0,0.003,3030.9467093156904,109.47880190119476,108.9580095474375,105.21997561303131,4.762486803580357,459.17169379932875,7399.144775904382
0.082,10,500.0,400.0,0.002,3046.475417409656,109.47496371422014,108.97134343126193,105.26924426347192,4.634348629978358,462.2521162129568,7447.519608135585
0.085,11,500.0,425.0,0.002,3250.7507475890143,110.00275388839276,109.41530467388232,105.10767698423766,4.7621179558535065,444.7325088076528,7456.467105578503
0.08,8,500.0,400.0,0.0035,2836.2326190574195,108.66261329062984,108.25883744285117,105.39405510096917,4.520815755717722,480.7666222573994,7461.540921060499
0.08,8,500.0,375.0,0.002,2912.214449891623,108.9849824941068,108.55425803802989,105.38496768896756,4.56109085561196,476.0119886667794,7473.687204735937
0.085,11,600.0,350.0,0.0035,3302.10601782563,110.0632629138876,109.45847310148702,105.07390741578844,4.892670472824201,442.04096184380523,7477.380254625073
0.078,9,500.0,375.0,0.0025,2848.572336070328,108.6664707005868,108.27466528968316,105.42334848594209,4.446228375927586,482.3416434523027,7490.893616572537
0.082,10,500.0,425.0,0.0035,2964.7389936230497,109.19406993546444,108.72252456783005,105.37058582405226,4.593085996270885,474.38442756402185,7496.855041611752
0.08,11,500.0,400.0,0.0025,2977.4734732726633,109.20604681928795,108.74469134472035,105.38596752966696,4.52048956773734,474.63335370786876,7513.38345455255
0.085,11,550.0,400.0,0.0035,3228.6598020916153,109.91358180790984,109.33641877694882,105.19103574816164,4.805995237991678,453.23417843976677,7519.343625130244
0.082,10,550.0,350.0,0.002,3120.8630854723633,109.68433580780918,109.16297222900407,105.30734191839517,4.717965360339571,463.3850952381152,7523.279263738968
0.08,11,550.0,350.0,0.0025,3041.736073775905,109.41409678394916,108.93227444525955,105.39529907344411,4.602006196812591,473.32226038194244,7554.282808188229
0.082,9,550.0,350.0,0.0025,3061.8657128864756,109.52453849288001,109.02907105360137,105.39749292584632,4.718111883886955,472.6351615957649,7561.487070504973
0.078,11,550.0,350.0,0.0035,2911.2677999591433,108.9407419082313,108.52013041880139,105.48797283355077,4.486230095592392,485.82004390661524,7570.787706018243
0.08,10,550.0,350.0,0.003,2988.599940544245,109.25059768084058,108.79332441118859,105.46819968777454,4.602148995577027,481.21511406689746,7585.978072987317
0.082,9,500.0,400.0,0.0025,3022.243812391368,109.38469192550934,108.90916244226818,105.45217339726287,4.6345160183722145,478.75034852025897,7588.540273714327
0.085,11,550.0,375.0,0.002,3369.60436658206,110.25526471199295,109.64852100974744,105.17611730639821,4.848840104418728,447.96280836493065,7597.616454158282
0.082,8,550.0,350.0,0.003,3009.834565334986,109.36219171602605,108.8918855018675,105.47703766868763,4.7182583341908835,481.0778658207209,7599.3230567530145
0.085,10,500.0,425.0,0.0025,3212.926487516436,109.92651098406299,109.3698312371084,105.32908246174702,4.762302425822895,464.0104992448372,7609.830783513269
0.078,8,500.0,375.0,0.003,2842.9411806189605,108.55948404445894,108.19212212792404,105.5545529215868,4.446377438062865,494.83973761514847,7613.520087787475
0.08,9,550.0,350.0,0.0035,2941.969337874091,109.08470225115587,108.65128048501269,105.53106149797773,4.602291722959917,488.31607312301213,7617.014985797275
0.085,10,550.0,375.0,0.0025,3291.1739115056253,110.10678114377805,109.52861329127083,105.3019818068204,4.849002939620917,459.9317979278669,7641.156218838471
0.08,10,500.0,400.0,0.003,2957.04658383639,109.10998799008932,108.67526289766579,105.54831955324185,4.520652702501038,489.61140144871763,7644.0596030106535
0.078,11,500.0,400.0,0.0035,2888.8475450015553,108.79860977994447,108.40289975867026,105.59023437590922,4.406830318235411,496.21664763393613,7658.323558630229
0.078,11,500.0,375.0,0.002,2970.043282740463,109.11491587078787,108.69297991907845,105.58317939081917,4.446079239242606,491.6355092772724,7678.621341037775
0.085,9,550.0,375.0,0.003,3219.0925275206223,109.95532349174532,109.40492420543362,105.41610341060344,4.849165693425883,471.076439082692,7683.485097958367
0.085,8,550.0,375.0,0.0035,3153.967180430268,109.80101105858554,109.27759558228684,105.51887034319412,4.849328365874239,481.39452276545427,7725.192839568642
0.082,8,500.0,400.0,0.003,3002.9132571436307,109.2908766934473,108.84264390513269,105.62280977000346,4.634683323092759,494.4880527558619,7727.471632822445
0.085,9,500.0,425.0,0.003,3179.6026018727052,109.84627295709598,109.31949913744468,105.53706713456006,4.762486803580357,482.56763621769073,7761.123808026881
0.08,9,500.0,400.0,0.0035,2941.1208189102545,109.01057626299546,108.6017266111221,105.69900280567875,4.520815755717722,503.81618894754376,7772.109265753917
0.082,11,550.0,375.0,0.0035,3149.4513721688895,109.70076518210628,109.19720274440351,105.57266446101308,4.676623449186268,486.6801689975113,7778.248148263591
0.08,9,500.0,375.0,0.002,3028.135034888594,109.33393888013335,108.89804542627084,105.68985585785651,4.56109085561196,498.93270632422684,7796.240756270762
0.078,10,500.0,375.0,0.0025,2952.314111766992,109.00912203316099,108.61245006028612,105.72447898790216,4.446228375927586,505.1420139899226,7798.346320785103
0.082,11,500.0,400.0,0.002,3193.2498849151716,109.83575370914906,109.32646215327512,105.58191829287932,4.634348629978358,485.40443615376194,7805.711574902118
0.082,11,500.0,425.0,0.0035,3101.548310847333,109.55397189368712,109.07686866963442,105.68359421580666,4.593085996270885,497.873719026251,7846.647267680457
0.085,8,500.0,400.0,0.002,3248.2015242378598,110.05229510680914,109.52104106364295,105.62400639576103,4.805474533849852,487.2232213235736,7868.861128392215
0.085,8,550.0,350.0,0.002,3303.1549963732195,110.19372813147442,109.64512062506518,105.59712192606369,4.892214667564643,483.44803012572595,7881.591381966015
0.085,8,500.0,425.0,0.0035,3151.186273614707,109.7621711181674,109.2644627683234,105.7320359100156,4.762671089171988,500.37294544128224,7910.41134863447
0.078,9,500.0,375.0,0.003,2939.098468824224,108.9002497981059,108.52812241906354,105.85469632366711,4.446377438062865,517.8607833244466,7915.293604277599
0.08,8,500.0,375.0,0.0025,3011.2022593570223,109.22987141521797,108.81990695678908,105.83897359517664,4.5612439008740235,513.2114245952382,7923.9926186137
0.082,11,550.0,350.0,0.002,3294.4539490673596,110.08196926947882,109.55429506617254,105.65140810305923,4.717965360339571,488.9185843167894,7932.010364210084
0.082,10,500.0,400.0,0.0025,3161.9835374832546,109.74347184469026,109.26239200598818,105.76390549561839,4.6345160183722145,502.24383165891794,7943.010387520476
0.082,10,550.0,350.0,0.0025,3224.9037291772256,109.91970377504457,109.41805397403034,105.74021693844239,4.718111883886955,498.3251313021616,7960.320932387443
0.08,11,550.0,350.0,0.003,3138.3920079839063,109.63902687688024,109.17591033364833,105.80701360859769,4.602148995577027,506.85349035751057,7969.443079489049
0.08,11,500.0,400.0,0.003,3084.9477465535397,109.46264656920383,109.02268661450913,105.85656783000759,4.520652702501038,513.1162427111508,7985.421008662332
0.082,9,550.0,350.0,0.003,3161.7684111095386,109.75489278204343,109.27852890957027,105.81838882495114,4.7182583341908835,506.8959891157606,7987.390076464951
0.08,10,550.0,350.0,0.0035,3081.17267777653,109.4707423110605,109.0315937164177,105.868505570918,4.602291722959917,514.0421074643432,7989.778318865647
0.085,11,500.0,425.0,0.0025,3385.882186269723,110.29914811827311,109.7362909063268,105.6496559051156,4.762302425822895,487.7798371000276,8003.1922309389165
0.082,8,550.0,350.0,0.0035,3105.5916531180883,109.58764425413234,109.13584879136025,105.88628640240799,4.718404711287927,514.6394128962459,8013.85634519055
0.078,8,500.0,375.0,0.0035,2930.7019771860955,108.7884073718299,108.44012522370454,105.97418667373998,4.446526425685726,529.7874827106556,8029.716964842789
0.082,9,500.0,400.0,0.003,3135.1052850946,109.64764486754656,109.1939792050678,105.9335645813878,4.634683323092759,518.2924531322539,8077.353440846351
0.085,11,550.0,375.0,0.0025,3493.160699952366,110.51735979680275,109.93230956717707,105.65452068728978,4.849002939620917,485.9832700190866,8086.217632079492
0.08,10,500.0,400.0,0.0035,3061.7693552806136,109.36128123914804,108.94730638707742,106.00626323449552,4.520815755717722,527.5859857572364,8108.642406115925
0.085,10,550.0,375.0,0.003,3410.4665425241174,110.36331633480295,109.80617631324216,105.76728675879741,4.849165693425883,497.3434864925207,8119.269726682791
0.078,8,500.0,350.0,0.002,3022.2216668226292,109.15167130259623,108.7812423574358,106.05379663127414,4.48581264194563,532.376732225842,8128.734117678536
0.078,11,500.0,375.0,0.0025,3071.074111451911,109.35441556479091,108.95282870761628,106.02784581875314,4.446228375927586,528.6437195915096,8130.748096822892
0.08,10,500.0,375.0,0.002,3159.8803523991746,109.68564656270368,109.24453191697023,105.9970575904147,4.56109085561196,522.5720060702961,8144.838411092894
0.085,9,550.0,375.0,0.0035,3334.0731394363634,110.20642160571046,109.67640309331405,105.86866387867705,4.849328365874239,507.84591428624424,8150.691213646426
0.085,10,500.0,425.0,0.003,3345.62445569483,110.21680532433041,109.6839868191123,105.85669592229527,4.762486803580357,506.7385807566269,8151.587625561638
0.082,8,500.0,400.0,0.0035,3112.990583355284,109.54839336624526,109.12136610025782,106.09127914669172,4.63485054418189,533.5340246887071,8208.93564903752
0.078,10,500.0,375.0,0.003,3050.4533771976785,109.24363968054833,108.86669944998494,106.1570660050471,4.446377438062865,541.5814268621439,8242.145351784351
0.082,8,500.0,375.0,0.002,3216.334454847992,109.87971469552204,109.42472720896212,106.07989942712837,4.6761528103238525,528.210885937918,8248.249677904392
0.085,9,500.0,400.0,0.002,3417.524209272121,110.42165083123292,109.88436020047814,105.94228812465212,4.805474533849852,511.39988366437456,8264.55215237203
0.08,9,500.0,375.0,0.0025,3135.252399369066,109.57961408986245,109.16453799189428,106.14518355024761,4.5612439008740235,537.1123285791668,8267.23830848312
0.085,9,500.0,425.0,0.0035,3309.667909363521,110.13059630951803,109.62697227880668,106.05068119034318,4.762671089171988,524.9126316188883,8296.984457826484
0.082,11,500.0,400.0,0.0025,3317.9511318964155,110.10514824555203,109.6184609053468,106.07805742080556,4.6345160183722145,526.4884786664129,8324.442757027457
0.085,9,550.0,350.0,0.002,3499.1904730058195,110.60054221224803,110.04522486378403,105.94713733455912,4.892214667564643,509.9596368015403,8327.057977572358
0.078,9,500.0,375.0,0.0035,3034.266036165133,109.12989348395256,108.77689763803501,106.27553054959378,4.446526425685726,553.7014865493588,8350.337732885308
0.085,8,550.0,350.0,0.0025,3420.161300143889,110.43815824140687,109.90992712736067,106.04530281286091,4.892366678625049,520.3950943171061,8354.721706541548
0.08,8,500.0,375.0,0.003,3115.3553272747745,109.47043665836632,109.0806589274295,106.28195381902248,4.561396869632572,550.8264622513364,8386.632949525578
0.082,11,550.0,350.0,0.0025,3407.3785141885405,110.31819195192102,109.81029285725519,106.08570575054495,4.718111883886955,524.9098197900032,8391.467106919152
0.08,11,550.0,350.0,0.0035,3239.0654742780735,109.85995526677776,109.41501878564354,106.20861267430283,4.602291722959917,540.6388390368086,8393.675863279168
0.082,10,550.0,350.0,0.003,3333.4369473641937,110.15089106894554,109.6684038897697,106.16248995934322,4.7182583341908835,533.6044920359041,8407.969575435247
0.085,8,500.0,400.0,0.0025,3380.263462307304,110.33131746628769,109.823376154604,106.13648009544612,4.805648188688405,529.7531763425726,8410.36469669973
0.082,9,550.0,350.0,0.0035,3265.9082000906355,109.98115719360375,109.52336092936162,106.22897064411382,4.718404711287927,541.4442137105374,8423.01565848561
0.082,10,500.0,400.0,0.003,3283.794232983843,110.00728922328918,109.54813467391145,106.24672856330662,4.634683323092759,542.8470069674705,8454.421528978583
0.078,9,500.0,350.0,0.002,3137.8592705574206,109.49426050511236,109.11903830082113,106.35533603443639,4.48581264194563,556.3539410591405,8464.750616014842
0.08,11,500.0,400.0,0.0035,3198.071762596677,109.71475313027604,109.29560108738102,106.31585641012049,4.520815755717722,552.0899209565819,8471.246314878703
0.08,11,500.0,375.0,0.002,3307.3311338352833,110.04013053147843,109.59374189766281,106.3065929109228,4.56109085561196,546.9437775307242,8519.573679663863
0.085,11,500.0,425.0,0.003,3528.813462516432,110.59042839512162,110.05150121900185,106.17888512750605,4.762486803580357,531.7003281209422,8570.581709688546
0.078,8,500.0,350.0,0.0025,3120.0989870124067,109.37523375573087,109.02391955194018,106.47057042150276,4.48595186274261,568.423582153646,8570.716791732468
0.082,9,500.0,400.0,0.0035,3253.892412786553,109.90600457514451,109.47360367607148,106.40342125232375,4.63485054418189,558.3688613669046,8580.785732502822
0.085,11,550.0,375.0,0.003,3622.415153463072,110.77485340871398,110.2108976676694,106.12139307652512,4.849165693425883,524.5499702793453,8589.226028446772
0.078,11,500.0,375.0,0.003,3176.9260955000927,109.58967698125707,109.20787597285474,106.46168081496927,4.446377438062865,566.0148682909257,8594.196427332696
0.085,10,550.0,375.0,0.0035,3535.1275049743385,110.61534847331667,110.0786534043129,106.22136472206365,4.849328365874239,535.2327220996059,8610.637479697203
0.082,9,500.0,375.0,0.002,3368.9916251329896,110.23836688187647,109.77790495176767,106.39197348700436,4.6761528103238525,552.9048441764232,8632.825357077734
0.08,10,500.0,375.0,0.0025,3275.2366744974606,109.9321137597845,109.51187426018953,106.4537166780807,4.5612439008740235,561.7442507238426,8636.801085562427
0.085,10,500.0,400.0,0.002,3604.408827793318,110.79408468729818,110.25069370923259,106.26311764038635,4.805474533849852,536.3619341035021,8689.105462491472
0.078,10,500.0,375.0,0.0035,3153.125218378349,109.47400880273136,109.11625225102262,106.57910921016482,4.446526425685726,578.3261772419925,8696.280076464775
0.085,10,500.0,425.0,0.0035,3485.6545677815348,110.50209013743012,109.99248772716574,106.37187565301788,4.762671089171988,550.2425545541106,8712.383484361908
0.08,9,500.0,375.0,0.003,3247.421295957202,109.82095169543703,109.42611802074232,106.58945348063203,4.561396869632572,575.6907725740065,8750.250204913746
0.082,8,500.0,375.0,0.0025,3337.5293251255534,110.1323185781766,109.6986683188461,106.5471088329823,4.676309768391018,568.5087466369633,8758.316430090574
0.085,10,550.0,350.0,0.002,3716.308820786383,111.01088644764145,110.44878473577145,106.30006334530782,4.892214667564643,537.4074809831679,8807.169235922855
0.085,9,550.0,350.0,0.0025,3625.6466650467287,110.84587766023901,110.31100080459805,106.39681400567689,4.892366678625049,548.0152596413388,8823.935944024848
0.078,10,500.0,350.0,0.002,3268.8713764343547,109.83948871875303,109.45942558739611,106.65911284058551,4.48581264194563,581.0426150079815,8826.212798803512
0.085,9,500.0,400.0,0.0025,3559.3828893630034,110.70161270083513,110.18770149737045,106.45631672100725,4.805648188688405,555.0837973354472,8830.72215470535
0.085,8,550.0,350.0,0.003,3541.9079560012246,110.6782601802117,110.1698372792554,106.48255129287921,4.892518613698904,557.7219237468421,8839.229624514233
0.082,11,500.0,400.0,0.003,3448.833102872453,110.3698364815615,109.90513637228965,106.56232302122575,4.634683323092759,568.1664853552678,8858.755651145373
0.08,8,500.0,375.0,0.0035,3224.2553910049455,109.70675588569198,109.33660536479117,106.71416810069658,4.561549761925887,588.7791299625954,8860.244160235166
0.082,11,550.0,350.0,0.003,3524.6680874840463,110.55021871802278,110.06154177151123,106.50936655695953,4.7182583341908835,561.2217732536166,8861.173226730603
0.082,10,550.0,350.0,0.0035,3446.0823722196847,110.37797364135496,109.91411138012579,106.57441516274415,4.718404711287927,569.1529721160869,8864.990124680151
0.078,9,500.0,350.0,0.0025,3243.071092175159,109.71852646175776,109.36247103787066,106.77330204787233,4.48595186274261,593.2964654643694,8925.517129985144
0.085,8,500.0,400.0,0.003,3518.9755555161446,110.6054835185781,110.120220957778,106.63674958188587,4.805821756721196,572.9535885516406,8968.883875598649
0.082,10,500.0,400.0,0.0035,3411.4106713304323,110.26649821182644,109.82866812202367,106.71798282253492,4.63485054418189,583.9671713379929,8980.117592490475
0.08,8,500.0,350.0,0.002,3347.6333436092045,110.08062138558012,109.68743323384092,106.79416628405896,4.601863326630906,591.4122079439039,8998.531129273691
0.078,8,500.0,350.0,0.003,3221.9511600203773,109.59480886267698,109.26207550478512,106.87708045194816,4.486091013946614,604.6906885796739,9021.38531384591
0.08,11,500.0,375.0,0.0025,3431.036446317772,110.28739546257768,109.86194020086336,106.76459308317162,4.5612439008740235,587.1212567443287,9032.777445155809
0.082,10,500.0,375.0,0.002,3538.3375226720354,110.59991142406794,110.13391862816297,106.70646783431187,4.6761528103238525,578.3604463341246,9044.970772982962
0.078,11,500.0,375.0,0.0035,3287.2002077725137,109.82077666020606,109.45821186060019,106.88494157485405,4.446526425685726,603.6749084431267,9067.667639770456
0.085,11,550.0,375.0,0.0035,3756.901800582341,111.02782707597704,110.4843809935362,106.57700066422068,4.849328365874239,563.5748665208175,9105.112127448294
0.08,10,500.0,375.0,0.003,3395.5290991557945,110.17422931855856,109.7742883572129,106.89928568022503,4.561396869632572,601.298303762946,9140.452880335079
0.085,11,500.0,400.0,0.002,3808.6422413887553,111.16962621894696,110.62007036229329,106.58651818166018,4.805474533849852,562.125333396552,9142.555110460507
0.085,11,500.0,425.0,0.0035,3678.9483178445203,110.87668206055005,110.36103781107904,106.69564255520265,4.762671089171988,576.3787419167052,9156.657849943098
0.082,9,500.0,375.0,0.0025,3498.8440171457546,110.49179772910907,110.05273285637,106.86056636344374,4.676309768391018,594.2397073759,9164.86372537055
0.078,11,500.0,350.0,0.002,3415.1667542242994,110.18737935625923,109.80242708958349,106.96514598535705,4.48581264194563,606.4561229831214,9213.233143957483
0.08,9,500.0,375.0,0.0035,3364.2238808963034,110.05802960896308,109.68287721826903,107.02292614190794,4.561549761925887,614.5900800253044,9243.913101168595
0.085,10,500.0,400.0,0.0025,3756.2027661072752,111.07499329745676,110.55504897139762,106.7787130850268,4.805648188688405,581.2151640438974,9280.283588533994
0.082,8,500.0,375.0,0.003,3463.902898984884,110.38047265848616,109.96757155445911,107.003005936861,4.676466647998723,609.2266345365482,9280.804601789383
0.078,10,500.0,350.0,0.0025,3381.514138346168,110.0644631505228,109.70361922206735,107.07827954381825,4.48595186274261,618.8919233994314,9306.005292349584
0.085,11,550.0,350.0,0.002,3954.265239023989,111.4247963841389,110.85583484046106,106.65592777367756,4.892214667564643,565.8115023714662,9321.990502117726
0.085,10,550.0,350.0,0.0025,3852.357612081342,111.25713451314587,110.71553792142348,106.75124776582507,4.892366678625049,576.5873578284063,9328.145548502976
0.085,9,550.0,350.0,0.003,3756.7098740162537,111.08686885746134,110.57186242978307,106.83552181432592,4.892518613698904,586.4314061712984,9331.819742464233
0.085,8,550.0,350.0,0.0035,3667.9892310651735,110.9141119992959,110.4249428725961,106.90912665244147,4.892670472824201,595.3530362825138,9333.79281864006
0.082,11,550.0,350.0,0.0035,3645.942963894225,110.77812579656808,110.30813153473669,106.92264553636359,4.718404711287927,597.7842941209283,9339.895089753363
0.078,9,500.0,350.0,0.003,3352.1496214591307,109.93879248491533,109.60136842277136,107.18097495424685,4.486091013946614,630.4429287644916,9394.661007798082
0.08,9,500.0,350.0,0.002,3500.48905793832,110.43305334979355,110.03477876775192,107.10312372607628,4.601863326630906,617.2856654093534,9398.576346596295
0.082,11,500.0,400.0,0.0035,3585.3990559482518,110.62990105197893,110.18658555752276,107.03498525145943,4.63485054418189,610.3439181106907,9407.014263319526
0.085,9,500.0,400.0,0.003,3707.7646002368006,110.97670186162867,110.48553419355478,106.95810411313886,4.805821756721196,599.4201384303489,9413.556641150712
0.078,8,500.0,350.0,0.0035,3327.431561091077,109.81046978058896,109.49579653707667,107.27357635902666,4.486230095592392,641.1150072555122,9479.622044549316
0.082,11,500.0,375.0,0.002,3724.2121345563996,110.96437518375515,110.49279443510243,107.02340386448965,4.6761528103238525,604.5926344562233,9484.755615689814
0.08,8,500.0,350.0,0.0025,3466.966630279588,110.3114382853448,109.93791769862969,107.22349039374721,4.602006196812591,630.5250825346611,9499.010000844324
0.085,8,500.0,400.0,0.0035,3663.807815932886,110.87487776714116,110.41167456922112,107.12508880777423,4.805995237991678,616.72303973043,9542.668821590925
0.08,11,500.0,375.0,0.003,3559.5607059016133,110.5302946128004,110.1251944271069,107.21147060084351,4.561396869632572,627.6632941383671,9557.340388406921
0.082,10,500.0,375.0,0.0025,3676.9660999065727,110.85417537804808,110.40963992983943,107.17645447032275,4.676309768391018,620.7457029953878,9599.275868895029
0.085,8,500.0,375.0,0.002,3810.8419887929986,111.21966608085488,110.72695253479208,107.11006863353481,4.848840104418728,610.4739003440275,9625.171898738268
0.08,10,500.0,375.0,0.0035,3520.340215930246,110.41207140313227,110.03186620646265,107.33402584832632,4.561549761925887,641.1562218574951,9654.431179341169
0.082,9,500.0,375.0,0.003,3633.7552636678633,110.74076416115456,110.32250654042814,107.31781346577623,4.676466647998723,635.9770680757588,9708.987135137537
0.078,11,500.0,350.0,0.0025,3535.337421730157,110.41306727557318,110.04738702099137,107.38552191405928,4.48595186274261,645.2234786401876,9712.296332569656
0.085,11,500.0,400.0,0.0025,3970.5108794366897,111.45148886450136,110.9254474182682,107.10369253143593,4.805648188688405,608.1634659155395,9759.087053364101
0.078,10,500.0,350.0,0.003,3497.913898930634,110.28542496636925,109.94326328750097,107.48712357485488,4.486091013946614,656.9286340426299,9793.862347623308
0.082,8,500.0,375.0,0.0035,3595.018493654791,110.62425643159128,110.23153042326547,107.44785510280572,4.676623449186268,650.2826025604032,9814.285394415905
0.08,10,500.0,350.0,0.002,3669.5813245768377,110.78826389062695,110.38485122402749,107.41442556928226,4.601863326630906,643.915102028843,9825.607372981873
0.085,9,550.0,350.0,0.0035,3891.974941169782,111.32359414504427,110.82790186746995,107.26352090779297,4.892670472824201,625.1326245155275,9849.388126958296
0.085,10,550.0,350.0,0.003,3992.87785632344,111.49902211079947,110.97735867290116,107.19142656446098,4.892518613698904,616.1082188059048,9859.749916082279
0.085,11,550.0,350.0,0.0025,4100.05048885775,111.6719644147788,111.1235731504285,107.10863201916823,4.892366678625049,606.1315755518336,9867.420343942218
0.078,9,500.0,350.0,0.0035,3464.7489309017956,110.1551319625568,109.83581704572296,107.57860510127398,4.486230095592392,667.7303677369329,9871.06635222806
0.085,10,500.0,400.0,0.003,3914.390580212448,111.35101266233252,110.8538771695485,107.28203003724803,4.805821756721196,626.7025238057611,9887.76962955167
0.08,9,500.0,350.0,0.0025,3627.6494647329077,110.66461128441243,110.28605864714923,107.53369772499903,4.602006196812591,657.3482801813902,9919.043641629754
0.082,8,500.0,350.0,0.002,3751.9400240187297,111.00876405120523,110.5920917734757,107.52814272943563,4.717965360339571,652.9384392642057,9993.697999734133
0.08,8,500.0,350.0,0.003,3590.236183996818,110.53814693806548,110.18374551223937,107.64227047310852,4.602148995577027,669.8520618489988,10008.084142986729
0.085,9,500.0,400.0,0.0035,3862.139303947534,111.24700310217352,110.77795771504252,107.44792507995098,4.805995237991678,644.3073863370313,10011.304674948939
0.082,11,500.0,375.0,0.0025,3871.7362954625723,111.21947843952128,110.76941579312206,107.49479463681266,4.676309768391018,648.041868870754,10061.625876134342
0.08,11,500.0,375.0,0.0035,3692.4869501983767,110.76890640030345,110.38359687015688,107.64748747992265,4.561549761925887,668.4919629391146,10091.900657980794
0.085,9,500.0,375.0,0.002,4022.0693434425457,111.59290542895164,111.09424010366244,107.43282307963167,4.848840104418728,637.8980043038986,10107.695452917911
0.082,10,500.0,375.0,0.003,3820.53185334171,111.1039601880251,110.68029053508356,107.6350615999328,4.676466647998723,663.5156789568771,10165.324653576134
0.078,11,500.0,350.0,0.003,3659.15379480351,110.63472980101687,110.28778305899375,107.79554538613073,4.486091013946614,684.1614776927655,10219.106902009406
0.085,8,500.0,375.0,0.0025,3967.3845963148115,111.48397201694293,111.01346183051837,107.59717770097686,4.849002939620917,655.5986778216588,10229.46096724441
0.082,9,500.0,375.0,0.0035,3773.289056881186,110.98534593400103,110.58731981436708,107.76397993696855,4.676623449186268,678.0349774548681,10263.76727158388
0.08,11,500.0,350.0,0.002,3854.7799303808806,111.1462782289079,110.73767522525777,107.72809209106565,4.601863326630906,671.3149411413307,10279.714520939568
0.078,10,500.0,350.0,0.0035,3617.7254443029715,110.50244778691088,110.17844464511344,107.88589599811961,4.486230095592392,695.0898668919602,10288.66985356285
0.08,10,500.0,350.0,0.0025,3804.673725530669,111.02056823064738,110.63693229806877,107.8462585437833,4.602006196812591,684.9394528347042,10366.325556312246
0.085,11,500.0,400.0,0.003,4138.6421788097605,111.72844559277708,111.22527879571598,107.60855080118695,4.805821756721196,654.8171585693397,10391.56481547771
0.085,10,550.0,350.0,0.0035,4137.464988806378,111.7366278740428,111.2343394576086,107.62086075680992,4.892670472824201,655.8946444910823,10400.662213361342
0.085,11,550.0,350.0,0.003,4250.169364906621,111.91475562226898,111.3863607534206,107.55029357724236,4.892518613698904,646.7727903584478,10423.094350374344
0.08,9,500.0,350.0,0.003,3758.631801979626,110.89204774103915,110.53266705300936,107.95369701395806,4.602148995577027,697.607885863381,10447.781358445247
0.082,9,500.0,350.0,0.002,3943.9458925942968,111.37106809865153,110.94900596405785,107.84447050679037,4.717965360339571,680.7522359141979,10460.57355900229
0.085,10,500.0,400.0,0.0035,4078.442193315292,111.62222785804855,111.14727806248871,107.77334410899084,4.805995237991678,672.7223908884188,10509.811576100272
0.08,8,500.0,350.0,0.0035,3717.080239536119,110.76082235157169,110.42500512331749,108.050761156004,4.602291722959917,709.3268226874736,10524.582520293932
0.082,8,500.0,350.0,0.0025,3893.813634727555,111.24690422481977,110.85045302489789,107.97007378490224,4.718111883886955,695.21786836716,10555.16214012306
0.085,10,500.0,375.0,0.002,4251.353387604601,111.96925512667383,111.464574831347,107.75816106880043,4.848840104418728,666.1506384763204,10620.192118567125
0.082,11,500.0,375.0,0.003,4024.07410003313,111.47008770596854,111.04094984855026,107.95477190844137,4.676466647998723,691.8577920993736,10649.89342418348
0.078,11,500.0,350.0,0.0035,3786.2713898731663,110.85244078769769,110.52370233836241,108.19546818816346,4.486230095592392,723.2073254665846,10732.552572172299
0.085,9,500.0,375.0,0.0025,4188.099838194531,111.85810123697047,111.38170284811176,107.9214100503226,4.849002939620917,684.1480294286134,10735.957677064463
0.082,10,500.0,375.0,0.0035,3968.5988647568793,111.34934587300712,110.94596455979202,108.08255515124819,4.676623449186268,706.5884251323283,10741.689330989682
0.08,11,500.0,350.0,0.0025,3997.9098185653725,111.37933439001472,110.99056332264001,108.16119320328386,4.602006196812591,713.3131932264034,10840.948938470681
0.085,8,500.0,375.0,0.003,4129.121735769355,111.74363776623049,111.2947207401387,108.0725454802212,4.849165693425883,701.1512501629456,10846.305888394365
0.08,10,500.0,350.0,0.003,3943.4720348963688,111.24873775928482,110.88432696152645,108.26748589568673,4.602148995577027,726.1434465313382,10914.98467690973
0.082,10,500.0,350.0,0.002,4153.0897424279065,111.73629381959958,111.30878596614829,108.16325151744758,4.717965360339571,709.3678967211151,10956.03935884626
0.08,9,500.0,350.0,0.0035,3893.074986445483,111.11543796892019,110.77469271516557,108.36337696497984,4.602291722959917,737.9982313257779,10983.62009527858
0.085,11,550.0,350.0,0.0035,4404.2179168647335,112.15324893497171,111.64429045912952,107.98117433921509,4.892670472824201,687.6597620689538,10987.693567273105
0.085,11,500.0,400.0,0.0035,4312.506035350735,112.00058176994646,111.51966458909558,108.1013694427821,4.805995237991678,701.9846875023081,11038.235336002375
0.082,9,500.0,350.0,0.0025,4094.159163333498,111.60998781095928,111.20820349878117,108.28771014344335,4.718111883886955,724.0371177576443,11043.274223494309
0.082,8,500.0,350.0,0.003,4039.5804693885675,111.4808145264969,111.10402150897573,108.40118066136085,4.7182583341908835,737.705448782563,11125.1265080042
0.085,11,500.0,375.0,0.002,4498.468523048475,112.34874500732943,111.83798578372534,108.08610614968829,4.848840104418728,695.2484107261052,11162.692961536906
0.082,11,500.0,375.0,0.0035,4180.790034620384,111.71628326731458,111.30749102528685,108.40360239889108,4.676623449186268,735.9584563099868,11248.131018387421
0.085,10,500.0,375.0,0.0025,4427.005318472883,112.23534765476096,111.75299837675364,108.2482373024501,4.849002939620917,713.5408172978206,11272.757978141224
0.085,9,500.0,375.0,0.003,4359.195571086599,112.1186411880293,111.66389769522075,108.39822014247738,4.849165693425883,730.8071872099787,11376.415226485713
0.08,11,500.0,350.0,0.003,4144.627885273876,111.60824230346962,111.23874995715471,108.58365754567798,4.602148995577027,755.4735025138513,11409.790106211005
0.08,10,500.0,350.0,0.0035,4085.61586838081,111.47284796916247,111.12712422769155,108.67836374093075,4.602291722959917,767.4609062078354,11470.417011363392
0.085,8,500.0,375.0,0.0035,4295.587947169287,111.9987455488513,111.57082587460255,108.53644304984735,4.849328365874239,747.0434475600753,11474.176597492247
0.082,11,500.0,350.0,0.002,4379.200031067218,112.1044683300425,111.67145823509661,108.48450743328077,4.717965360339571,738.8009487976456,11480.162074389062
0.082,10,500.0,350.0,0.0025,4311.756481564268,111.97599886029367,111.5688260102434,108.60780946723182,4.718111883886955,753.6711566318472,11560.260446927534
0.082,9,500.0,350.0,0.003,4248.144965366027,111.84466376212808,111.4625927165639,108.72009357155345,4.7182583341908835,767.5122313652003,11634.133578512294
0.082,8,500.0,350.0,0.0035,4188.863099701769,111.7105718064661,111.35288778891035,108.8217228924089,4.718404711287927,780.3314548266353,11702.364744498696
0.085,8,500.0,350.0,0.002,4506.010099316911,112.39928846995731,111.94602604953323,108.61697831711835,4.892214667564643,749.6910785605737,11718.750272855412
0.085,11,500.0,375.0,0.0025,4683.876350424856,112.61574116457602,112.12737754783807,108.57768310595532,4.849002939620917,743.7938706274433,11839.896822569794
0.085,10,500.0,375.0,0.003,4607.591165225075,112.49676852705541,112.03613636996434,108.72650078155864,4.849165693425883,761.3211945685516,11937.153153592648
0.08,11,500.0,350.0,0.0035,4294.574462438418,111.83307770724602,111.48232442783895,108.99574198389267,4.602291722959917,797.7297685052713,11985.072024736053
0.085,9,500.0,375.0,0.0035,4534.891378611332,112.37460777965946,111.94092157763282,108.86352525259834,4.849328365874239,777.787280452096,12027.538160393005
0.082,11,500.0,350.0,0.0025,4546.434768037797,112.3449645386119,111.93234706826217,108.93039351108303,4.718111883886955,784.1356981956757,12106.190696586009
0.082,10,500.0,350.0,0.003,4474.073246609265,112.21144614055524,111.82404206465469,109.04147893023796,4.7182583341908835,798.1464788792063,12172.293722122604
0.082,9,500.0,350.0,0.0035,4405.526531980712,112.07517305455295,111.71226447403373,109.14188108970168,4.718404711287927,811.10791287024,12231.92677039741
0.085,9,500.0,350.0,0.002,4760.386853383343,112.77645182386804,112.31732499953641,108.94426812329193,4.892214667564643,780.4939325081373,12291.101741129465
0.085,8,500.0,350.0,0.0025,4683.737435872371,112.64854114054761,112.21633095477917,109.07792011209409,4.892366678625049,796.9056740743803,12376.342615093568
0.085,11,500.0,375.0,0.003,4874.084714261182,112.87804973788481,112.41146596049175,109.05741114390075,4.849165693425883,792.7103185027179,12528.55842417197
0.085,10,500.0,375.0,0.0035,4792.646075649818,112.75360052087592,112.31408606807392,109.19322422729027,4.849328365874239,809.4035470144863,12611.847861607243
0.082,11,500.0,350.0,0.003,4717.195188119942,112.581188876862,112.18839611522822,109.36535857341376,4.7182583341908835,829.6240868534042,12739.679962912764
0.082,10,500.0,350.0,0.0035,4639.6639499133025,112.44271301703844,112.07452528186073,109.46452097611767,4.718404711287927,842.7242635432391,12790.915881262348
0.085,10,500.0,350.0,0.002,5033.330032404759,113.15675807872948,112.69170424846864,109.27417772874504,4.892214667564643,812.1700067387817,12894.573091790979
0.085,9,500.0,350.0,0.0025,4947.2605422782135,113.0265436037553,112.58852934612707,109.40660839640768,4.892366678625049,828.8006031209447,12971.884730690565
0.085,8,500.0,350.0,0.003,4865.285632854393,112.89338018018918,112.48163763817251,109.52761787104805,4.892518613698904,844.3199970518049,13042.286341367837
0.085,11,500.0,375.0,0.0035,5068.629088815589,113.13575378677184,112.69034860601383,109.52556381615217,4.849328365874239,841.9095063500241,13227.148174976914
0.082,11,500.0,350.0,0.0035,4891.105900558389,112.81321895781593,112.43969682676843,109.78966446713608,4.718404711287927,875.1965809740666,13379.408166933194
0.085,11,500.0,350.0,0.002,5324.601612264839,113.5402373600053,113.06919315865639,109.60673099618714,4.892214667564643,844.7365774042914,13529.192729889462
0.085,10,500.0,350.0,0.0025,5229.47825287078,113.40769542513415,112.96381497192074,109.73792722912422,4.892366678625049,861.5831540299363,13598.864917297376
0.085,9,500.0,350.0,0.003,5137.824562408651,113.27220684909004,112.85471880207899,109.85767054814382,4.892518613698904,877.2878574281017,13660.651958978908
0.085,8,500.0,350.0,0.0035,5050.2527586860615,113.13388518615442,112.74203980914339,109.96633829115649,4.892670472824201,891.858982355709,13715.2684118652
0.085,11,500.0,350.0,0.0025,5530.153436526807,113.792026787577,113.34221725623999,110.07190056745968,4.892366678625049,895.2708161972912,14257.315334801291
0.085,10,500.0,350.0,0.003,5429.184260957236,113.65418921115985,113.23089399940564,110.19036424945725,4.892518613698904,911.1574669293984,14310.768349579937
0.085,9,500.0,350.0,0.0035,5331.677602926766,113.51352142569475,113.1159873888668,110.29772208072862,4.892670472824201,925.8806741953925,14356.09165972791
0.085,11,500.0,350.0,0.003,5739.128461960547,114.03935750611114,113.61019271523568,110.52572302469056,4.892518613698904,945.9465239347371,14992.671344582459
0.085,10,500.0,350.0,0.0035,5632.047384701764,113.89631957348452,113.49303566710778,110.63175710363834,4.892670472824201,960.8179701721574,15028.972941547456
0.085,11,500.0,350.0,0.0035,5951.126674040135,114.28230992546584,113.87321418922639,110.9684675001158,4.892670472824201,996.6887734365812,15733.951677993122
