f0,t_hold,t_switch,k1,k2,sse,peak,mid_mean,late_mean,jump_pct,loss
0.16,8,35,0.05,0.3,8738.89504300468,117.09689187930964,116.41155774472281,111.40800026737753,4.520652702501038,10880.782478795947
0.16,8,35,0.05,0.24,8975.157559608168,117.38818956350143,116.69942586062166,111.66165577148033,4.520652702501038,11220.422052155813
0.16,8,35,0.05,0.2,9205.526776024899,117.67643303663718,116.9862159047768,111.91798752754774,4.520652702501038,11558.184454198055
0.16,8,35,0.05,0.16,9540.183871032488,118.09525873505083,117.40774368131515,112.30667581401441,4.520652702501038,12060.264059449553
0.16,8,40,0.05,0.3,9892.746422002077,118.40132652021649,117.69515627402275,112.53106618689978,4.520652702501038,12520.152484710456
0.16,8,40,0.05,0.24,10066.030909109042,118.62917374621175,117.92255406318097,112.73440392588401,4.520652702501038,12787.773208193068
0.16,8,35,0.05,0.12,10070.42450119675,118.73823131446626,118.06817163956887,112.96095316897507,4.520652702501038,12881.337509871668
0.16,8,40,0.05,0.2,10233.52877684052,118.84916908281654,118.1451725612596,112.93972155146683,4.520652702501038,13051.49139880243
0.16,8,40,0.05,0.16,10474.665260170153,119.15814263331924,118.4639072215604,113.25039410294569,4.520652702501038,13438.976232991005
0.16,8,45,0.05,0.3,10737.339683510949,119.44167463480034,118.7213270302963,113.43081118096649,4.520652702501038,13802.706531000767
0.16,10,35,0.05,0.3,10976.634138031914,119.04417724699395,118.3263332916288,113.08153542388821,4.520652702501038,13867.4683845033
0.16,8,45,0.05,0.24,10858.152177863103,119.61077660536299,118.89516554730378,113.59348230509366,4.520652702501038,14004.921102188473
0.16,8,40,0.05,0.12,10851.725868764588,119.60884799186908,118.94262315037159,113.76974624181146,4.520652702501038,14060.519317577293
0.16,8,45,0.05,0.2,10974.876892922246,119.7668505006251,119.05985908968236,113.75752830019468,4.520652702501038,14202.920536592384
0.16,10,35,0.05,0.24,11282.891309853772,119.37122955974509,118.64948023782196,113.36589358225442,4.520652702501038,14315.690572397707
0.16,8,45,0.05,0.16,11142.569646080656,119.9748780856841,119.28619756568946,114.00487025205399,4.520652702501038,14491.053524259496
0.16,10,35,0.05,0.2,11581.96610968039,119.69493158693673,118.97149513759977,113.65331715937431,4.520652702501038,14761.740916006926
0.16,8,50,0.05,0.3,11319.93429579283,120.25440937112442,119.53190347263835,114.15034668701706,4.520652702501038,14764.600946913826
0.16,8,35,0.04,0.3,11625.002316768498,119.63650295392766,118.90877174216605,113.590218733655,4.520652702501038,14773.80062838022
0.16,8,50,0.05,0.24,11403.833204070781,120.36207067383003,119.65328211358349,114.28024455859146,4.520652702501038,14914.126351338062
0.16,8,45,0.05,0.12,11402.955069890178,120.25826461188414,119.60732266085252,114.41407140050896,4.520652702501038,14945.306497868927
0.16,8,50,0.05,0.2,11484.831935100912,120.45421660830964,119.76206120435366,114.410901883474,4.520652702501038,15059.01128590116
0.16,8,50,0.05,0.16,11600.753287820511,120.56814530836708,119.90299305078763,114.60664868182918,4.520652702501038,15267.216627305083
0.16,8,35,0.04,0.24,12005.08366120331,120.02603310151157,119.29363080713831,113.92873927849398,4.520652702501038,15332.74803942638
0.16,10,35,0.05,0.16,12017.096028685917,120.16541830574563,119.44493746009145,114.0892763047903,4.520652702501038,15424.933148414986
0.16,8,50,0.05,0.12,11778.830480073419,120.71030346345488,120.08895755047527,114.92540950118577,4.520652702501038,15589.198203068943
0.16,8,35,0.04,0.2,12377.72688987833,120.41175681083114,119.67732438612987,114.27106116274234,4.520652702501038,15891.30116878004
0.16,10,40,0.05,0.3,12467.959491733114,120.50925600281145,119.76775859514999,114.34094444271531,4.520652702501038,16023.077235303414
0.16,10,40,0.05,0.24,12693.824401726773,120.76534831194799,120.02329972802131,114.5691203554479,4.520652702501038,16377.140009717077
0.16,10,35,0.05,0.12,12707.56407952639,120.88801671990198,120.187035918787,114.82346253302963,4.520652702501038,16508.587014411063
0.16,8,35,0.04,0.16,12922.456487705575,120.97271324906885,120.24177907126102,114.79058028244611,4.520652702501038,16725.76935258216
0.16,10,40,0.05,0.2,12912.462255268521,121.01266101855377,120.27351660569063,114.79955948265768,4.520652702501038,16726.12421006328
0.18,8,35,0.05,0.3,13350.701261439737,120.82906315611214,120.08111024701293,114.61324989933163,4.847125499332305,17058.698474168923
0.16,10,40,0.05,0.16,13227.572479047156,121.36007569380217,120.6318448426016,115.14832321887447,4.520652702501038,17238.615505311544
0.16,12,35,0.05,0.3,13515.953248407635,120.97169480846371,120.22136057271908,114.73562993156648,4.520652702501038,17297.53079873265
0.18,8,35,0.05,0.24,13705.501703604557,121.16674522656061,120.41470898091848,114.90645072093264,4.847125499332305,17584.395322122593
0.16,8,40,0.04,0.3,13613.648079903283,121.49814654035902,120.74024722586083,115.18958223229895,4.520652702501038,17665.431062325202
0.16,10,45,0.05,0.3,13565.552974184598,121.67891183478122,120.92126373311255,115.35085494654199,4.520652702501038,17715.0416693871
0.16,12,35,0.05,0.24,13905.203386781464,121.33874115514078,120.58396409830073,115.05429008086602,4.520652702501038,17874.861290154968
0.16,10,45,0.05,0.24,13724.132533100068,121.86913886601533,121.116782537669,115.53354034348605,4.520652702501038,17983.33452354773
0.16,10,35,0.04,0.3,14033.812250601262,121.42304694944804,120.66512532959275,115.12273236356262,4.520652702501038,18045.471240572584
0.16,10,40,0.05,0.12,13720.610923339504,121.86701161169782,121.17020199379124,115.73156389794191,4.520652702501038,18059.088928121324
0.16,8,35,0.04,0.12,13792.821118739972,121.83500013392143,121.12731730136265,115.66627706910252,4.520652702501038,18098.577004432685
0.18,8,35,0.05,0.2,14051.867238674915,121.50098296908412,120.74715360977396,115.20282459398737,4.847125499332305,18106.980156034475
0.16,8,40,0.04,0.24,13915.99385188653,121.81978142319262,121.06116477141464,115.47594118892904,4.520652702501038,18142.183528603065
0.16,10,45,0.05,0.2,13877.400787199924,122.04473320293884,121.30204093842706,115.7177960479811,4.520652702501038,18245.725025881467
0.16,12,35,0.05,0.2,14285.888146058414,121.70212522079316,120.94539424989469,115.3764661825276,4.520652702501038,18449.89303495344
0.16,8,40,0.04,0.2,14209.842673057967,122.13053884466693,121.37554898804046,115.76527584863048,4.520652702501038,18613.914359863054
0.16,10,45,0.05,0.16,14097.558224129038,122.27881303258144,121.55668131080643,115.99565909614233,4.520652702501038,18626.787170057374
0.16,10,35,0.04,0.24,14500.65137889801,121.85104741111142,121.0879289685922,115.49417874729365,4.520652702501038,18739.91628746892
0.18,8,35,0.05,0.16,14555.483960214393,121.98680903485898,121.23595629985535,115.65238291846616,4.847125499332305,18882.638086694104
0.16,10,50,0.05,0.3,14329.007303639888,122.59338873666802,121.83314303987022,116.15908418041319,4.520652702501038,18990.326429839493
0.16,10,50,0.05,0.24,14439.478963406365,122.71457843740694,121.96974823191962,116.30505513235028,4.520652702501038,19188.362180854932
0.16,10,45,0.05,0.12,14439.065522952682,122.59775094351875,121.91803908607751,116.4554845397275,4.520652702501038,19225.43077750682
0.16,12,35,0.05,0.16,14840.61284720564,122.2304601275021,121.47696124080127,115.86529193665827,4.520652702501038,19305.369567697395
0.16,8,40,0.04,0.16,14635.311365505086,122.56732354912569,121.82603141906274,116.20343478573167,4.520652702501038,19309.631925153546
0.16,10,50,0.05,0.2,14546.02699698986,122.81831105038027,122.09218397299762,116.45189605009499,4.520652702501038,19379.712770352977
0.16,10,35,0.04,0.2,14958.831469960785,122.27497231212884,121.50955814194637,115.86988446252654,4.520652702501038,19434.17797542897
0.18,8,40,0.05,0.3,15070.92532758816,122.34186022807144,121.56925502358237,115.9118994729777,4.847125499332305,19574.237112815925
0.16,10,50,0.05,0.16,14698.297368304267,122.94657540149919,122.25082419014231,116.67191946810021,4.520652702501038,19653.769740735486
0.18,8,40,0.05,0.24,15331.968403544433,122.60632846786832,121.83311302381476,116.14721362730134,4.847125499332305,19987.447348337686
0.16,12,40,0.05,0.3,15408.291061096394,122.61659539790347,121.83942892557505,116.14746398972521,4.520652702501038,20068.351165308322
0.16,10,50,0.05,0.12,14931.674440254616,123.1066365660302,122.46018192912152,117.03029170828549,4.520652702501038,20075.658212952025
0.16,8,45,0.04,0.3,15190.110357057294,123.0652992472943,122.28564810791336,116.54157529095872,4.520652702501038,20112.928371973936
0.18,8,35,0.05,0.12,15353.413639786735,122.73302614876911,122.00219303449053,116.40953467095419,4.847125499332305,20145.87222706956
0.18,8,40,0.05,0.2,15584.647715660918,122.86173855455273,122.09148198485066,116.3848696182239,4.847125499332305,20394.35235951947
0.16,8,40,0.04,0.12,15305.394512594807,123.20517481925735,122.50341822916047,116.936863984442,4.520652702501038,20429.94869009641
0.16,10,35,0.04,0.16,15629.300131711942,122.89167281123375,122.13001095186883,116.44023703137873,4.520652702501038,20471.554566626815
0.16,8,45,0.04,0.24,15418.992948976822,123.31721157859457,122.54454460033874,116.78326148622881,4.520652702501038,20502.26408628751
0.16,12,40,0.05,0.24,15696.987803396712,122.9043498430541,122.12651338617884,116.40344463139999,4.520652702501038,20525.970229532064
0.16,8,35,0.03,0.3,15842.705473598455,122.74572601982581,121.96536640718227,116.25617147618158,4.520652702501038,20575.361909460065
0.16,12,35,0.05,0.12,15722.38418640626,123.04229801251981,122.31058127100641,116.6889281493908,4.520652702501038,20703.29076033196
0.16,8,45,0.04,0.2,15640.9796575612,123.54984567476147,122.789965634184,117.02713912331362,4.520652702501038,20884.13511710399
0.16,12,40,0.05,0.2,15976.817606542028,123.18229586274352,122.40767417316735,116.66201567776815,4.520652702501038,20977.22261163361
0.18,8,40,0.05,0.16,15948.644977090225,123.22054224824267,122.4614990180728,116.74457075527147,4.847125499332305,20990.917903240454
0.16,8,45,0.04,0.16,15961.084493118316,123.86011059597045,123.12747558328984,117.39512983566837,4.520652702501038,21440.415792094613
0.16,8,35,0.03,0.24,16458.47957546848,123.26872716412117,122.48195970393132,116.7096054854902,4.520652702501038,21498.04264737408
0.18,8,45,0.05,0.3,16334.879254777536,123.54983590406985,122.7603660306982,116.95345302884088,4.847125499332305,21541.626529223435
0.16,10,40,0.04,0.3,16471.985835630872,123.46939039163784,122.67799039402436,116.87829633573021,4.520652702501038,21629.83181338457
0.16,12,40,0.05,0.16,16380.574573732338,123.57283618303451,122.81041507435216,117.05345434850945,4.520652702501038,21639.839126442275
0.16,12,35,0.04,0.3,16661.839829307482,123.17732157902081,122.38950268223508,116.62557239611837,4.520652702501038,21644.766707593797
0.18,10,35,0.05,0.3,16747.30065764543,123.08650246975851,122.3001258166685,116.54760538199426,4.847125499332305,21674.277941047778
0.18,8,45,0.05,0.24,16518.165028236268,123.74631522753751,122.96227900133985,117.14188065966646,4.847125499332305,21853.817684796606
0.18,8,40,0.05,0.12,16517.362083262244,123.74412600188833,123.01744921648677,117.34614169648671,4.847125499332305,21942.97078095832
0.16,8,50,0.04,0.3,16372.121686212695,124.35695365194682,123.57362074320847,117.68212008015323,4.520652702501038,22100.784132613982
0.18,8,45,0.05,0.2,16695.21990821096,123.92768523415047,123.15360036774719,117.33193289667426,4.847125499332305,22158.677373848277
0.16,10,35,0.04,0.12,16701.705698465223,123.84007830238218,123.10385429718356,117.40207663995184,4.520652702501038,22177.381570302725
0.16,10,40,0.04,0.24,16844.734058665905,123.82321519715751,123.03096831661674,117.19285177176388,4.520652702501038,22223.04798994525
0.16,12,45,0.05,0.3,16808.637488186934,123.93128558943823,123.13573254921243,117.280760409652,4.520652702501038,22251.55597969458
0.16,8,45,0.04,0.12,16460.314162821593,124.28311958791443,123.60677971579382,118.00467234536683,4.520652702501038,22317.95211061218
0.18,10,35,0.05,0.24,17201.532464218337,123.46636478520726,122.67532339596877,116.87686999107613,4.847125499332305,22355.509801332166
0.16,8,50,0.04,0.24,16543.487458681,124.52613288004326,123.76430939766524,117.88567009445397,4.520652702501038,22409.037937843903
0.16,8,35,0.03,0.2,17065.571548258693,123.78710529444918,122.99747285428585,117.16853368346509,4.520652702501038,22424.649166453433
0.16,12,35,0.04,0.24,17227.639355792064,123.64737896115398,122.85378417827053,117.03298056829277,4.520652702501038,22494.0379599868
0.16,12,45,0.05,0.24,17012.62756056051,124.14523303790823,123.35559133796576,117.48588527607137,4.520652702501038,22599.45336263498
0.18,8,45,0.05,0.16,16949.290917211598,124.16947082668065,123.41658122406031,117.6185465754224,4.847125499332305,22600.447199851173
0.16,12,40,0.05,0.12,17012.886445383516,124.14289304519846,123.41571541809799,117.7083228958504,4.520652702501038,22699.62795954413
0.16,8,50,0.04,0.2,16709.173691997024,124.67098618679107,123.93528117516136,118.09052544870518,4.520652702501038,22707.294861239305
0.16,10,40,0.04,0.2,17207.347019444027,124.16514253080872,123.37683026026703,117.51073816160074,4.520652702501038,22810.105394770944
0.16,12,45,0.05,0.2,17209.871974903162,124.34275162309805,123.56394364246171,117.6928059264181,4.520652702501038,22939.462373102724
0.18,8,35,0.04,0.3,17682.947606393467,123.77465754312314,122.97656075552013,117.13677032055293,4.847125499332305,23022.008092275446
0.18,8,50,0.05,0.3,17215.26250099307,124.49440923255534,123.70210906622079,117.78711812667461,4.847125499332305,23022.92426044449
0.18,10,35,0.05,0.2,17645.55379178763,123.8424552681479,123.04932479205263,117.20978273037656,4.847125499332305,23033.227300094255
0.16,8,50,0.04,0.16,16946.61524505841,124.85015125677927,124.15689770466804,118.397649119131,4.520652702501038,23135.12050813972
0.18,8,50,0.05,0.24,17342.763375492123,124.61959699391016,123.84319759158655,117.93769447856421,4.847125499332305,23252.312309689467
0.18,8,45,0.05,0.12,17342.627187655657,124.49891958455241,123.78978853030814,118.09287727422658,4.847125499332305,23291.99549466586
0.16,12,35,0.04,0.2,17783.554354088417,124.11308733056299,123.31690199468673,117.44516527763793,4.520652702501038,23343.631229044702
0.16,12,45,0.05,0.16,17493.222167013722,124.60610011040497,123.85037622089745,118.00491005987391,4.520652702501038,23432.610548709265
0.18,8,50,0.05,0.2,17465.59274396503,124.72675324436189,123.96965321705345,118.08917132614779,4.847125499332305,23473.451743195794
0.16,10,40,0.04,0.16,17732.766143596484,124.64585107477765,123.87253707346152,117.99225364211279,4.520652702501038,23675.63557051519
0.18,8,50,0.05,0.16,17640.861727415762,124.85925276440078,124.13350429766597,118.31614680651406,4.847125499332305,23789.31425560276
0.16,8,50,0.04,0.12,17311.960277963106,125.07381635905699,124.4495187357918,118.89833047569803,4.520652702501038,23795.302018295064
0.16,8,35,0.03,0.16,17958.677198802638,124.54184060649158,123.75672164890936,117.86578987912117,4.520652702501038,23816.340435688373
0.18,8,35,0.04,0.24,18244.916891625708,124.22735513191628,123.42367357561645,117.5289613364255,4.847125499332305,23867.663821276834
0.16,12,50,0.05,0.3,17789.813669774314,124.96005594605418,124.16139358694711,118.18847073212231,4.520652702501038,23904.92104655393
0.16,10,35,0.03,0.3,18305.77598215515,124.2979902967054,123.49102320565805,117.58475257438467,4.520652702501038,23973.47331236062
0.18,10,35,0.05,0.16,18292.055815587595,124.38929668856892,123.5994128441558,117.71492779040175,4.847125499332305,24039.670267231733
0.16,12,50,0.05,0.24,17932.369430673578,125.09645536551807,124.3151151570714,118.35248445982276,4.520652702501038,24161.59548284344
0.16,12,45,0.05,0.12,17932.560177193416,124.96499361510558,124.2569476954894,118.52156166523338,4.520652702501038,24205.54705727942
0.18,8,50,0.05,0.12,17908.843348394286,125.02460187214845,124.34974293614623,118.68585677881936,4.847125499332305,24273.7287266307
0.16,12,50,0.05,0.2,18069.777312297112,125.21321658578032,124.4529052145263,118.51749621882445,4.520652702501038,24409.11453402398
0.16,12,35,0.04,0.16,18597.98457927053,124.79079584193114,123.9986348678926,118.07109684732757,4.520652702501038,24613.71815138433
0.16,10,45,0.04,0.3,18412.062490610384,125.19398273727352,124.37836122965624,118.36386746815624,4.520652702501038,24669.924739051603
0.18,8,35,0.04,0.2,18796.283249381144,124.67579766658105,123.86959939956469,117.92569555668274,4.847125499332305,24712.19127249048
0.16,12,50,0.05,0.16,18265.969819778107,125.35760304633223,124.63145893402812,118.76478477739957,4.520652702501038,24762.775095438108
0.18,10,40,0.05,0.3,18946.16299861932,124.78896158851452,123.97451484932375,118.00651758021685,4.847125499332305,24927.986563165683
0.16,10,35,0.03,0.24,19023.699579186745,124.86005322809591,124.04612808957236,118.07148973129682,4.520652702501038,25056.653030439833
0.16,10,40,0.04,0.12,18560.63812376102,125.34808043085299,124.61819080348486,118.7985748715072,4.520652702501038,25067.817684581776
0.16,10,45,0.04,0.24,18695.49968723926,125.47138172759244,124.66340244387023,118.62959388016182,4.520652702501038,25155.17618940551
0.16,12,50,0.05,0.12,18566.206766291663,125.53780195104996,124.86712956657774,119.16766384716347,4.520652702501038,25305.444959724067
0.2,8,35,0.05,0.3,19495.78953886327,124.67034298177254,123.85672968445598,117.90277641096291,5.174083000057905,25397.142999049014
0.18,10,40,0.05,0.24,19282.0554513864,125.08682823547763,124.27163424268386,118.2710694595047,4.847125499332305,25465.089299857373
0.16,10,45,0.04,0.2,18970.45967755475,125.72759025686608,124.93364938307393,118.89777344871789,4.520652702501038,25630.78934394522
0.18,10,35,0.05,0.12,19317.948706318395,125.22964538021306,124.46215416680415,118.56613922985599,4.847125499332305,25678.795444442123
0.16,8,40,0.03,0.3,19298.647021560333,125.41160447338659,124.5872941410571,118.54050970660413,4.520652702501038,25698.149369691644
0.18,8,35,0.04,0.16,19602.62506633253,125.32826308889449,124.52590508416623,118.52805921541288,4.847125499332305,25972.01571390902
0.18,10,40,0.05,0.2,19607.574134502167,125.37455239702457,124.56263337610505,118.53830812976837,4.847125499332305,25994.199613835455
0.16,12,40,0.04,0.3,19614.104140772895,125.42574853962026,124.60080676678334,118.55186273607187,4.520652702501038,26022.806995655297
0.16,8,35,0.03,0.12,19398.131515472272,125.703967559026,124.94993741623857,119.04317367540656,4.520652702501038,26121.153842691605
0.16,10,35,0.03,0.2,19731.999765416167,125.41728400126,124.60020734130731,118.56423688347829,4.520652702501038,26144.78112473713
0.2,8,35,0.05,0.24,19997.18203743701,125.05693340884373,124.23852265777543,118.23748206212653,5.174083000057905,26154.153294151798
0.16,10,45,0.04,0.16,19366.920098862025,126.06935297727713,125.30536696580846,119.30251653855873,4.520652702501038,26322.794039637112
0.16,8,40,0.03,0.24,19831.3516041421,125.86820699168389,125.04273465065185,118.94585647670795,4.520652702501038,26552.35840680394
0.16,12,35,0.04,0.12,19902.398828088117,125.83353599142175,125.0692009707046,119.12720959590759,4.520652702501038,26702.56864210596
0.16,12,40,0.04,0.24,20067.7970428536,125.81484736666324,124.98891241695155,118.89728102557868,4.520652702501038,26750.141768023364
0.18,10,40,0.05,0.16,20076.972041333134,125.77884941554109,124.97948472652584,118.94288665228812,4.847125499332305,26769.85912487816
0.18,12,35,0.05,0.3,20540.36520095001,125.32523922087545,124.50035258537748,118.46275210318863,4.847125499332305,26876.859563395472
0.2,8,35,0.05,0.2,20487.081126307374,125.43969048846455,124.6191034784104,118.5759005341883,5.174083000057905,26906.59603369582
0.16,10,50,0.04,0.3,19874.43560355935,126.61672564708567,125.79680817543874,119.61818130713806,4.520652702501038,27146.44597103964
0.18,8,40,0.04,0.3,20605.31359480561,125.93952154404141,125.10558326876033,118.99071336487985,4.847125499332305,27365.07737374549
0.16,8,40,0.03,0.2,20351.965596754362,126.30977036050218,125.48931585237631,119.35578016086475,4.520652702501038,27401.307170298147
0.16,10,45,0.04,0.12,19984.881891276156,126.53540827670813,125.83338151702678,119.97315350797967,4.520652702501038,27412.168158664
0.16,12,40,0.04,0.2,20509.572800307575,126.19094434028968,125.3692773665507,119.24643110654323,4.520652702501038,27470.168490066026
0.18,10,45,0.05,0.3,20569.754755660935,126.14993175425998,125.31620918816225,119.17782179922897,4.847125499332305,27481.43084674028
0.16,10,50,0.04,0.24,20087.051629421203,126.8031690113053,126.00692073930387,119.84214864845664,4.520652702501038,27530.223492356083
0.16,12,35,0.03,0.3,20891.385872256775,125.80792507480052,124.97489371538931,118.87566087227428,4.520652702501038,27560.697389995898
0.18,12,35,0.05,0.24,21112.552773889172,125.75235490644961,124.922145233564,118.83236354611493,4.847125499332305,27743.013234922033
0.16,10,35,0.03,0.16,20774.747580674135,126.22882719329473,125.41649985574782,119.31308997216358,4.520652702501038,27779.326857960055
0.18,10,45,0.05,0.24,20806.95719032809,126.37143551592399,125.54379107744046,119.38984853085087,4.847125499332305,27888.415909771124
0.16,10,50,0.04,0.2,20292.501455637022,126.96281867327528,126.19532802283138,120.06758279844618,4.520652702501038,27900.940508121068
0.18,10,35,0.04,0.3,21279.920837503592,125.85064062356192,125.01673391784443,118.91190217099586,4.847125499332305,27976.193837609175
0.18,10,40,0.05,0.12,20810.950295079117,126.36902269632674,125.60603138862848,119.61978669599627,4.847125499332305,28006.611108934056
0.2,8,35,0.05,0.16,21199.897452487083,125.99623456613882,125.17887762401729,119.08940811802678,5.174083000057905,28022.580504813166
0.18,8,35,0.04,0.12,20890.511252396664,126.3318948504356,125.55625663675218,119.54412082411565,4.847125499332305,28037.157725986694
0.18,8,40,0.04,0.24,21052.804376905202,126.31398497007486,125.47907455005722,119.32301560426767,4.847125499332305,28083.604170128692
0.18,10,45,0.05,0.2,21036.183859693887,126.57593550938122,125.75946763170387,119.60373756878738,4.847125499332305,28285.59111291104
0.16,10,50,0.04,0.16,20586.68284393446,127.16030334156505,126.43957304574319,120.40561570338552,4.520652702501038,28431.654176939686
0.16,12,40,0.04,0.16,21150.22770326026,126.71982586524712,125.9145784313976,119.77544421370925,4.520652702501038,28531.75515030634
0.18,12,35,0.05,0.2,21672.62891952112,126.17535714693679,125.34271964573527,119.20617528988424,4.847125499332305,28605.496170754686
0.16,8,40,0.03,0.16,21110.285693242844,126.93107299347116,126.12993088965338,119.97725172948078,4.520652702501038,28658.805728491792
0.18,8,40,0.04,0.2,21488.08605779642,126.67589274051177,125.84507245695661,119.65886917028973,4.847125499332305,28794.006436837113
0.16,12,35,0.03,0.24,21721.263116672657,126.41168530331304,125.57110585154376,119.39792680968914,4.520652702501038,28819.94226042128
0.18,10,45,0.05,0.16,21365.139993080156,126.84860009190953,126.05597764151005,119.92636377838016,4.847125499332305,28860.4526894884
0.2,8,40,0.05,0.3,21916.039757102397,126.4029919799399,125.56058738695938,119.38582450583598,5.174083000057905,29001.3180517904
0.18,10,35,0.04,0.24,21964.936749793927,126.34890937111635,125.50877173173936,119.34291455130449,4.847125499332305,29015.34409576291
0.16,10,50,0.04,0.12,21038.72511965918,127.40686635906111,126.76212203705782,120.95683161397301,4.520652702501038,29248.404592572875
0.16,8,35,0.02,0.3,22083.65483656688,126.58834236308017,125.74186999605692,119.5425123024201,4.520652702501038,29306.316802658534
0.18,10,50,0.05,0.3,21708.168845734883,127.21508604392591,126.37795132166514,120.11611266019486,4.847125499332305,29412.219210701907
0.2,8,40,0.05,0.24,22285.872499161596,126.70615315518845,125.86294798634962,119.6547633577584,5.174083000057905,29595.817997211598
0.18,10,50,0.05,0.24,21873.643501457515,127.35632126758725,126.53709227780662,120.28566621660809,4.847125499332305,29711.12419126701
0.16,12,45,0.04,0.3,21973.01306290132,127.32298079179044,126.47108703688875,120.18373106090442,4.520652702501038,29746.670304937557
0.18,10,45,0.05,0.12,21874.188129123624,127.22020400597962,126.47687008455196,120.46046324506045,4.847125499332305,29758.424650177727
0.2,8,35,0.05,0.12,22329.5013371984,126.85151494368546,126.05683135159843,119.95473367230284,5.174083000057905,29835.88687597229
0.18,8,40,0.04,0.16,22118.481352376173,127.1847503169425,126.36970087147418,120.16766210409304,4.847125499332305,29839.724818689905
0.18,12,35,0.05,0.16,22489.293613538855,126.79063381337527,125.96153591471666,119.7735797851529,4.847125499332305,29887.366701928415
0.16,10,40,0.03,0.3,22331.22499407901,127.16422069707681,126.30962076343162,120.03781116793849,4.520652702501038,29979.721704004518
0.18,10,50,0.05,0.2,22032.96294246225,127.47722389468105,126.67974198609322,120.45625531992317,4.847125499332305,29998.7570728369
0.18,10,35,0.04,0.2,22637.687603098166,126.84263424773329,125.9996416149044,119.77903479440694,4.847125499332305,30053.70431957176
0.16,12,35,0.03,0.2,22540.665445737606,127.01041015651721,126.16637042581394,119.9267693442324,4.520652702501038,30085.549593585172
0.2,8,40,0.05,0.2,22644.201458223357,126.9989946330325,126.15908318629863,119.92643635131373,5.174083000057905,30181.051162719894
0.16,12,40,0.04,0.12,22160.405661125882,127.49270688898517,126.73514700700575,120.66168101168685,4.520652702501038,30238.415335562553
0.16,12,45,0.04,0.24,22319.567753002353,127.62836198551584,126.78482916699643,120.47581790797955,4.520652702501038,30343.03070697281
0.16,8,45,0.03,0.3,22274.638437692658,127.78427734149444,126.92628553315089,120.58111545693625,4.520652702501038,30402.51265482995
0.18,10,50,0.05,0.16,22260.10517750227,127.62673392224683,126.86459581249824,120.71190915927542,4.847125499332305,30408.694490928425
0.16,10,35,0.03,0.12,22456.697279146727,127.4789758279815,126.6999433523903,120.57818490561623,4.520652702501038,30485.91879234825
0.16,8,40,0.03,0.12,22313.90576015863,127.83976147319034,127.0947746022072,121.0193946760875,4.520652702501038,30694.199104656247
0.16,8,35,0.02,0.24,23090.421429109138,127.2940551333424,126.43871585812212,120.15260935832757,4.520652702501038,30838.443241675966
0.16,12,45,0.04,0.2,22655.86934916651,127.91046069748892,127.08233752143178,120.7706533233898,4.520652702501038,30927.31403926883
0.16,10,40,0.03,0.24,22953.927470479382,127.65553557841692,126.79961648199844,120.47342155208013,4.520652702501038,30983.634187403015
0.18,12,40,0.05,0.3,23308.37289938595,127.24034322420056,126.38352114553606,120.10108911795427,4.847125499332305,31010.346383990425
0.18,8,45,0.04,0.3,22926.17466335403,127.76502020297792,126.90507604137004,120.56033505996128,4.847125499332305,31034.06909154134
0.18,10,50,0.05,0.12,22606.905332417067,127.8133307570367,127.10858687914693,121.12843442112742,4.847125499332305,31035.49649310746
0.2,8,40,0.05,0.16,23160.64680240268,127.41048732505604,126.58329658871881,120.33773337733899,5.174083000057905,31037.999939107052
0.16,8,45,0.03,0.24,22713.551288956765,128.1623463940856,127.31470345594543,120.94262597343501,4.520652702501038,31158.711596595
0.18,8,40,0.04,0.12,23110.374183996093,127.92822280340427,127.158994759951,121.01982613818281,4.847125499332305,31516.719519588554
0.18,10,35,0.04,0.16,23622.56664671589,127.56122960619754,126.72234440591197,120.44141870382171,4.847125499332305,31603.351736084314
0.18,8,45,0.04,0.24,23266.260909530294,128.05874324938858,127.20682814148624,120.84117988964609,4.847125499332305,31619.811432257626
0.18,12,40,0.05,0.24,23733.75423388658,127.57571497953887,126.71798545022018,120.39842300979934,4.847125499332305,31695.872107699837
0.18,8,35,0.03,0.3,23916.43667580502,127.3905460967315,126.52995238785088,120.2271050918277,4.847125499332305,31730.30124004031
0.16,12,45,0.04,0.16,23140.83481540806,128.28682629740385,127.49163167939965,121.21572467161045,4.520652702501038,31776.780758557514
0.2,8,45,0.05,0.3,23699.555390962778,127.78817611745264,126.92597290015665,120.57656971907554,5.174083000057905,31821.119735861696
0.16,8,45,0.03,0.2,23141.04462956753,128.5117640089944,127.68321692323522,121.3077358684872,4.520652702501038,31902.31011155607
0.18,12,35,0.05,0.12,23787.504502646007,127.73666307881005,126.93260936234245,120.73024946311203,4.847125499332305,31976.40289339147
0.16,10,40,0.03,0.2,23562.871127167156,128.13076516783846,127.28017998641872,120.91403850404494,4.520652702501038,31981.500312503646
0.16,12,35,0.03,0.16,23748.00093048477,127.88265874683029,127.04361669022038,120.73072375459996,4.520652702501038,31987.46108576204
0.2,10,35,0.05,0.3,24329.319057945162,127.25482972412195,126.39638736239765,120.11085520490263,5.174083000057905,32038.541387271947
0.18,8,45,0.04,0.2,23595.993223549696,128.33004877858218,127.49293998845602,121.1246402309992,4.847125499332305,32193.08861823884
0.2,8,45,0.05,0.24,23960.491525020712,128.0136279931121,127.15758001568338,120.79212214399324,5.174083000057905,32270.456533250912
0.18,12,40,0.05,0.2,24146.472994825348,127.89974126705773,127.04563579401358,120.69884364009128,4.847125499332305,32371.560295695464
0.16,8,35,0.02,0.2,24088.75388067854,127.99439020933305,127.13495888600815,120.77080698008807,4.520652702501038,32385.168615689745
0.2,8,40,0.05,0.12,23967.252951705712,128.01117498509672,127.22091905961398,121.0258880546937,5.174083000057905,32401.4961273601
0.16,10,35,0.02,0.3,24356.490156555075,127.800499165592,126.93289851207405,120.57723856304813,4.520652702501038,32486.461306729685
0.2,8,45,0.05,0.2,24212.54210149497,128.22177456508504,127.3770724858745,121.00956959950068,5.174083000057905,32708.534338244805
0.16,12,50,0.04,0.3,23760.245346606996,128.88972746850163,128.03284390076925,121.56285611634786,4.520652702501038,32790.21288509118
0.16,8,45,0.03,0.16,23760.18853851545,128.97819968973567,128.19050123327443,121.8592655198747,4.520652702501038,32987.971894802875
0.2,10,35,0.05,0.24,24966.690714989523,127.69054557185461,126.82660559932188,120.48738384885631,5.174083000057905,33009.50752508336
0.18,8,45,0.04,0.16,24070.956999137532,128.69197923090738,127.88651303785,121.5524884970514,4.847125499332305,33025.480441090134
0.18,8,35,0.03,0.24,24815.95259517988,128.00019332946349,127.13190079712285,120.75386302289036,4.847125499332305,33102.02892756351
0.16,12,45,0.04,0.12,23896.61465155761,128.80019149235648,128.073179771958,121.9534425011625,4.520652702501038,33112.1940239074
0.16,12,50,0.04,0.24,24020.800645801428,129.0951542886065,128.26431231439796,121.80924431613292,4.520652702501038,33261.82709747652
0.18,10,40,0.04,0.3,24839.146378140515,128.2345332871267,127.36074514189008,120.9501933099649,4.847125499332305,33307.232195092736
0.2,8,45,0.05,0.16,24573.985573515387,128.49930349469201,127.6788305445555,121.33756651844169,5.174083000057905,33341.72738142711
0.18,12,35,0.04,0.3,25162.95449491695,127.8925610872703,127.0231027374368,120.65531645902273,4.847125499332305,33361.38596341179
0.18,12,40,0.05,0.16,24742.24136808395,128.35517035532004,127.51511858624909,121.15378485697943,4.847125499332305,33362.31929333896
0.16,10,40,0.03,0.16,24450.30113984953,128.79959810662115,127.96971222285299,121.58221105086211,4.520652702501038,33459.406898221816
0.16,12,50,0.04,0.2,24272.485387786204,129.27107670584388,128.4718932672494,122.05728254084639,4.520652702501038,33716.84073774217
0.2,8,35,0.04,0.3,25619.269468546045,128.0443797006499,127.17222395855792,120.7847612538392,5.174083000057905,33933.82572400098
0.2,8,50,0.05,0.3,24950.02697987174,128.87233010198628,128.00651065491394,121.53047426460306,5.174083000057905,33950.26453067097
0.2,10,35,0.05,0.2,25590.211523636277,128.12207157419684,127.25558737979227,120.86819675548544,5.174083000057905,33975.40160907299
0.18,8,50,0.04,0.3,24676.878035800542,129.27170015161605,128.4068974552878,121.88618000833853,4.847125499332305,34017.90974941104
0.18,10,35,0.04,0.12,25197.495873720567,128.66714622222182,127.85752690593976,121.55931966683617,4.847125499332305,34144.00406273296
0.16,10,35,0.02,0.24,25471.77860911654,128.54174767943638,127.66476214406207,121.21749547723107,4.520652702501038,34190.0096156446
0.18,10,40,0.04,0.24,25386.711896532695,128.64724821878622,127.77231321296998,121.3158373630049,4.847125499332305,34192.22230570083
0.18,12,45,0.05,0.3,25362.626277561707,128.7732300277803,127.89439276517547,121.41795530158639,4.847125499332305,34267.10053784787
0.2,8,50,0.05,0.24,25131.78628211921,129.0160880290259,128.1684712961168,121.70285341291479,5.174083000057905,34279.229627585766
0.2,8,45,0.05,0.12,25132.54280115593,128.87754098485445,128.10717649098132,121.88056537357733,5.174083000057905,34328.62893024255
0.18,8,45,0.04,0.12,24809.878405557243,129.18559055116512,128.44563957782518,122.26152230407885,4.847125499332305,34331.53339964315
0.16,12,50,0.04,0.16,24632.67915650383,129.48871251182027,128.74102828220902,122.42927768747937,4.520652702501038,34367.28717813553
0.18,8,35,0.03,0.2,25703.181835244173,128.6047484964846,127.73288467663072,121.28724798922181,4.847125499332305,34478.668994928754
0.18,8,50,0.04,0.24,24931.50241930831,129.46919227591195,128.62941398358947,122.12297884229538,4.847125499332305,34478.97382481078
0.16,12,40,0.03,0.3,25542.83950144028,128.88820864797265,128.00359431135522,121.50885276453329,4.520652702501038,34539.031187244465
0.16,8,50,0.03,0.3,24705.420291465296,129.85116580422041,128.98674553281393,122.40007674599573,4.520652702501038,34550.883290305224
0.2,8,50,0.05,0.2,25306.652206883093,129.13915071619468,128.3136487287839,121.87628644087361,5.174083000057905,34595.360787721256
0.18,12,35,0.04,0.24,25988.47769022111,128.44070922440866,127.56430689723372,121.12877515754431,4.847125499332305,34621.799691356384
0.16,8,45,0.03,0.12,24731.22302271221,129.61488691510957,128.9118850698069,122.77442854948936,4.520652702501038,34705.09630577342
0.16,8,35,0.02,0.16,25567.22476467365,129.015566156914,128.1619296077972,121.71140272575674,4.520652702501038,34721.6273710463
0.18,12,45,0.05,0.24,25664.68532386957,129.02288766979723,128.15084845265272,121.65648766095102,4.847125499332305,34788.29142074585
0.18,8,50,0.04,0.2,25177.269715485752,129.63831050159177,128.82895363038432,122.3613443914402,4.847125499332305,34923.4161708749
0.18,12,40,0.05,0.12,25674.783021709187,129.02023690662483,128.2210566122463,121.91528878904232,4.847125499332305,34941.63929096587
0.2,8,50,0.05,0.16,25555.713827691983,129.29133257702085,128.50177850995306,122.13620426240307,5.174083000057905,35045.185111522806
0.18,10,40,0.04,0.2,25919.79185445381,129.0462147394594,128.17571559952665,121.68547026492077,4.847125499332305,35067.473542093096
0.2,8,35,0.04,0.24,26406.43210535814,128.56394801695805,127.68520412445659,121.23348930694539,5.174083000057905,35136.05510363419
0.16,12,35,0.03,0.12,25697.42413198704,129.22694924237183,128.42355809684645,122.08957240430301,4.520652702501038,35137.63371522084
0.16,8,50,0.03,0.24,25060.96740644866,130.11947813237109,129.28908618786468,122.7217561004888,4.520652702501038,35195.1172389266
0.18,12,45,0.05,0.2,25956.722886219817,129.2534175642995,128.39392921985808,121.89715767010483,4.847125499332305,35296.76016328975
0.16,12,50,0.04,0.12,25185.673299243732,129.7604682074293,129.09650607929944,123.0360478609731,4.520652702501038,35366.3346789944
0.2,10,35,0.05,0.16,26498.641497568635,128.7497577770263,127.88678472240763,121.44623844293316,5.174083000057905,35408.96036662518
0.16,10,45,0.03,0.3,25806.876010999484,129.71824731493876,128.82702753142704,122.23151282533608,4.520652702501038,35503.604317636644
0.18,8,50,0.04,0.16,25528.669378544688,129.84751726761075,129.08764417317136,122.718797151221,4.847125499332305,35558.092447752555
0.16,12,40,0.03,0.24,26264.969992668808,129.4166682754714,128.5305634159979,121.97682125333205,4.520652702501038,35708.481887212365
0.16,12,35,0.02,0.3,26652.369279891205,128.9666754262577,128.0786425572353,121.57187752996927,4.520652702501038,35710.30424712633
0.2,8,50,0.05,0.12,25935.39890955536,129.48126503539288,128.750094343306,122.55968133115701,5.174083000057905,35731.409104640006
0.16,8,50,0.03,0.2,25405.549956984945,130.34934266348483,129.56035193745532,123.04577499619256,4.520652702501038,35818.51021457047
0.16,10,40,0.03,0.12,25859.39295019447,129.7781352473511,129.00860545342638,122.70311731240253,4.520652702501038,35850.25283381357
0.18,12,35,0.04,0.2,26800.076482940658,128.984024835979,128.10439123532902,121.6079814812123,4.847125499332305,35882.192709567666
0.16,10,35,0.02,0.2,26578.22864662216,129.27750255839695,128.39614625009852,121.86638081513685,4.520652702501038,35910.1889627572
0.18,12,45,0.05,0.16,26375.91990950005,129.5608434957219,128.7281788025945,122.26026030337212,4.847125499332305,36032.18572535092
0.22,8,35,0.05,0.3,27297.413533468676,128.62363768447673,127.74120857627057,121.27859101775603,5.501525149641573,36069.90465595613
0.2,8,35,0.04,0.2,27179.213499795445,129.0788257117398,128.19701347511014,121.68757431087657,5.174083000057905,36336.39257373145
0.18,10,40,0.04,0.16,26692.396996018277,129.60732641251323,128.75411710568636,122.24559130232305,4.847125499332305,36355.873093304486
0.16,10,45,0.03,0.24,26321.4391034273,130.12549615449294,129.24536249776344,122.62039933546424,4.520652702501038,36393.3845551486
0.18,8,50,0.04,0.12,26067.41971620681,130.10873024453778,129.42929429826535,123.30175525016043,4.847125499332305,36531.461817946096
0.18,8,35,0.03,0.16,27008.69169700056,129.4854775453526,128.61854510900918,122.09809606472193,4.847125499332305,36543.517797637396
0.2,10,40,0.05,0.3,27403.58257008777,129.2085388918744,128.3172166802137,121.77988696257967,5.174083000057905,36657.18768138607
0.16,8,50,0.03,0.16,25900.610144477025,130.63382256369303,129.91223485605315,123.53206945723751,4.520652702501038,36712.71022954259
0.18,12,50,0.05,0.3,26811.83476548719,129.97411274849287,129.09118409452253,122.47381062175278,4.847125499332305,36740.2438862281
0.18,10,35,0.03,0.3,27546.29111040885,129.19933537122373,128.30704930448414,121.76990476002831,4.847125499332305,36793.069181339415
0.16,12,40,0.03,0.2,26971.61912635954,129.9279374815052,129.04750197230973,122.45026849854426,4.520652702501038,36871.216022185225
0.22,8,35,0.05,0.24,27976.524783922243,129.06176135167863,128.17375684185916,121.65683170729105,5.501525149641573,37108.433317823255
0.18,12,50,0.05,0.24,27023.17944646479,130.13342773100516,129.2706603016004,122.66470772550443,4.847125499332305,37123.20077478189
0.18,12,45,0.05,0.12,27024.591706045034,129.97992252524804,129.20277000929275,122.86157878909898,4.847125499332305,37179.427790313384
0.16,10,45,0.03,0.2,26822.70374940615,130.5019422955743,129.64232618293286,123.01322640918312,4.520652702501038,37268.02975060426
0.2,10,40,0.05,0.24,27875.99226432195,129.55068625712673,128.65838435076273,122.0828040004627,5.174083000057905,37422.30016164005
0.18,12,50,0.05,0.2,27226.595331619366,130.26982016284876,129.43155546430415,122.85679754940422,4.847125499332305,37491.24089246309
0.16,12,35,0.02,0.24,27881.752109175126,129.74491886402362,128.84696122739678,122.24352762601552,4.520652702501038,37594.12778694175
0.2,10,35,0.05,0.12,27940.504417432796,129.7148934294276,128.87731245327814,122.42087031550753,5.174083000057905,37739.41516855965
0.18,12,35,0.04,0.16,27989.59678812717,129.77509053295836,128.89984906458253,122.33606707118867,4.847125499332305,37764.502120188285
0.18,10,45,0.04,0.3,27676.398863915572,130.24728658683517,129.3444533323851,122.6778958846442,4.847125499332305,37822.5399549209
0.18,12,50,0.05,0.16,27516.453780212432,130.43850132055593,129.6400775552793,123.14472356877772,4.847125499332305,38014.9555116776
0.16,8,50,0.03,0.12,26664.978276032798,130.98921580286887,130.37731847753437,124.32616511185205,4.520652702501038,38093.10360646135
0.2,8,35,0.04,0.16,28309.882512026084,129.82829182469624,128.95062941428893,122.3773182489538,5.174083000057905,38125.64251140418
0.22,8,35,0.05,0.2,28640.52807929723,129.49566481284302,128.60505460224425,122.03937026708483,5.501525149641573,38140.72604133642
0.2,10,40,0.05,0.2,28334.191820558422,129.88126267000024,128.99260488200161,122.38886913851229,5.174083000057905,38175.83727639043
0.18,10,35,0.03,0.24,28590.667954917335,129.85547732529463,128.95481172102419,122.33610250588457,4.847125499332305,38393.68357662943
0.18,10,40,0.04,0.12,27908.844673689637,130.42745267182795,129.62465646183952,123.18413867666975,4.847125499332305,38421.12428812136
0.16,8,40,0.02,0.3,28155.133711475548,130.4237501632386,129.51272958337915,122.8185783438966,4.520652702501038,38451.6664764154
0.16,10,35,0.02,0.16,28217.606462414366,130.350598561213,129.4752280600683,122.853912948357,4.520652702501038,38509.106928847956
0.16,10,45,0.03,0.16,27548.703929157804,131.00454713201884,130.18887896531163,123.6067553354479,4.520652702501038,38544.22978808059
0.18,10,45,0.04,0.24,28094.247716120713,130.5713733479892,129.67733567740123,122.9872360640361,4.847125499332305,38545.53477691158
0.16,12,40,0.03,0.16,28002.070081073933,130.6476751238091,129.7894208962447,123.16841806008475,4.520652702501038,38593.47887607385
0.16,8,35,0.02,0.12,27972.270776698424,130.59143780212102,129.77956676460312,123.30338784216248,4.520652702501038,38620.4512794868
0.18,12,50,0.05,0.12,27958.61423740754,130.64904962462532,129.9153519347945,123.61395597684998,4.847125499332305,38814.01463494085
0.18,10,45,0.04,0.2,28499.49528625286,130.87077523883264,129.99301926869023,123.29951425786497,4.847125499332305,39252.894798085224
0.2,10,40,0.05,0.16,28995.206048151023,130.34590430731586,129.47150760252268,122.8523645219062,5.174083000057905,39279.400075395446
0.18,8,40,0.03,0.3,28939.462567903716,130.50079501448872,129.58772679825643,122.88289396676609,4.847125499332305,39300.25406716121
0.2,12,35,0.05,0.3,29677.334481892925,129.8227147430833,128.9192172598089,122.30072017079331,5.174083000057905,39445.61755962812
0.16,12,35,0.02,0.2,29102.041491579417,130.51756372411964,129.61494437235706,122.92436834744495,4.520652702501038,39497.00177046016
0.22,8,35,0.05,0.16,29607.248393431993,130.12679650468525,129.23964624028332,122.62002006718265,5.501525149641573,39671.1892237965
0.18,12,40,0.04,0.3,29451.411851083532,130.51640616689193,129.6026100552172,122.89533181686926,4.847125499332305,39825.3787737831
0.18,8,35,0.03,0.12,29111.926443794277,130.84280724553557,130.0116875962172,123.4685639767136,4.847125499332305,39953.09461821718
0.16,8,40,0.02,0.24,29106.124310174037,131.07664006573754,130.16370569035303,123.39610752372603,4.520652702501038,39997.53839999179
0.18,10,35,0.03,0.2,29621.51722365639,130.50631715389375,129.60171298006497,122.90957002919293,4.847125499332305,40000.7453296107
0.2,8,40,0.04,0.3,29697.476190495014,130.53055188435388,129.61636689549564,122.90711552004447,5.174083000057905,40081.596608184824
0.18,10,45,0.04,0.16,29083.29596007852,131.2702612040416,130.42735789280314,123.77096771323313,4.847125499332305,40279.272012382346
0.2,10,45,0.05,0.3,29679.57501205142,130.772422968365,129.8583982048994,123.12150192915541,5.174083000057905,40283.52556109823
0.16,10,50,0.03,0.3,28655.511841019736,131.94540181462716,131.04692964846555,124.18880048521237,4.520652702501038,40384.144547839904
0.16,10,45,0.03,0.12,28687.08037437696,131.69076748272622,130.9663124726553,124.59195099009534,4.520652702501038,40560.5502056082
0.18,8,40,0.03,0.24,29717.639596738518,131.03437336638635,130.119732000664,123.35486057894626,4.847125499332305,40564.92103688516
0.2,12,35,0.05,0.24,30476.205609943452,130.3135483204446,129.40375861577132,122.72410301220005,5.174083000057905,40671.157161692216
0.18,12,35,0.04,0.12,29894.532223843984,130.99320990029315,130.15001777833473,123.56556408818041,4.847125499332305,40852.56067711835
0.2,10,45,0.05,0.24,30014.58550243002,131.02713780185525,130.1200067104283,123.36452513766298,5.174083000057905,40863.55404876531
0.18,12,40,0.04,0.24,30114.176128631734,130.97109886607714,130.0559583349363,123.29751873776796,4.847125499332305,40902.240138164896
0.16,12,45,0.03,0.3,29571.7111459331,131.63644098516534,130.71204198878212,123.8663539955582,4.520652702501038,40971.187813160795
0.2,10,35,0.04,0.3,30690.577823259096,130.42670536802717,129.51262368157188,122.81538721713147,5.174083000057905,40981.27374983533
0.22,8,40,0.05,0.3,30566.18962617673,130.58809446103015,129.67239421824075,122.9551753161861,5.501525149641573,40998.739186003884
0.2,10,40,0.05,0.12,30028.535091092956,131.02443676547193,130.1916222414216,123.62820373489396,5.174083000057905,41034.699495926645
0.2,8,35,0.04,0.12,30115.821274678678,130.98191008698655,130.13456842922466,123.54159777969078,5.174083000057905,41052.76723347775
0.2,8,40,0.04,0.24,30325.16873627249,130.96109849190066,130.04563904420485,123.28794130384009,5.174083000057905,41101.42296547727
0.16,10,50,0.03,0.24,29072.904030320722,132.23468423342896,131.37285392521784,124.53514030151855,4.520652702501038,41141.90288727184
0.16,12,40,0.03,0.12,29639.25326812343,131.70106894937885,130.9076710993254,124.37367862738856,4.520652702501038,41379.187754622035
0.2,10,45,0.05,0.2,30338.318861579504,131.2623393030256,130.36797303125022,123.60972837762284,5.174083000057905,41428.85706814592
0.18,10,50,0.04,0.3,29826.619836387043,131.91025527466005,131.00174485439464,124.13868376471697,4.847125499332305,41505.67347217997
0.16,8,40,0.02,0.2,30040.98718991991,131.70881690637603,130.8028294545889,123.98087189163573,4.520652702501038,41541.46026852228
0.22,8,40,0.05,0.24,31068.213423023364,130.93210704549523,130.01538420327566,123.25944932418258,5.501525149641573,41814.25574969121
0.18,8,40,0.03,0.2,30478.562943046865,131.55058936317832,130.64160466442436,123.83234793685307,4.847125499332305,41820.89104774608
0.16,10,50,0.03,0.2,29477.30990191087,132.48253942469677,131.66531460719074,124.88405222604297,4.520652702501038,41874.50131485775
0.18,10,45,0.04,0.12,29991.39173007269,131.81522665998696,131.0445701260832,124.55254880397784,4.847125499332305,41887.70383044332
0.2,12,35,0.05,0.2,31258.708449856375,130.79982455988343,129.88706846830905,123.15243676663344,5.174083000057905,41891.47359688105
0.18,12,40,0.04,0.2,30759.979809384724,131.4107519108815,130.50042134538413,123.70418986583654,4.847125499332305,41967.736668864956
0.16,12,45,0.03,0.24,30170.38106865902,132.0749791849225,131.1624538368917,124.28456749193253,4.520652702501038,42009.589713512185
0.18,10,50,0.04,0.24,30140.11066855698,132.12835706202299,131.2474364571362,124.39973173426493,4.847125499332305,42074.75660371538
0.18,12,35,0.03,0.3,31331.97604308428,130.96129718919164,130.03790051022042,123.27088273390623,4.847125499332305,42099.35089938847
0.2,8,40,0.04,0.2,30936.13909664343,131.37733325428582,130.46642501213793,123.67294920269543,5.174083000057905,42109.33271443482
0.22,8,35,0.05,0.12,31139.68950953508,131.09720093914225,130.2354685029888,123.59901864050804,5.501525149641573,42154.59102933189
0.2,10,45,0.05,0.16,30802.64312775665,131.57599788630407,130.70894281373018,123.97967432191071,5.174083000057905,42245.34787524035
0.16,12,35,0.02,0.16,30911.14282174312,131.6447626961033,130.74832756274142,123.96080026372958,4.520652702501038,42372.86756374695
0.18,10,35,0.03,0.16,31139.52688427351,131.45478941880563,130.55536007789428,123.78163248925392,4.847125499332305,42412.129740777746
0.2,10,35,0.04,0.24,31646.03974861771,130.99956288938174,130.07811058508236,123.30930321633016,5.174083000057905,42449.451526419965
0.22,8,40,0.05,0.2,31554.97613864832,131.26448141430876,130.3513853348349,123.56688178277682,5.501525149641573,42616.939428170095
0.18,10,50,0.04,0.2,30442.599385769965,132.31514308161002,131.46778435992093,124.66254678497133,4.847125499332305,42622.72489212862
0.16,10,40,0.02,0.3,31080.25677610959,131.83066849148346,130.89483479073368,124.01649164267036,4.520652702501038,42649.71264951032
0.16,10,35,0.02,0.12,30885.916658984035,132.00722057507738,131.17560954260628,124.52600533402361,4.520652702501038,42846.15604701138
0.16,10,50,0.03,0.16,30058.081067180265,132.7893166596067,132.04474124871098,125.40780625885722,4.520652702501038,42924.24307665091
0.16,12,45,0.03,0.2,30753.737372446223,132.480416760656,131.58993153273218,124.70709705292073,4.520652702501038,43030.156510485984
0.2,10,50,0.05,0.3,31284.455778261545,131.9976487065385,131.07925659676621,124.19724959694892,5.174083000057905,43032.42013032748
0.18,10,50,0.04,0.16,30874.890900284212,132.54622982604008,131.75348860080686,125.0567386134395,4.847125499332305,43404.20986209347
0.2,10,50,0.05,0.24,31518.4390384785,132.16019731509294,131.26234482276612,124.39174823031969,5.174083000057905,43457.186256348636
0.2,10,45,0.05,0.12,31520.112201619424,132.00357823449548,131.19308046710302,124.59233577692235,5.174083000057905,43516.2055475236
0.18,12,40,0.04,0.16,31696.744558340775,132.02926214292825,131.1378830982128,124.32062117172491,4.847125499332305,43536.59940991386
0.2,8,40,0.04,0.16,31821.221087650658,131.96278157726456,131.06980373188406,124.25642134718612,5.174083000057905,43591.37551876209
0.18,8,40,0.03,0.16,31586.985257410233,132.2772818912427,131.39059439986573,124.5566164539927,4.847125499332305,43678.396528881734
0.2,12,35,0.05,0.16,32400.37094296211,131.50743548159033,130.59849348001723,123.80286686937902,5.174083000057905,43704.349604986826
0.22,8,40,0.05,0.16,32256.82051787819,131.73164328039363,130.83283147684028,124.03244058483882,5.501525149641573,43791.41526328627
0.16,8,40,0.02,0.16,31411.50281909443,132.5996281867717,131.72103502684612,124.868779319048,4.520652702501038,43840.1323096122
0.2,10,50,0.05,0.2,31743.46892913863,132.2993587600742,131.4264782701773,124.58746339026027,5.174083000057905,43864.861136999745
0.2,10,35,0.04,0.2,32584.9422664823,131.56742647109522,130.64248303193526,123.80926164034014,5.174083000057905,43916.286488211976
0.18,12,35,0.03,0.24,32535.335010251216,131.6671092545599,130.7346020937375,123.87918470378474,4.847125499332305,43951.35449226309
0.16,10,40,0.02,0.24,32135.712566957183,132.51721509434267,131.57929502137418,124.62319909990816,4.520652702501038,44370.199083461805
0.2,10,50,0.05,0.16,32063.804180035986,132.4714652665475,131.63919759155795,124.88082579944127,5.174083000057905,44444.04574914378
0.16,12,45,0.03,0.16,31598.769817220695,133.02183060513417,132.17861692649845,125.34565254150743,4.520652702501038,44518.72023307723
0.16,10,50,0.03,0.12,30954.201359875922,133.17261464808632,132.54631658181862,126.26332611176122,4.520652702501038,44542.45928022779
0.18,10,50,0.04,0.12,31537.13404090736,132.83479887011782,132.13088032036853,125.69980362283012,4.847125499332305,44600.58649676573
0.18,8,35,0.02,0.3,33030.98966249191,131.87357736539045,130.93409836999672,124.04753712566367,4.847125499332305,44634.15706415086
0.22,8,45,0.05,0.3,32980.88815458537,132.16047282952118,131.2217787038451,124.30277696870911,5.501525149641573,44857.63823429447
0.22,10,35,0.05,0.3,33876.73886489366,131.55274092571008,130.61855909044266,123.77376047616008,5.501525149641573,45177.9005054355
0.2,8,45,0.04,0.3,32942.365215793805,132.63053333605,131.68566732759,124.70675495816464,5.174083000057905,45272.702988949815
0.2,12,40,0.05,0.3,33530.30270992884,132.02466970483573,131.08365769002933,124.17827408832306,5.174083000057905,45274.444724683075
0.18,12,45,0.04,0.3,32884.277159871184,132.73480940682447,131.78860040611227,124.79640763603871,4.847125499332305,45318.22586243069
0.2,10,50,0.05,0.12,32551.694581154057,132.6862903515311,131.9200136425581,125.35892351300811,5.174083000057905,45325.73678676139
0.22,8,45,0.05,0.24,33336.397419615016,132.41656133552974,131.4847688424301,124.5468758728313,5.501525149641573,45474.42384602585
0.18,10,40,0.03,0.3,33376.585642910184,132.54841668428054,131.59913099737943,124.62577232491617,4.847125499332305,45622.08083011026
0.22,8,40,0.05,0.12,33352.843178405295,132.41384181998137,131.55675296345538,124.81171417703746,5.501525149641573,45656.57181498091
0.18,12,35,0.03,0.2,33724.063456921365,132.3674214371284,131.43057937071583,124.49546422790692,4.847125499332305,45811.914626567625
0.2,8,40,0.04,0.12,33213.261402247146,132.81858317018475,131.9780511175987,125.23423711627872,5.174083000057905,45962.260802387544
0.18,12,40,0.04,0.12,33172.972429126276,132.93364947428802,132.0977246112832,125.35401790581452,4.847125499332305,46051.454218158084
0.22,8,45,0.05,0.2,33679.79995485012,132.6530291701605,131.7340419603982,124.79316205815027,5.501525149641573,46075.12510366705
0.16,10,40,0.02,0.2,33173.68005135096,133.18210389715614,132.25141900465903,125.23761829060136,4.520652702501038,46088.75427038686
0.2,8,45,0.04,0.24,33420.90733682773,132.96874509737876,132.0329933349607,125.02904699094555,5.174083000057905,46103.65948702488
0.2,10,35,0.04,0.16,33960.09847445033,132.39433346451395,131.47381334937697,124.56896608241347,5.174083000057905,46104.104990806
0.18,12,45,0.04,0.24,33392.20696087921,133.09228901947088,132.15571351709227,125.13704088164431,4.847125499332305,46200.37948468495
0.18,8,45,0.03,0.3,33268.700012701665,133.27559269300664,132.32200808283957,125.26049649415141,4.847125499332305,46235.363151825026
0.2,12,40,0.05,0.24,34125.50412676472,132.4106743238785,131.46847289622733,124.51934899804756,5.174083000057905,46244.13315131571
0.2,8,35,0.03,0.3,34352.72121520253,132.19721004274047,131.25179987443673,124.3225393115215,5.174083000057905,46257.89576564142
0.18,10,35,0.03,0.12,33587.41031700072,132.91724244748778,132.0562049787448,125.25632745578145,4.847125499332305,46395.07590751847
0.22,10,35,0.05,0.24,34736.47113288949,132.04748328107848,131.10689296242964,124.20000124749907,5.501525149641573,46501.85587292785
0.2,12,35,0.05,0.12,34215.70858868881,132.59611934918766,131.7156106109175,124.90024632206786,5.174083000057905,46654.35823523916
0.16,12,50,0.03,0.3,32885.742784462374,134.03555761575944,133.10300562088378,125.97191103849771,4.520652702501038,46667.884504082365
0.18,8,40,0.03,0.12,33344.835567527094,133.34083615065347,132.5194783071027,125.77212097145318,4.847125499332305,46675.35773172677
0.16,12,45,0.03,0.12,32923.840333151784,133.76122323709728,133.0162191556427,126.40597883918792,4.520652702501038,46868.956431753075
0.18,8,35,0.02,0.24,34488.73762928475,132.69918464873078,131.7489909562952,124.75861396050365,4.847125499332305,46882.63864250215
0.2,8,45,0.04,0.2,33884.81486438315,133.28121317321782,132.36239243429895,125.3544194826939,5.174083000057905,46915.86639899669
0.22,8,45,0.05,0.16,34172.03722924326,132.96837339239013,132.0768042483988,125.1647372617274,5.501525149641573,46941.90740570556
0.16,12,40,0.02,0.3,34064.059575011015,133.19977019885422,132.23965937237023,125.18111491478695,4.520652702501038,46947.47829568443
0.18,12,45,0.04,0.2,33885.01056126292,133.4226000946154,132.50392510714246,125.4809774632217,4.847125499332305,47063.344142689275
0.18,10,40,0.03,0.24,34282.764624124124,133.12348822389845,132.17241693133818,125.13371994573849,4.847125499332305,47100.60995506756
0.16,12,35,0.02,0.12,33857.87299310458,133.38559412868486,132.5349987374023,125.71641779308109,4.520652702501038,47173.574408571396
0.2,12,40,0.05,0.2,34703.41240525184,132.78371929376013,131.8455485154348,124.86405378167429,5.174083000057905,47199.726092756435
0.18,8,45,0.03,0.24,33911.29296826488,133.71835415476795,132.7766984213591,125.68226198781343,4.847125499332305,47352.423336905755
0.16,12,50,0.03,0.24,33372.22339075807,134.3473649216584,133.45426024053705,126.34471279450001,4.520652702501038,47552.52122660755
0.16,8,40,0.02,0.12,33605.79702815223,133.90520574198987,133.10703037624816,126.36138006586513,4.520652702501038,47585.27726344186
0.16,8,45,0.02,0.3,33859.61653441852,134.04127851749607,133.0774687194677,125.91778105218256,4.520652702501038,47603.43272449229
0.22,8,35,0.04,0.3,35596.05552263189,132.44949001717927,131.49943180955478,124.53683204059915,5.501525149641573,47739.45353570968
0.22,8,50,0.05,0.3,34682.14262798328,133.3922867896107,132.44906810563344,125.3832713492186,5.501525149641573,47778.03062937603
0.22,10,35,0.05,0.2,35578.0533339273,132.53762281514543,131.59397629615643,124.63121889136855,5.501525149641573,47818.98544082526
0.2,8,45,0.04,0.16,34552.639622149756,133.6981583075856,132.81563032757387,125.84567841136597,5.174083000057905,48092.79638772729
0.2,8,35,0.03,0.24,35604.33649403134,132.89901381843413,131.94447835709647,124.92687157983357,5.174083000057905,48188.962798649016
0.22,8,50,0.05,0.24,34930.05856627403,133.55570477212197,132.63311397464003,125.57862264913928,5.501525149641573,48228.593553901126
0.22,8,45,0.05,0.12,34931.83305534904,133.39824594882413,132.56347835526327,125.78008453014876,5.501525149641573,48288.974020428475
0.18,12,45,0.04,0.16,34595.13167670237,133.86341600182087,132.9831219179028,126.00035537013993,4.847125499332305,48315.038725264094
0.16,12,50,0.03,0.2,33843.50010149671,134.6145484241649,133.76949096824765,126.72034398614767,4.520652702501038,48407.228107492054
0.18,8,45,0.03,0.2,34536.95815546129,134.12769286592965,133.20823212040452,126.10837640638785,4.847125499332305,48449.05115041305
0.2,10,40,0.04,0.3,35639.509430099904,133.16927359721672,132.2083019240457,125.15252721303561,5.174083000057905,48486.23886216809
0.18,10,40,0.03,0.2,35169.393165070425,133.67997481004946,132.734914354349,125.64772422862255,4.847125499332305,48569.36735617236
0.2,12,35,0.04,0.3,36131.96844352972,132.7738701945613,131.81806212399766,124.81275652967685,5.174083000057905,48589.58288521198
0.2,12,40,0.05,0.16,35537.97499061417,133.3082082146454,132.3860228444524,125.38622637620132,5.174083000057905,48599.769921851665
0.18,12,35,0.03,0.16,35476.12779016329,133.38834957089153,132.45693766095053,125.43295100760874,4.847125499332305,48605.29458339226
0.16,10,40,0.02,0.16,34695.890210287755,134.11921322266343,133.21725047577124,126.17076599129203,4.520652702501038,48647.49773019171
0.22,8,50,0.05,0.2,35168.35727783933,133.6956097813911,132.79810439285887,125.77519426108182,5.501525149641573,48660.64572650974
0.16,12,40,0.02,0.24,35230.20531761975,133.9214356473798,132.95905709075097,125.8182572247391,4.520652702501038,48853.051617638754
0.16,8,45,0.02,0.24,34716.01266091531,134.61424395219888,133.66586807813738,126.46334155886267,4.520652702501038,49094.0413224363
0.18,8,35,0.02,0.2,35934.793414301,133.51902581311992,132.5636990050395,125.47956324690453,4.847125499332305,49151.28500696865
0.22,8,50,0.05,0.16,35507.343390261696,133.86863496863168,133.0119322525666,126.06983744887953,5.501525149641573,49273.81406874488
0.18,10,35,0.02,0.3,36346.65539415858,133.29074877666642,132.32597971851737,125.25270927923137,4.847125499332305,49313.26777088161
0.22,8,35,0.04,0.24,36656.790448242165,133.03979295819283,132.08204794133624,125.04507593536007,5.501525149641573,49376.292720026344
0.2,8,50,0.04,0.3,35401.257896071394,134.36616319476283,133.41505420034377,126.22884784877002,5.174083000057905,49500.56296818461
0.16,12,50,0.03,0.16,34520.1485886845,134.94528559897947,134.1785157637177,127.28432032353103,4.520652702501038,49630.985036775346
0.2,10,35,0.04,0.12,36159.39629179505,133.66787080785338,132.78059792384747,125.85209832040228,5.174083000057905,49685.2235646463
0.2,10,40,0.04,0.24,36404.41981775145,133.6446880353491,132.68221304679216,125.57227347639372,5.174083000057905,49735.21789897436
0.22,10,35,0.05,0.16,36804.87641735067,133.25083925740685,132.31093866426775,125.28601387358266,5.501525149641573,49773.32433908719
0.18,12,50,0.04,0.3,35498.05599848451,134.56976425386813,133.61695151275313,126.40546915590727,4.847125499332305,49813.69579119829
0.2,12,45,0.05,0.3,36396.84876518424,133.78972243827664,132.82269991648474,125.68942326307399,5.174083000057905,49869.67707611582
0.2,8,45,0.04,0.12,35590.06001424378,134.2669869058792,133.45975589160898,126.66018940382845,5.174083000057905,49933.19520292206
0.18,8,45,0.03,0.16,35442.32086968977,134.6743112460494,133.80249571438378,126.75234223254022,4.847125499332305,50046.22123801121
0.2,8,35,0.03,0.2,36839.448392970946,133.59529638698965,132.63638424110542,125.53908637871142,5.174083000057905,50126.48286892776
0.2,8,50,0.04,0.24,35759.69847055587,134.5938367747921,133.67147935272806,126.50090165713303,5.174083000057905,50152.48616981389
0.22,8,50,0.05,0.12,36023.08260409729,134.08460535816826,133.29420816218936,126.55001464326996,5.501525149641573,50205.83418152897
0.18,12,45,0.04,0.12,35699.869866272405,134.46492345280274,133.66428564613548,126.86172556867811,4.847125499332305,50275.12326923993
0.2,12,35,0.04,0.24,37279.89529523902,133.40512506604398,132.4410813217803,125.35613316703336,5.174083000057905,50362.25130077506
0.18,12,50,0.04,0.24,35880.05123543184,134.81057016213015,133.8881700274203,126.69319071500375,4.847125499332305,50508.56454728571
0.16,8,45,0.02,0.2,35554.182707039516,135.14440311893983,134.2247988635353,127.01503440051509,4.520652702501038,50564.98542197399
0.2,12,45,0.05,0.24,36821.07374161219,134.07742396311346,133.11812081443082,125.96335519377405,5.174083000057905,50607.31574829082
0.18,10,40,0.03,0.16,36461.656252486195,134.46356780504408,133.5424318016071,126.42760262722722,4.847125499332305,50741.82831369304
0.16,12,40,0.02,0.2,36377.546735995216,134.62047003761708,133.6656264814514,126.46361945544032,4.520652702501038,50756.92916159615
0.2,8,50,0.04,0.2,36105.29849723881,134.78882675834697,133.9014617763915,126.77481058444312,5.174083000057905,50779.38632468429
0.2,12,40,0.05,0.12,36844.06907208258,134.074460868169,133.1990835018513,126.2607200119962,5.174083000057905,50827.018626184516
0.2,10,40,0.04,0.2,37149.554788758825,134.10441379678693,133.14687243811244,125.9967325772107,5.174083000057905,50970.09960889746
0.22,8,35,0.04,0.2,37698.71700734643,133.62498527168938,132.6635506536244,125.55956666961399,5.501525149641573,51010.509085739184
0.18,12,50,0.04,0.2,36248.58441571616,135.01682324697302,134.13144314064215,126.98290756743552,4.847125499332305,51177.12869124147
0.2,12,45,0.05,0.2,37231.21564986717,134.3431326671789,133.39818847100884,126.23979856393188,5.174083000057905,51326.15772156094
0.22,10,40,0.05,0.3,38013.91125055544,133.7721689975891,132.79988113532644,125.66394207778018,5.501525149641573,51459.4813940178
0.16,12,50,0.03,0.12,35563.806373233136,135.35857633398226,134.71931774058552,128.2058318823959,4.520652702501038,51515.496961995974
0.2,8,50,0.04,0.16,36598.72083599624,135.03007145116854,134.19966981925262,127.18566710368782,5.174083000057905,51672.02037137893
0.18,10,35,0.02,0.24,37958.54161972259,134.15889217838154,133.1827627335768,125.9996884100162,4.847125499332305,51806.33372178618
0.18,12,50,0.04,0.16,36775.124073301704,135.27202297290034,134.4469168477348,127.41753804665439,4.847125499332305,52129.69922323266
0.2,12,35,0.04,0.2,38409.10300708998,134.03108903819344,133.0630829457345,125.90633127190185,5.174083000057905,52134.741688904396
0.18,12,40,0.03,0.3,38050.934427357584,134.5657662610164,133.58050900636832,126.34052767328255,4.847125499332305,52315.534036733334
0.18,8,50,0.03,0.3,36818.8253906153,135.69777219860237,134.7356483146531,127.38390503387464,4.847125499332305,52351.835691862994
0.2,12,45,0.05,0.16,37819.67632890516,134.69754520236026,133.78338205976894,126.65697999318093,5.174083000057905,52364.02774263197
0.22,10,40,0.05,0.24,38652.47505912582,134.16121499623395,133.18767583499533,126.00729342356456,5.501525149641573,52502.91929710744
0.18,8,45,0.03,0.12,36859.560066318096,135.42080250104888,134.64802029580565,127.8216325867955,4.847125499332305,52562.305554275445
0.18,8,35,0.02,0.16,38076.75678113818,134.71538481378144,133.76634762544137,126.57732505169487,4.847125499332305,52574.72002135736
0.16,8,45,0.02,0.16,36774.501314962734,135.85302090647053,134.9952885599323,127.84974422363783,4.520652702501038,52720.24162692727
0.2,10,40,0.04,0.16,38229.81353430453,134.75122256462683,133.81336281589333,126.64018948561484,5.174083000057905,52786.281096743565
0.16,10,40,0.02,0.12,37133.907127630424,135.49306837527357,134.67561108392258,127.7399882414051,4.520652702501038,52815.79459927278
0.16,10,45,0.02,0.3,37409.6337592877,135.6361058085679,134.64432060589368,127.27335556794296,4.520652702501038,52832.265789753816
0.22,10,35,0.05,0.12,38752.77833553579,134.34811035586648,133.43670973670427,126.3907183485913,5.501525149641573,52947.037229336696
0.2,8,35,0.03,0.16,38657.520964532894,134.61025727219942,133.65664344354192,126.47030737027866,5.174083000057905,53030.76731205868
0.2,8,50,0.04,0.12,37353.480349953665,135.33133781317133,134.5935985504123,127.85598195591454,5.174083000057905,53035.50982607257
0.18,12,35,0.03,0.12,38304.721092365835,134.9633470477636,134.0730833687937,127.01915423766383,4.847125499332305,53222.1152260552
0.18,8,50,0.03,0.24,37339.05722458363,136.01256768275192,135.0902205185349,127.75985663816995,4.847125499332305,53298.91904577875
0.2,12,50,0.05,0.3,38429.18208462193,135.17405927248905,134.20179071778318,126.90233026123158,5.174083000057905,53367.155849623596
0.2,10,35,0.03,0.3,39432.8371185562,134.27868724315252,133.296019573174,126.09182980877459,5.174083000057905,53394.52505806873
0.22,8,35,0.04,0.16,39223.895917632115,134.47718831694843,133.52017665011027,126.34140926863164,5.501525149641573,53445.64240756972
0.22,10,40,0.05,0.2,39272.23328295447,134.53719389224946,133.56766510450214,126.35429409692105,5.501525149641573,53530.474280745024
0.18,12,50,0.04,0.12,37581.387515151706,135.59074726922987,134.86370936711194,128.1268000792825,4.847125499332305,53586.13206934956
0.16,12,40,0.02,0.16,38060.89452770305,135.60592713070426,134.68119158048677,127.44399397722194,4.520652702501038,53592.03913231023
0.18,10,45,0.03,0.3,38416.286645022046,135.54027520299985,134.5468266947447,127.18560589338493,4.847125499332305,53727.666672239124
0.2,12,50,0.05,0.24,38726.3294864141,135.35782253919672,134.408727551895,127.12175393376891,5.174083000057905,53907.88691394902
0.2,12,45,0.05,0.12,38729.15631496135,135.18080950035298,134.33047572077876,127.34813653518329,5.174083000057905,53978.20634875088
0.18,12,40,0.03,0.24,39098.74289876225,135.1852852074481,134.19801040297023,126.88698256126327,4.847125499332305,54030.8709408667
0.18,12,35,0.02,0.3,39683.79489356848,134.65562074620766,133.66635651561364,126.4123120063324,4.847125499332305,54038.60648853047
0.18,8,50,0.03,0.2,37842.59679329797,136.28231029093504,135.40842543807696,128.13865856595692,4.847125499332305,54212.86392199441
0.18,10,40,0.03,0.12,38512.23726431031,135.61083666615238,134.7600209176332,127.73702479972049,4.847125499332305,54246.613096959605
0.18,10,35,0.02,0.2,39558.28817570344,135.02117577857845,134.039553400368,126.75720521055933,4.847125499332305,54322.602851341246
0.2,12,50,0.05,0.2,39012.060108915706,135.51516274881507,134.59426293396982,127.34258419439064,5.174083000057905,54426.397431713085
0.16,10,45,0.02,0.24,38361.96801138505,136.23923182651623,135.26362256147672,127.84702633288508,4.520652702501038,54492.92866651015
0.2,12,35,0.04,0.16,40064.92162133538,134.94297450786593,133.97968124956492,126.74271028391598,5.174083000057905,54780.64234764157
0.2,10,45,0.04,0.3,39592.21054513885,135.4890923224916,134.49375425130904,127.13684317980564,5.174083000057905,54842.080392913405
0.22,10,40,0.05,0.16,40166.66763688323,135.06579901879374,134.11230537961794,126.87993541799462,5.501525149641573,55034.44705652672
0.18,10,45,0.03,0.24,39166.826336607635,136.01804308909635,135.03738592098355,127.64002985883582,4.847125499332305,55035.92863171019
0.2,12,50,0.05,0.16,39418.6858454921,135.70977236441823,134.83475107892562,127.6736560542278,5.174083000057905,55162.24273226818
0.22,12,35,0.05,0.3,41116.01686402432,134.46846494293862,133.48212690239487,126.25253240356783,5.501525149641573,55271.650100914005
0.18,8,50,0.03,0.16,38564.800951807025,136.61621349762544,135.82130503234637,128.70738963318746,4.847125499332305,55519.587678957425
0.2,10,35,0.03,0.24,40882.87070622982,135.03511648319673,134.04249401236945,126.74226873189217,5.174083000057905,55640.35953466543
0.2,10,40,0.04,0.12,39930.16910220037,135.69711268567949,134.81705058570137,127.71905996583001,5.174083000057905,55691.60426868939
0.18,12,40,0.03,0.2,40124.63399669738,135.78492864752442,134.80404022322432,127.44008464154388,4.847125499332305,55735.53806952592
0.2,10,45,0.04,0.24,40177.66176782294,135.86300933165643,134.87766674717517,127.49247664679315,5.174083000057905,55862.272328680316
0.22,8,40,0.04,0.3,41078.7157478001,135.2758581889384,134.27703745575064,126.94198141891738,5.501525149641573,56087.23606844949
0.16,10,45,0.02,0.2,39294.18331572027,136.79738294925642,135.85200186123717,128.42724178981203,4.520652702501038,56131.50319602446
0.16,8,45,0.02,0.12,38702.05261339134,136.82195031170292,136.0931144746738,129.238305010534,4.520652702501038,56145.15664564755
0.2,12,50,0.05,0.12,40037.68332682933,135.95271779675258,135.15228070722725,128.21337205457422,5.174083000057905,56280.754047222945
0.18,10,45,0.03,0.2,39897.780585602995,136.45982472883202,135.50304889872487,128.09922943013626,4.847125499332305,56320.093472430584
0.22,10,45,0.05,0.3,41083.898159715245,135.55108891971818,134.55235116196803,127.1851474782927,5.501525149641573,56395.54216613335
0.16,8,50,0.02,0.3,38956.88158520002,137.38082747601464,136.40548742056166,128.8440096115923,4.520652702501038,56405.72343457781
0.18,12,35,0.02,0.24,41457.94642395055,135.56805698092293,134.56675899708003,127.19666824048882,4.847125499332305,56789.217355298344
0.2,10,45,0.04,0.2,40745.40431564733,136.20852886576077,135.2418342626369,127.85158202747633,5.174083000057905,56859.30246157088
0.2,8,40,0.03,0.3,41321.10070859818,135.78072913431728,134.7734869785611,127.37179131040575,5.174083000057905,56876.918425700605
0.22,12,35,0.05,0.24,42190.60703837629,135.0268291908928,134.03313504436863,126.73262135614172,5.501525149641573,56935.65354264426
0.22,10,45,0.05,0.24,41538.22981285367,135.8410382312573,134.85003925925668,127.46089120645696,5.501525149641573,57187.14499362499
0.22,10,35,0.04,0.3,42461.51890077257,135.1557911282675,134.1571651809181,126.83632825730724,5.501525149641573,57339.12436071739
0.22,10,40,0.05,0.12,41564.81531053181,135.83804697986398,134.93161035794762,127.76021326700028,5.501525149641573,57422.936142227394
0.22,8,35,0.04,0.12,41660.555713700174,135.7898276364073,134.8668723361055,127.66208387315692,5.501525149641573,57424.89088821061
0.22,8,40,0.04,0.24,41925.93399331087,135.7658918301145,134.7654430670225,127.37401789455332,5.501525149641573,57475.136970375665
0.18,8,50,0.03,0.12,39676.9543317418,137.03345776599693,136.3671964313849,129.63665474598338,4.847125499332305,57527.840595295434
0.2,12,40,0.04,0.3,42079.523094223885,135.7976920716999,134.78962220814333,127.3852000677166,5.174083000057905,57653.0315207789
0.16,8,50,0.02,0.24,39711.665528219375,137.81171687122728,136.89086698389343,129.35826580099152,4.520652702501038,57781.296414063865
0.2,8,35,0.03,0.12,41586.66885551471,136.17583621895244,135.2629584878632,128.04568414588599,5.174083000057905,57818.90274333165
0.2,10,35,0.03,0.2,42314.835951132845,135.78582249978956,134.78836157921143,127.40137816602038,5.174083000057905,57894.906921215756
0.22,10,45,0.05,0.2,41977.27426164907,136.10882020474605,135.1322526719653,127.73915992700107,5.501525149641573,57957.98586866728
0.18,8,40,0.02,0.3,41787.9027734411,136.36612457938776,135.3491220237049,127.87002403590388,4.847125499332305,57991.13964192028
0.18,10,35,0.02,0.16,41929.19804248171,136.27982879832769,135.3046876469487,127.91096738339898,4.847125499332305,58120.93906895136
0.18,10,45,0.03,0.16,40955.67012431839,137.04988340204417,136.144449618965,128.79336583269023,4.847125499332305,58189.82687352121
0.16,12,40,0.02,0.12,40758.327490001466,137.05112580102838,136.2151687140071,129.09325967354047,4.520652702501038,58210.89443473058
0.16,12,45,0.02,0.3,41057.145229060225,137.20142516510293,136.18205189723386,128.60253835585362,4.520652702501038,58225.33709523096
0.18,12,40,0.03,0.16,41620.86605105342,136.62953176890449,135.67430792107024,128.27953570565137,4.847125499332305,58257.681995559244
0.18,8,35,0.02,0.12,41560.30292833419,136.56372898284386,135.66294639629677,128.43757394794395,4.847125499332305,58274.84227349733
0.2,10,45,0.04,0.16,41562.88734122293,136.66967123188192,135.7430229841098,128.39390997462755,5.174083000057905,58303.509997811685
0.16,10,45,0.02,0.16,40651.55548803407,137.54354059894362,136.66323470814436,129.30528934141972,4.520652702501038,58531.82906800083
0.22,12,35,0.05,0.2,43243.808214373836,135.58020159064571,134.5829331630193,127.21848211419069,5.501525149641573,58592.739102175314
0.2,8,40,0.03,0.24,42404.976797581505,136.39649373774327,135.3871890750698,127.91449126431093,5.174083000057905,58654.338691669494
0.22,8,40,0.04,0.2,42751.04070070609,136.23977718697031,135.24433677349697,127.81092580153945,5.501525149641573,58846.59779513042
0.22,10,45,0.05,0.16,42606.7775000736,136.4659941705668,135.5203917027869,128.15909010734882,5.501525149641573,59069.78519706253
0.16,8,50,0.02,0.2,40445.70326404497,138.1811839276369,137.32681398884517,129.87693323486053,4.520652702501038,59114.505978913476
0.2,12,35,0.04,0.12,42717.175942708134,136.34824652263677,135.42140276334388,128.1562516613979,5.174083000057905,59115.696439424995
0.2,12,40,0.04,0.24,43002.64626535414,136.322417413082,135.31258509583367,127.84765981682996,5.174083000057905,59166.51470177526
0.22,10,35,0.04,0.24,43746.08757992289,135.8077551350786,134.8005064217672,127.39662307658095,5.501525149641573,59330.94315173053
0.18,12,35,0.02,0.2,43219.73214274499,136.47455697872908,135.46739018625766,127.99227170129333,4.847125499332305,59566.63838329728
0.2,10,50,0.04,0.3,42600.410307833336,137.4086381084177,136.4059940454893,128.8169317733038,5.174083000057905,60034.38933137782
0.16,12,45,0.02,0.24,42111.76605101439,137.83608603249655,136.83366309633203,129.2055851345225,4.520652702501038,60067.3686465473
0.22,10,50,0.05,0.3,43257.9637490838,136.94621665803092,135.94200470291048,128.406057765578,5.501525149641573,60145.121581687
0.18,8,40,0.02,0.24,43164.93092580816,137.13258517035013,136.11299155259454,128.54527040628093,4.847125499332305,60251.914014168506
0.2,8,40,0.03,0.2,43465.36100326633,136.99246564371253,135.9894510664151,128.4637589669791,5.174083000057905,60418.97266989269
0.2,10,45,0.04,0.12,42832.907745598015,137.29896951153566,136.4555149489983,129.29345639246543,5.174083000057905,60560.20723617577
0.2,12,40,0.04,0.2,43902.67590390823,136.82996378842245,135.82547842712512,128.31543522513545,5.174083000057905,60663.715839803685
0.22,10,50,0.05,0.24,43575.622405931805,137.13140638130753,136.1505176508817,128.6269222136358,5.501525149641573,60723.826735338516
0.22,10,45,0.05,0.12,43578.558666791156,136.9530166196094,136.07165751623978,128.85478475369464,5.501525149641573,60796.11747999464
0.2,10,50,0.04,0.24,43039.8890302018,137.6605953113986,136.68971065696692,129.11741390835957,5.174083000057905,60835.2692180535
0.2,12,35,0.03,0.3,44711.56611596875,136.30913968269292,135.28982315121772,127.81535867455014,5.174083000057905,60844.2904931063
0.22,8,40,0.04,0.16,43946.69793056247,136.90654533935253,135.93128318076816,128.4732936779967,5.501525149641573,60861.93559809583
0.18,10,50,0.03,0.3,42562.80307113821,138.15493709818472,137.15184337616978,129.47419957863278,4.847125499332305,60892.627124445746
0.16,8,50,0.02,0.16,41504.384738370805,138.6388418937482,137.89296340528864,130.65661946972784,4.520652702501038,61030.34079159079
0.22,12,35,0.05,0.16,44781.25873710133,136.3857878039196,135.39257080701424,127.95657002021956,5.501525149641573,61054.05369185526
0.18,10,45,0.03,0.12,42611.77597919011,137.85591232494573,137.05731502157886,129.9464126492844,4.847125499332305,61133.598680139745
0.2,10,35,0.03,0.16,44424.39631207165,136.88051788787732,135.88859821696025,128.40428731921833,5.174083000057905,61276.19530366374
0.22,10,50,0.05,0.2,43880.894902957094,137.2899670108233,136.33746412869112,128.84920050815808,5.501525149641573,61278.237568899196
0.22,10,35,0.04,0.2,45009.0774585213,136.45429665898655,135.44283813904818,127.96398627707369,5.501525149641573,61321.01211185181
0.2,10,50,0.04,0.2,43463.55517326675,137.87640738393762,136.94420376593158,129.41999593846023,5.174083000057905,61604.82485613884
0.18,12,45,0.03,0.3,43878.54501791731,137.79033207084825,136.75697790938187,129.09553054462742,4.847125499332305,61720.27677475528
0.16,12,45,0.02,0.2,43144.33870295304,138.42351318559682,137.4528409694382,129.8156171935945,4.520652702501038,61884.88052266296
0.18,10,50,0.03,0.24,43171.44699348711,138.4949658474537,137.5347768337888,129.87965678917587,4.847125499332305,62002.29757676074
0.22,10,50,0.05,0.16,44315.003299603835,137.48608495870556,136.57977853865754,129.18243946407998,5.501525149641573,62064.15780326892
0.18,12,40,0.03,0.12,43996.93455496411,137.8666271624212,136.98707594788794,129.68965562250264,4.847125499332305,62327.46135182575
0.16,10,45,0.02,0.12,42795.65758517948,138.56402908492578,137.81940769669364,130.76642673066715,4.520652702501038,62344.64063685008
0.18,8,40,0.02,0.2,44519.20343286402,137.8751478323539,136.86337979662358,129.22935250172776,4.847125499332305,62508.64535354613
0.16,10,50,0.02,0.3,43077.91690590789,139.15264889704082,138.14832423603647,130.35130368984372,4.520652702501038,62639.87857762701
0.2,10,50,0.04,0.16,44068.271993306684,138.1434443742945,137.2742412031051,129.87395658694288,5.174083000057905,62699.57640691612
0.2,12,40,0.04,0.16,45208.61399337154,137.5442792856119,136.56139316150743,129.0247926596623,5.174083000057905,62866.63796654123
0.2,8,40,0.03,0.16,45010.34277162724,137.8318352961495,136.85424084215396,129.29732589258907,5.174083000057905,63026.55967810542
0.18,10,50,0.03,0.2,43760.492246904134,138.78636395277326,137.8784805268514,130.28825788492762,4.847125499332305,63072.531226480554
0.22,8,45,0.04,0.3,45449.44555135025,137.66721069709604,136.63258533622957,128.98454886603346,5.501525149641573,63138.21607471117
0.22,12,40,0.05,0.3,46288.92668346162,136.9746799712256,135.94474267578397,128.38254220770932,5.501525149641573,63169.23335080018
0.18,12,45,0.03,0.24,44749.2963830192,138.3056854327261,137.2860444705731,129.58498088513699,4.847125499332305,63241.596806336966
0.22,10,50,0.05,0.12,44975.071265365375,137.73091155891422,136.89971481881037,129.72567822646357,5.501525149641573,63256.89233714414
0.2,12,35,0.03,0.24,46379.695173096676,137.1239712420722,136.09380805300762,128.51505335480584,5.174083000057905,63436.32891174285
0.18,12,35,0.02,0.16,45832.45990962707,137.7981450714217,136.7976581385908,129.2043934203808,4.847125499332305,63761.092329847444
0.16,8,50,0.02,0.12,43148.05804763025,139.2112054721507,138.6423667842056,131.9330377205812,4.520652702501038,63996.81140589065
0.22,8,40,0.04,0.12,45826.968202479235,137.88170215476202,136.9658616783686,129.58397668723464,5.501525149641573,64081.01838024559
0.18,10,40,0.02,0.3,46030.40386803272,138.01690187352202,136.97004416449792,129.26981302291568,4.847125499332305,64122.82651899966
0.16,10,50,0.02,0.24,43918.19228221641,139.6066346776444,138.65966692089063,130.89253250865482,4.520652702501038,64172.74746913582
0.22,8,45,0.04,0.24,46097.11032411662,138.0527174114181,137.02833234537874,129.3506758022948,5.501525149641573,64269.32632726976
0.22,10,35,0.04,0.16,46859.81084725152,137.39623299329435,136.38946950177657,128.82652481622455,5.501525149641573,64288.55007011906
0.2,8,35,0.02,0.3,47039.93679965196,137.36227444070465,136.3239674744383,128.70864060268187,5.174083000057905,64362.99579301527
0.2,10,50,0.04,0.12,44992.85009299437,138.47696750532964,137.71029911800065,130.61483902402665,5.174083000057905,64369.71784646644
0.18,10,35,0.02,0.12,45787.809102039355,138.2252416503736,137.3006973527021,129.86698708609762,4.847125499332305,64447.45541027299
0.22,8,35,0.03,0.3,47371.95441985246,137.17087903500942,136.13586626096486,128.54603478215967,5.501525149641573,64473.47041761687
0.22,12,40,0.05,0.24,47091.21647743725,137.4144752649021,136.38301849808045,128.76984767863408,5.501525149641573,64486.3599956473
0.16,12,45,0.02,0.16,44648.11602414053,139.20894553914533,138.30670003406092,130.73898696108733,4.520652702501038,64547.06700465547
0.18,10,50,0.03,0.16,44605.170887584,139.14711593708518,138.32451119981806,130.9018600422571,4.847125499332305,64601.665612071425
0.18,12,45,0.03,0.2,45597.61133372959,138.78231203296772,137.7883603675783,130.07967775002572,4.847125499332305,64734.916847379616
0.22,12,35,0.05,0.12,47226.906982573055,137.6259869908908,136.66472136681432,129.20266260836001,5.501525149641573,65055.979508634024
0.2,12,45,0.04,0.3,46850.06175244671,138.35931670263486,137.31278754983097,129.5723389573848,5.174083000057905,65356.27257098429
0.22,8,45,0.04,0.2,46724.94607248608,138.40895920431817,137.40373898534375,129.72039158415816,5.501525149641573,65373.97885770889
0.16,10,50,0.02,0.2,44735.31093924977,139.99594572087548,139.11898857520598,131.43848715461198,4.520652702501038,65657.85188718107
0.2,10,40,0.03,0.3,47507.154079055625,138.14321496349638,137.09323444750535,129.37529008004552,5.174083000057905,65745.09013884363
0.22,12,40,0.05,0.2,47870.660779241894,137.83961703428668,136.81259320768757,129.16137583870827,5.501525149641573,65784.28102785484
0.18,8,40,0.02,0.16,46504.79258431452,138.92219616066896,137.94216662851682,130.26878423068956,4.847125499332305,65864.84366561164
0.2,12,35,0.03,0.2,48028.397351903055,137.93289814524255,136.89739749889904,129.22428824666002,5.174083000057905,66040.16033184848
0.2,12,40,0.04,0.12,47266.26977894842,138.58936031838994,137.67015607646454,130.21478864623856,5.174083000057905,66391.83592516104
0.2,12,45,0.04,0.24,47559.57145280872,138.7725669446702,137.73699740151005,129.96464301160717,5.174083000057905,66596.24962330531
0.2,8,45,0.03,0.3,47336.224578712194,138.985375663643,137.93004678578487,130.10757870760514,5.174083000057905,66599.91357188617
0.18,10,40,0.02,0.24,47556.43772098058,138.82387930069254,137.77419640270267,129.97997678704405,4.847125499332305,66633.53984284883
0.2,10,35,0.03,0.12,47826.78445241873,138.5700101483253,137.62180243393908,130.1019162126364,5.174083000057905,66853.96998656674
0.18,12,45,0.03,0.16,46825.69959348594,139.41904479889993,138.48040452306162,130.82766778739116,4.847125499332305,66908.93405905094
0.18,10,50,0.03,0.12,45905.51397355265,139.5979752863772,138.91434837939113,131.90477569574105,4.847125499332305,66949.59704950402
0.22,8,45,0.04,0.16,47628.43337720564,138.88443072398553,137.9204165847535,130.27877091089155,5.501525149641573,66972.53732130975
0.22,8,35,0.03,0.24,49052.64570780192,137.97061091211293,136.92490172823696,129.2323737103659,5.501525149641573,67088.04868504153
0.2,8,40,0.03,0.12,47459.82715142933,139.06113600173683,138.15859721858973,130.69738735610898,5.174083000057905,67225.92011159263
0.22,10,40,0.04,0.3,49102.26880771472,138.27914527253228,137.2259768057632,129.48911673147228,5.501525149641573,67498.35724054574
0.2,8,35,0.02,0.24,49059.35808612336,138.31610634868923,137.26502842448855,129.52709561261426,5.174083000057905,67506.44543548282
0.22,12,35,0.04,0.3,49801.84644215523,137.82659719266593,136.7795176029641,129.1015801175362,5.501525149641573,67661.30988812433
0.22,12,40,0.05,0.16,48996.69101389366,138.4375369611434,137.4285105002619,129.75467063433692,5.501525149641573,67684.98198592097
0.16,10,50,0.02,0.16,45913.678879956446,140.47823478833539,139.7155726842375,132.25934889635175,4.520652702501038,67791.01557960344
0.2,12,45,0.04,0.2,48247.91623155648,139.15450906490108,138.13947397653212,130.36086390183308,5.174083000057905,67808.1177382724
0.2,10,40,0.03,0.24,48766.93596445949,138.80793149519238,137.75560938909013,129.96021513290862,5.174083000057905,67817.35150064921
0.2,8,45,0.03,0.24,48233.36164831339,139.49743592806925,138.45568354441684,130.59351764651976,5.174083000057905,68168.98004469804
0.16,12,45,0.02,0.12,47023.902082601955,140.28339914970704,139.52394702218749,132.27607296295497,4.520652702501038,68774.95425523425
0.22,8,50,0.04,0.3,48773.719671528794,139.64638990236728,138.60391248892753,130.71431755661976,5.501525149641573,68889.67911423334
0.16,12,50,0.02,0.3,47335.422072965725,140.90314987780957,139.8701726332368,131.83913252963643,4.520652702501038,69107.3384178105
0.18,10,40,0.02,0.2,49057.88947646084,139.60585761449818,138.56432204279906,130.69957889394516,4.847125499332305,69140.35763484903
0.22,10,35,0.04,0.12,49820.68944228203,138.84798504541797,137.87860603021812,130.28445710684872,5.501525149641573,69141.72212720629
0.22,10,40,0.04,0.24,50132.46005393622,138.82125265897474,137.76616328230747,129.9661103956626,5.501525149641573,69192.72803055773
0.22,12,45,0.05,0.3,50146.14216958806,138.98653512300962,137.92620084587267,130.09914982262322,5.501525149641573,69401.31534390907
0.22,8,45,0.04,0.12,49030.638416976195,139.5333176381435,138.65496924319842,131.20501287898094,5.501525149641573,69466.5912174809
0.2,12,45,0.04,0.16,49239.409690608045,139.66437555012135,138.69351902233325,130.95940918613124,5.174083000057905,69563.29714409675
0.2,8,45,0.03,0.2,49106.76586155695,139.97099355836147,138.95471624811563,131.0846390133003,5.174083000057905,69707.81585432753
0.22,8,35,0.03,0.2,50712.00486407372,138.76443801084076,137.71344011158993,129.92798135227383,5.501525149641573,69711.3817468853
0.22,8,50,0.04,0.24,49259.16374777716,139.90620602166572,138.8964289933294,131.02372255519956,5.501525149641573,69775.39615760407
0.2,10,40,0.03,0.2,50000.174887887115,139.45144518238533,138.4058036192252,130.55236571948643,5.174083000057905,69875.44740208339
0.2,12,35,0.03,0.16,50459.52831285345,139.1129526548151,138.08324653965485,130.30387816257732,5.174083000057905,69948.05071172598
0.18,12,50,0.03,0.3,48690.46941333828,140.6118037366333,139.56759348749455,131.56139920427395,4.847125499332305,70055.90127497255
0.22,12,35,0.04,0.24,51342.82908695986,138.54621479810916,137.48947580401972,129.71890925113047,5.501525149641573,70060.17890828116
0.18,12,45,0.03,0.12,48748.77282405266,140.28907550550434,139.46566126904114,132.0706864139708,4.847125499332305,70330.85434864426
0.18,12,40,0.02,0.3,50346.353350669124,139.6252509492187,138.54913174349522,130.63219274871537,4.847125499332305,70382.71755971856
0.22,12,45,0.05,0.24,50719.70244751727,139.3147282692203,138.26306977732543,130.41056144864558,5.501525149641573,70404.07286143812
0.22,8,50,0.04,0.2,49726.88012243237,140.12875446929925,139.15882139264863,131.33529989035432,5.501525149641573,70625.6899045503
0.2,8,35,0.02,0.2,51063.54107554008,139.26388118811462,138.2064751224503,130.3574085056593,5.174083000057905,70677.70867557758
0.22,12,40,0.05,0.12,50758.96777518811,139.3114522328677,138.3554908349989,130.74878897746103,5.501525149641573,70704.87781175981
0.18,12,35,0.02,0.12,50088.2829560513,139.84482792745155,138.89738233656595,131.26030797274888,4.847125499332305,70751.2590064741
0.16,12,50,0.02,0.24,48267.294930232376,141.3813269397124,140.4087087053761,132.40859644961884,4.520652702501038,70808.77656196075
0.22,10,40,0.04,0.2,51136.5558895285,139.34563912895962,138.2959755803235,130.44861122385328,5.501525149641573,70867.82012278601
0.2,10,35,0.02,0.3,51655.528987064914,139.00749358343106,137.93030542962632,130.0948677307138,5.174083000057905,70916.60114854379
0.16,10,50,0.02,0.12,47742.83236625578,141.08148027675787,140.50539983298523,133.60357515859963,4.520652702501038,71092.09756154298
0.18,8,40,0.02,0.12,49682.32908232999,140.45819447101582,139.5721678364733,132.01803966395426,4.847125499332305,71320.67336437858
0.18,8,45,0.02,0.3,50023.301358531644,140.61776706465875,139.53678606745044,131.49727605720238,4.847125499332305,71333.02161995268
0.18,12,50,0.03,0.24,49398.05819142326,140.97897665105558,139.98103342704462,131.99855995644873,4.847125499332305,71347.60165053763
0.22,12,45,0.05,0.2,51274.23984907681,139.61788977469558,138.58249255288487,130.72489221903803,5.501525149641573,71380.57374259712
0.2,12,50,0.04,0.3,50496.7845678795,140.48160300334308,139.4265623681612,131.42630468101632,5.174083000057905,71670.80114912981
0.22,8,50,0.04,0.16,50393.99706975761,140.40413292432228,139.4991112734447,131.80277480961539,5.501525149641573,71833.96947982184
0.2,8,45,0.03,0.16,50370.03532672974,140.60359189109099,139.64219466036423,131.82717247019326,5.174083000057905,71945.64290523068
0.2,12,45,0.04,0.12,50780.30044829916,140.36037160031498,139.4814159385814,131.95263546002334,5.174083000057905,72304.99967833555
0.16,12,50,0.02,0.2,49173.48819327522,141.7914267522382,140.89251839767934,132.98312386062156,4.520652702501038,72456.75841517712
0.22,12,35,0.04,0.2,52859.50830630702,139.26011254383107,138.19858284041206,130.34424316313624,5.501525149641573,72459.03155483307
0.18,12,50,0.03,0.2,50082.857917159505,141.29367524509556,140.35217170951205,132.43919037849844,4.847125499332305,72592.90498710761
0.2,12,50,0.04,0.24,51030.743440432314,140.76036104711284,139.74039506955916,131.75811003627553,5.174083000057905,72645.44463313704
0.22,12,45,0.05,0.16,52069.66638146755,140.02234184213592,139.02191014200056,131.19937087342487,5.501525149641573,72788.78945471735
0.18,10,40,0.02,0.16,51260.192029516904,140.70875160607656,139.70052117361666,131.7932605906609,4.847125499332305,72869.14909054944
0.2,10,40,0.03,0.16,51798.104802664806,140.35804237018183,139.3397052474803,131.4512921818831,5.174083000057905,72917.51119389881
0.18,12,40,0.02,0.24,52030.50009698388,140.47452623606358,139.39533556034417,131.37879302667662,4.847125499332305,73158.73074985412
0.22,10,40,0.04,0.16,52592.719233598094,140.08369990488464,139.05621220404072,131.180345592397,5.501525149641573,73330.21844148936
0.18,8,45,0.02,0.24,51265.65798861486,141.2925228855779,140.2293921633932,132.13700097775995,4.847125499332305,73509.44065642582
0.2,12,50,0.04,0.2,51545.47818215572,140.99915850832568,140.0219425598269,132.09229507422992,5.174083000057905,73581.48186837888
0.22,8,35,0.03,0.16,53155.68291274692,139.92227154686123,138.87688131102027,130.9866562903212,5.501525149641573,73642.76232520536
0.22,8,50,0.04,0.12,51412.87078854029,140.74808378677528,139.9487298456263,132.5657604623761,5.501525149641573,73674.4452791715
0.22,10,35,0.03,0.3,54221.41055388159,139.5756608763399,138.46361819735915,130.5546064436639,5.501525149641573,74153.09081560913
0.22,12,50,0.05,0.3,52891.51395076343,140.56622734409822,139.49930557104216,131.47841252341527,5.501525149641573,74154.09679067245
0.18,12,50,0.03,0.16,51064.79668951412,141.68332183922683,140.83388026563873,133.10104118383398,4.847125499332305,74371.33020138422
0.2,10,35,0.02,0.24,53886.685207551454,140.00355564424595,138.92082359164198,130.95550647709626,5.174083000057905,74395.12997139376
0.16,12,50,0.02,0.16,50480.2794247391,142.29952475422363,141.52099504335195,133.84711666627857,4.520652702501038,74823.12752386217
0.22,12,50,0.05,0.24,53293.678448051454,140.77604850123973,139.73549370056162,131.72808063485638,5.501525149641573,74888.18244522491
0.2,12,50,0.04,0.16,52280.116298902365,141.29467365294113,140.38712232678932,132.59378325466187,5.174083000057905,74912.22281827156
0.22,12,45,0.05,0.12,53298.063617332286,140.5739903545657,139.64621022207032,131.98577148460907,5.501525149641573,74974.49407454622
0.2,12,40,0.03,0.3,54005.338684201466,140.4867343186853,139.38189714869344,131.3492589823635,5.174083000057905,75108.74590545997
0.2,8,50,0.03,0.3,52286.13654512532,141.78853009068516,140.7221615521243,132.5555328615991,5.174083000057905,75183.64098525007
0.2,8,35,0.02,0.16,54033.49389755767,140.6479976593212,139.59729407233584,131.6226447730177,5.174083000057905,75461.35086168893
0.2,8,45,0.03,0.12,52345.4055229583,141.46791032143787,140.62086702942267,133.06098997404317,5.174083000057905,75462.1707542022
0.22,12,50,0.05,0.2,53680.14210460939,140.9557192964683,139.9472808726519,131.97938962862372,5.501525149641573,75591.00233959267
0.18,8,45,0.02,0.2,52481.3353726419,141.91715605369316,140.88762814402224,132.78424403066242,4.847125499332305,75654.66196652016
0.18,12,40,0.02,0.2,53688.309699847894,141.29766965508566,140.22696075619064,132.1354753555426,4.847125499332305,75931.3206402253
0.22,12,35,0.04,0.16,55084.63619113085,140.30064751788655,139.244098178162,131.29532828488905,5.501525149641573,76039.46987287368
0.22,10,45,0.04,0.3,54416.86402382991,140.92586198211072,139.83247410548793,131.7451704572296,5.501525149641573,76107.21278825482
0.2,12,35,0.03,0.12,54385.54902485011,140.93523965554513,139.95242806936275,132.13241953266953,5.174083000057905,76400.172158252
0.2,8,50,0.03,0.24,53012.64319375896,142.15325500874945,141.13280310035378,132.989441381671,5.174083000057905,76510.5926980791
0.22,12,50,0.05,0.16,54229.632624160135,141.1779735836476,140.22183261856213,132.3562309768943,5.501525149641573,76586.52199926585
0.2,12,50,0.04,0.12,53403.14010375786,141.66382205888257,140.8697113463715,133.41252335077948,5.174083000057905,76940.6825293039
0.2,10,45,0.03,0.3,54498.8785367538,141.6042654410098,140.5017410262184,132.32517701975198,5.174083000057905,77082.23480253817
0.18,12,50,0.03,0.12,52576.291502565226,142.1703674247461,141.47103033288187,134.18320103168952,4.847125499332305,77100.35609390006
0.22,10,35,0.03,0.24,56166.62843173614,140.41700090771462,139.31515445440246,131.29428005258438,5.501525149641573,77183.07151373349
0.22,10,40,0.04,0.12,54884.71263250099,141.16361448145042,140.20172082424963,132.4080049628827,5.501525149641573,77264.3660273214
0.22,10,45,0.04,0.24,55207.45640438814,141.35291046176297,140.27076517530767,132.14989920498093,5.501525149641573,77491.86459208936
0.2,12,40,0.03,0.24,55460.090526879714,141.19163154742736,140.09646001587458,131.97941668027806,5.174083000057905,77504.75823168686
0.2,12,35,0.02,0.3,56291.84993117809,140.64099351666883,139.47883021956704,131.42996334521933,5.174083000057905,77534.04997671235
0.2,8,50,0.03,0.2,53715.27802860881,142.46584554502513,141.5014142210625,133.4267731107346,5.174083000057905,77788.8231527572
0.2,10,40,0.03,0.12,54650.64837707684,141.68636227902607,140.748932618707,132.96188590415187,5.174083000057905,77817.53453738376
0.2,10,35,0.02,0.2,56102.172990873645,141.0005343140692,139.91200604286138,131.8288271501705,5.174083000057905,77907.63374938729
0.22,12,50,0.05,0.12,55064.92167392992,141.45546760571526,140.584402197484,132.97075243092002,5.501525149641573,78095.75212994218
0.16,12,50,0.02,0.12,52508.68874676587,142.93513677393332,142.3531965512812,135.2624117053935,4.520652702501038,78483.64540745955
0.18,8,45,0.02,0.16,54250.283229723675,142.75247641683367,141.79551328501356,133.76414291766383,4.847125499332305,78792.53786562706
0.22,8,40,0.03,0.3,56712.74110544396,141.28804402736762,140.15088136063898,132.01172837491887,5.501525149641573,78829.10870102381
0.22,10,45,0.04,0.2,55974.13628935658,141.7476206153295,140.68661725295976,132.55868604800557,5.501525149641573,78844.1246433595
0.2,10,45,0.03,0.24,55544.8585310643,142.15777130689972,141.06981898889114,132.84956942429415,5.174083000057905,78915.54904567207
0.18,10,40,0.02,0.12,54786.268831979265,142.32723250840985,141.4178976707558,133.63456418364999,4.847125499332305,78931.46672909356
0.18,10,45,0.02,0.3,55157.66958050594,142.4951739551253,141.38037460491438,133.08605305994865,4.847125499332305,78941.03981609322
0.2,8,50,0.03,0.16,54721.96602765923,142.85286952361022,141.979821495471,134.08363021004484,5.174083000057905,79612.48779853758
0.2,12,40,0.03,0.2,56885.162731895194,141.88615089194542,140.7980734679189,132.61752652933447,5.174083000057905,79888.74326819174
0.22,12,40,0.04,0.3,57773.252741973025,141.31400469481986,140.1681325805994,132.02598007961416,5.501525149641573,79914.42263510184
0.18,12,40,0.02,0.16,56121.16127483563,142.45891582440316,141.42314776772236,133.2858184433293,4.847125499332305,80056.62843187535
0.22,8,35,0.03,0.12,57094.08991192173,141.70979992576312,140.71027214878626,132.77930509094588,5.501525149641573,80119.09342539558
0.22,10,35,0.03,0.2,58088.612065448,141.26249389715443,140.1664367178849,132.04417545769394,5.501525149641573,80227.47754276553
0.2,10,45,0.03,0.2,56563.48387817611,142.66975957043383,141.60925656215858,133.37966931902426,5.174083000057905,80713.56638573098
0.22,10,45,0.04,0.16,57077.764973077574,142.27455397980233,141.25909963983275,133.17624638060715,5.501525149641573,80800.6702034904
0.22,8,40,0.03,0.24,58170.52441317309,141.96510941562275,140.85167048594386,132.629464082068,5.501525149641573,81227.99154781521
0.2,12,35,0.02,0.24,58746.19971170143,141.6640993134737,140.5208600191798,132.33452772419253,5.174083000057905,81361.44484362997
0.18,10,45,0.02,0.24,56537.48445729768,143.2064229488755,142.110346456957,133.7595781359975,4.847125499332305,81361.70962628075
0.22,12,35,0.04,0.12,58650.28489536643,141.90543772957278,140.88991790411833,132.90406099696315,5.501525149641573,81901.85741918816
0.22,12,40,0.04,0.24,59014.8150568778,141.88280291681752,140.76530148030133,132.55237754585403,5.501525149641573,81954.86328800464
0.2,8,50,0.03,0.12,56269.666301689365,143.33661773726092,142.6125682326729,135.15752501124,5.174083000057905,82407.00245824218
0.2,8,40,0.02,0.3,59145.19810401517,142.60864911662387,141.42875162896672,133.11315819178938,5.174083000057905,83001.20655925125
0.22,10,50,0.04,0.3,58475.74271581735,143.1191726863241,142.01658123135417,133.6579801106992,5.501525149641573,83151.50334347793
0.2,10,35,0.02,0.16,59387.21894035824,142.45841025689214,141.3767677733304,133.1600083068076,5.174083000057905,83208.70413540426
0.2,10,45,0.03,0.16,58037.17967542219,143.35384531670772,142.3525744043123,134.18135316831004,5.174083000057905,83328.03300418
0.2,12,40,0.03,0.16,58964.23837598811,142.8649147601145,141.80615829910693,133.58654343764567,5.174083000057905,83414.01211397957
0.2,8,35,0.02,0.12,58864.987445423096,142.78888011951668,141.7932253465438,133.7692859293601,5.174083000057905,83418.16151365849
0.22,8,40,0.03,0.2,59597.41462246467,142.64249162049708,141.53967878779173,133.25492479734035,5.501525149641573,83615.47345719737
0.18,10,45,0.02,0.2,57887.969882376885,143.86495037173185,142.80421758371432,134.44114544003298,4.847125499332305,83747.73273833033
0.18,8,45,0.02,0.12,57041.036485799894,143.89543288666707,143.09010551729497,135.3958707026786,4.847125499332305,83765.31660662669
0.22,10,45,0.04,0.12,58791.05110539292,142.99388813829447,142.07326523173214,134.20111114987236,5.501525149641573,83852.05636928153
0.22,12,40,0.04,0.2,60225.95472105342,142.45557532130866,141.35117693480495,133.08500648842764,5.501525149641573,83979.48885215505
0.18,8,50,0.02,0.3,57406.308451182274,144.5547003401141,143.45829318148634,134.93178415849994,4.847125499332305,84169.40748794952
0.22,10,50,0.04,0.24,59069.68323522596,143.40729714109153,142.34089538017952,134.0003615211083,5.501525149641573,84236.91631550841
0.22,12,35,0.03,0.3,61324.209779422585,141.9883585919528,140.7371153909926,132.51371535557885,5.501525149641573,84253.48841758621
0.22,10,35,0.03,0.16,60921.4825534932,142.51302321220186,141.4229629913537,133.18592043903183,5.501525149641573,84797.3656960294
0.2,12,35,0.02,0.2,61184.770780482766,142.6889831888168,141.56387154218936,133.25265421187513,5.174083000057905,85227.89644511277
0.22,10,50,0.04,0.2,59641.902899987756,143.65412412590942,142.6318528616011,134.34521044833514,5.501525149641573,85278.35910374543
0.2,8,40,0.02,0.24,61055.45292260038,143.4579991881421,142.31390812533658,133.8928182523681,5.174083000057905,86147.91832015639
0.18,8,50,0.02,0.24,58501.143792032206,145.06355254626686,144.03123595880444,135.53641723253398,4.847125499332305,86171.49332526392
0.22,10,50,0.04,0.16,60457.97587207282,143.9595832403155,143.0092475691962,134.86272340297273,5.501525149641573,86757.29297888876
0.18,12,40,0.02,0.12,60018.79689694228,144.16363943530914,143.2318848253837,135.2233387097268,4.847125499332305,86765.696188688
0.18,12,45,0.02,0.3,60422.32873497951,144.34844065811336,143.19209609202977,134.6457882692321,4.847125499332305,86774.44056008544
0.22,12,40,0.04,0.16,61983.92824843666,143.27219245348343,142.19215946683025,133.89305647662613,5.501525149641573,86960.2775497655
0.2,10,50,0.03,0.3,60271.61073402061,144.63555633048853,143.52054646895476,134.96782016556946,5.174083000057905,87116.10806252522
0.22,8,40,0.03,0.16,61677.04825002522,143.60220474044525,142.52807641810392,134.20459834368643,5.501525149641573,87143.44061379673
0.18,10,45,0.02,0.16,59853.46338021765,144.74576328388403,143.76144905574284,135.4732509554064,4.847125499332305,87237.66435638179
0.2,10,45,0.03,0.12,60342.17720039462,144.2887847683,143.41108918703057,135.51403199558493,5.174083000057905,87435.38747331861
0.22,12,35,0.03,0.24,63560.667371639756,142.8652522723563,141.6555212407527,133.31040695786442,5.501525149641573,87738.15139964505
0.18,8,50,0.02,0.2,59564.976642680886,145.50000525132532,144.54601669753583,136.14651979242905,4.847125499332305,88108.2613526425
0.2,12,45,0.03,0.3,62082.11501615495,144.2261570314514,143.06078851836668,134.5286810425039,5.174083000057905,88242.00238410781
0.2,10,50,0.03,0.24,61120.28684008202,145.03024397140422,143.9648454109875,135.436569921602,5.174083000057905,88668.04234763049
0.22,8,35,0.02,0.3,64421.567418617145,143.23531825178733,141.9183719243696,133.53076420126726,5.501525149641573,88991.71153272681
0.22,10,50,0.04,0.12,61704.06889134043,144.34116457808054,143.507996108947,135.70768211309397,5.501525149641573,89008.0608593406
0.2,12,40,0.03,0.12,62265.77765060414,144.29961412049894,143.3280482268167,135.21578343371658,5.174083000057905,89094.97490345521
0.2,8,40,0.02,0.2,62935.08975354389,144.30882815254577,143.1839350752177,134.68311330901878,5.174083000057905,89296.53651376188
0.18,12,45,0.02,0.24,61948.93146265655,145.08974301269197,143.9611625220701,135.354658008615,4.847125499332305,89453.55572235129
0.2,10,50,0.03,0.2,61941.0703100165,145.3685574378829,144.3637286384632,135.90910721379322,5.174083000057905,90162.44337169432
0.22,12,45,0.04,0.3,64180.644227361125,144.23114963833248,143.05103293464344,134.51682314467539,5.501525149641573,90326.65102281542
0.2,12,45,0.03,0.24,63294.162608325845,144.80873660023778,143.674487882645,135.09436294578612,5.174083000057905,90365.63485416537
0.22,10,40,0.03,0.3,65037.5028191001,144.05720132627536,142.79919917574108,134.29157547894252,5.501525149641573,90838.64801063028
0.18,8,50,0.02,0.16,61097.60795113671,146.04081017051539,145.21481146367424,137.06418632835891,4.847125499332305,90885.22960669399
0.2,12,35,0.02,0.16,64803.08499780847,144.21747339303982,143.10573770644623,134.6525797920227,5.174083000057905,91074.61454007687
0.22,12,35,0.03,0.2,65772.28986606881,143.74418295592884,142.57397665471444,134.11837454374472,5.501525149641573,91240.70424851918
0.2,10,40,0.02,0.3,65035.21297096666,144.56993777210482,143.30603841012086,134.72846601437828,5.174083000057905,91571.81294079992
0.22,12,40,0.04,0.12,64754.028651510576,144.46763766901637,143.45999496701506,135.24954306111294,5.501525149641573,91725.40432773127
0.22,8,45,0.03,0.3,64791.308887608044,144.94681368502177,143.75809316591844,135.1278819324592,5.501525149641573,91971.97131444264
0.22,12,45,0.04,0.24,65137.4288109017,144.67734664635014,143.53626104425825,134.96407256226118,5.501525149641573,91998.29442952991
0.2,10,35,0.02,0.12,64735.65725869294,144.71444036750006,143.69056176035855,135.41965100936739,5.174083000057905,92030.9527005128
0.18,12,45,0.02,0.2,63443.50600903311,145.783746381615,144.69233048320035,136.07213098379725,4.847125499332305,92097.03148080375
0.2,10,50,0.03,0.16,63116.97713138399,145.78748384653142,144.8815094441189,136.61900938565765,5.174083000057905,92293.570743879
0.22,10,35,0.03,0.12,65492.470277030916,144.4450584249998,143.40425761423484,135.12044961574048,5.501525149641573,92331.56926019769
0.2,12,45,0.03,0.2,64474.96955113192,145.36205559298696,144.2573750657573,135.66633337436187,5.174083000057905,92453.24633615879
0.18,10,45,0.02,0.12,62954.94727083171,145.9512693495939,145.1267958601189,137.19255029430525,4.847125499332305,92767.66785968501
0.22,8,40,0.03,0.12,64974.303404621794,145.00870884139283,144.01993774717337,135.80095288181272,5.501525149641573,92818.91449661097
0.22,8,35,0.02,0.24,67128.47141860715,144.2586887333918,142.99414194278341,134.46329733279103,5.501525149641573,93214.5858905268
0.18,10,50,0.02,0.3,63359.67127052933,146.6466203803191,145.51502909812206,136.70326874875332,4.847125499332305,93223.11142428384
0.22,10,40,0.03,0.24,66730.62997926958,144.75577763827735,143.5567654969182,134.95834017456963,5.501525149641573,93621.81723279905
0.22,12,45,0.04,0.2,66065.70562314279,145.11425042875317,143.99675281543531,135.4159151280333,5.501525149641573,93638.85629667796
0.2,8,40,0.02,0.16,65691.82991121238,145.52414905390953,144.43556414122259,135.8847598092162,5.174083000057905,93981.37497319683
0.22,8,45,0.03,0.24,66000.8674832306,145.50784268619864,144.3595989566919,135.68210346157784,5.501525149641573,94089.01346874518
0.2,10,40,0.02,0.24,67151.11791962292,145.4433392360098,144.2390171296401,135.54936461409144,5.174083000057905,95056.49062039828
0.18,8,50,0.02,0.12,63473.144419361866,146.71742438145975,146.10055171327173,138.56785071646766,4.847125499332305,95172.18511846957
0.18,10,50,0.02,0.24,64577.40410657219,147.1835420757181,146.11950537150096,137.34047468799844,4.847125499332305,95451.65329481404
0.2,12,45,0.03,0.16,66183.93197957677,146.10153701100725,145.06076728318138,136.53158905632148,5.174083000057905,95488.98723419418
0.2,10,50,0.03,0.12,64924.66914085827,146.3111909589052,145.56647967646458,137.78005617972875,5.174083000057905,95557.34394832788
0.18,12,45,0.02,0.16,65619.30357966559,146.712192012599,145.7012298423327,137.1588731190169,4.847125499332305,95963.75293364031
0.22,12,45,0.04,0.16,67402.53103467642,145.6980154995982,144.6308554675066,136.09872652422177,5.501525149641573,96012.75607365787
0.22,8,45,0.03,0.2,67178.44787040382,146.05014994084496,144.93084971233307,136.24243090628445,5.501525149641573,96171.62836555684
0.22,10,40,0.03,0.2,68388.92310083783,145.45711938957456,144.30072460259902,135.63362653824524,5.501525149641573,96393.2746231763
0.22,12,35,0.03,0.16,69035.2626064442,145.06446160583877,143.93023780808554,135.34904826522902,5.501525149641573,96507.87078951881
0.22,8,35,0.02,0.2,69816.42958010924,145.28428572177611,144.0710350837292,135.40990285160655,5.501525149641573,97476.79571669082
0.18,10,50,0.02,0.2,65760.68440028661,147.64412345121423,146.66269224698883,137.98355457475773,4.847125499332305,97607.03406503562
0.22,10,35,0.02,0.3,70628.89065109167,145.19285691565204,143.75345963056793,135.10914532760162,5.501525149641573,97869.42133346073
0.2,10,40,0.02,0.2,69234.04703464267,146.31854087287118,145.15626167361427,136.38164729587035,5.174083000057905,98544.1124587257
0.22,12,50,0.04,0.3,69095.2575220977,146.63395744442946,145.47006339878342,136.63138941154847,5.501525149641573,98870.14840513295
0.22,8,45,0.03,0.16,68881.31048416406,146.77484243486427,145.71811627197752,137.08996852216714,5.501525149641573,99197.31582242725
0.22,12,45,0.04,0.12,69478.86752795307,146.49519161507135,145.53298698358793,137.2324205472759,5.501525149641573,99714.8342609826
0.2,12,50,0.03,0.3,68774.71026970104,147.48741681204072,146.32346015771478,137.38051866809724,5.174083000057905,99893.40790269167
0.22,12,50,0.04,0.24,69815.96490526249,146.95338216721856,145.8295302819323,137.01016621153974,5.501525149641573,100189.00630072727
0.2,12,45,0.03,0.12,68858.08306082708,147.11249983076675,146.20523374710206,137.97060565016366,5.174083000057905,100258.19520537525
0.2,12,40,0.02,0.3,71019.3063528415,146.4886504198413,145.13704970156655,136.30231724932872,5.174083000057905,100312.67182873361
0.22,10,40,0.03,0.16,70807.39839652147,146.4916565338559,145.36986020453702,136.65930433881948,5.501525149641573,100503.22359226302
0.18,10,50,0.02,0.16,67465.41579604468,148.21489278917025,147.36849624003386,138.95102894147738,4.847125499332305,100696.67815726825
0.2,12,35,0.02,0.12,70699.78299033469,146.59368976601917,145.5425525167321,137.03013773122603,5.174083000057905,100815.07273956537
0.22,12,50,0.04,0.2,70510.36172176554,147.22705993362646,146.1520755767582,137.39174906874155,5.501525149641573,101454.00607041547
0.2,8,40,0.02,0.12,70103.62155359967,147.30866367015284,146.32858924149443,137.90923878305668,5.174083000057905,101588.19862685188
0.2,8,45,0.02,0.3,70551.92379593279,147.53299704755986,146.28678594707813,137.30551746615492,5.174083000057905,101605.88135750992
0.2,12,50,0.03,0.24,69760.39091912453,147.91438392768097,146.80401549875646,137.8867554347981,5.174083000057905,101697.73710943392
0.18,12,45,0.02,0.12,69053.80277564003,147.98322177850002,147.14070075903004,138.969885457367,4.847125499332305,102091.03605694823
0.22,10,35,0.02,0.24,73619.13084484874,146.25252369798653,144.88699618953052,136.09071713431945,5.501525149641573,102536.95394217824
0.18,12,50,0.02,0.3,69500.69147381803,148.71637247779108,147.5499238174673,138.45418774114898,4.847125499332305,102601.5772624367
0.22,12,50,0.04,0.16,71500.71098617722,147.56579452045068,146.57051383742706,137.96453106161403,5.501525149641573,103249.65504517335
0.2,12,50,0.03,0.2,70713.76074237135,148.28041582064267,147.23551769353153,138.39718518419537,5.174083000057905,103434.78512303867
0.22,12,40,0.03,0.3,73769.91048735887,146.8060490840645,145.41605945468578,136.54099193726202,5.501525149641573,103501.23689970604
0.22,8,50,0.03,0.3,71460.75050760854,148.13284697345142,146.95534560987497,137.9214748026196,5.501525149641573,103584.46523283556
0.2,10,40,0.02,0.16,72290.38510173923,147.59834724435777,146.47618389223186,137.64749349794516,5.174083000057905,103744.48293414888
0.22,8,35,0.02,0.16,73801.88693423354,146.82268833453196,145.66318574543783,136.85342706847703,5.501525149641573,103917.52240458642
0.22,8,45,0.03,0.12,71542.50164068477,147.76545504652742,146.83943799446783,138.49924047322386,5.501525149641573,103944.19098526715
0.2,12,40,0.02,0.24,73353.75765307088,147.39020032368052,146.11997618189145,137.16626773901143,5.174083000057905,104156.92447649605
0.2,8,45,0.02,0.24,72279.6806923843,148.2781575588063,147.0918685423825,138.0463030823372,5.174083000057905,104633.18930335382
0.18,12,50,0.02,0.24,70850.33064669506,149.28272138731006,148.1874580429398,139.125519440415,4.847125499332305,105073.2269624913
0.22,12,35,0.03,0.12,74307.45719508355,147.15151929408452,146.07019025486068,137.43564961891798,5.501525149641573,105215.46381240005
0.22,8,50,0.03,0.24,72441.03584620089,148.5511413565,147.4261079647756,138.41721302730724,5.501525149641573,105379.29588121946
0.18,10,50,0.02,0.12,70107.72464280202,148.92909875558544,148.30343353795047,140.5368356281732,4.847125499332305,105464.86386359384
0.2,12,50,0.03,0.16,72079.7199554405,148.7337278287223,147.79573758306077,139.16420608220454,5.174083000057905,105911.26540169309
0.22,12,50,0.04,0.12,73012.94205820742,147.98901503919186,147.12362906590488,138.9000935173914,5.501525149641573,105980.95439779846
0.22,10,45,0.03,0.3,74423.44729015123,147.9850966452158,146.7006705255414,137.65660585750823,5.501525149641573,106140.02834699996
0.22,12,40,0.03,0.24,75724.37424680623,147.5358241539133,146.2345680412636,137.26032815691238,5.501525149641573,106712.6410231733
0.22,12,35,0.02,0.3,76857.97490523958,147.08699969771558,145.52435118118552,136.63076252115678,5.501525149641573,106810.60834036682
0.22,8,50,0.03,0.2,73388.6321984905,148.9097174780732,147.8487864754675,138.91701420305725,5.501525149641573,107106.09711541084
0.22,10,40,0.03,0.12,74645.02723311397,148.0140269022868,146.98437647997565,138.38436259503874,5.501525149641573,107119.54498430174
0.22,10,35,0.02,0.2,76590.10507205203,147.3135353991754,146.0220403037581,137.0873676713819,5.501525149641573,107249.4423612958
0.18,12,50,0.02,0.2,72161.90433619128,149.76860404060707,148.76043212787417,139.80316007237982,4.847125499332305,107463.44272049588
0.2,8,45,0.02,0.2,73970.38614223337,149.0049018699975,147.8573668086413,138.79617211078397,5.174083000057905,107628.26278235124
0.2,12,40,0.02,0.2,75652.98648912892,148.29343886151102,147.08655955338855,138.04240372546795,5.174083000057905,108005.54441013717
0.22,10,45,0.03,0.24,75832.82055851074,148.56363581582093,147.35185529263146,138.25562251273794,5.501525149641573,108601.22156881
0.22,8,50,0.03,0.16,74745.36392870339,149.3537696746824,148.39750779001415,139.66798263366738,5.501525149641573,109566.11199574388
0.2,12,50,0.03,0.12,74179.77065986088,149.3005168160321,148.53702020550665,140.41916257017678,5.174083000057905,109702.67406759379
0.22,12,40,0.03,0.2,77639.96418242292,148.26732285373825,147.03861470922638,137.98906813086143,5.501525149641573,109911.48325278345
0.18,12,50,0.02,0.16,74051.63565689052,150.37080095390243,149.50505573356233,140.82285494283937,4.847125499332305,110889.21423253011
0.22,10,45,0.03,0.2,77205.41991096477,149.1415765369805,147.97042666112534,138.86138262331923,5.501525149641573,111029.19289685607
0.22,12,35,0.02,0.24,80147.28333183816,148.18666459903915,146.7180708835509,137.66340981629605,5.501525149641573,111947.7248920937
0.2,8,45,0.02,0.16,76430.09023853681,149.97727025615066,148.91377757961232,139.932160174236,5.174083000057905,112004.96361239938
0.2,10,40,0.02,0.12,77184.59399382542,149.481180323392,148.4733066103387,139.78109659067124,5.174083000057905,112192.14855669413
0.2,10,45,0.02,0.3,77674.17922288048,149.744027460756,148.4288895340249,139.1443918936746,5.174083000057905,112216.774803109
0.22,8,50,0.03,0.12,76829.04572327428,149.90894062845194,149.12350109784035,140.8964670977773,5.501525149641573,113328.16052319923
0.2,12,40,0.02,0.16,79028.5472862613,149.63289983278088,148.47788179218122,139.3753394690739,5.174083000057905,113752.66298983966
0.22,8,40,0.02,0.3,80631.23424645126,149.2511480344117,147.76094262413517,138.55465491639143,5.501525149641573,114119.54077909823
0.22,10,35,0.02,0.16,80998.04222002788,148.9062166487853,147.70075190869807,138.6077204471769,5.501525149641573,114373.96330727408
0.22,10,45,0.03,0.16,79190.95996013636,149.92663734485186,148.82313016539842,139.7779140567538,5.501525149641573,114561.48200187321
0.22,8,35,0.02,0.12,80289.25774460792,149.27674998294452,148.1799442367494,139.30550755701222,5.501525149641573,114651.30828336441
0.22,12,40,0.03,0.16,80435.78358563539,149.36371746166026,148.19451320315508,139.09633766564335,5.501525149641573,114663.37948325196
0.2,10,45,0.02,0.24,79592.54415517181,150.51111424421953,149.27855110055359,139.92528297262515,5.174083000057905,115574.87598797043
0.18,12,50,0.02,0.12,76981.07094044355,151.12444493571937,150.49161594448316,142.4948372312793,4.847125499332305,116175.3064899088
0.22,12,35,0.02,0.2,83417.45766765263,149.28758183031283,147.91373357734807,138.71221212752903,5.501525149641573,117136.75832832101
0.22,8,40,0.02,0.24,83197.50437378608,150.15510268826762,148.77625174085728,139.44576952798076,5.501525149641573,118343.61777879599
0.2,10,45,0.02,0.2,81470.28252029081,151.27140179359483,150.08659576984394,140.7159121136428,5.174083000057905,118902.0471319374
0.2,8,45,0.02,0.12,80308.54668705363,151.3086517049692,150.42131705194956,141.82570394787433,5.174083000057905,118929.88353299472
0.2,8,50,0.02,0.3,80813.56859080814,152.0766175499559,150.84986727543145,141.28629682721188,5.174083000057905,119519.71113405252
0.22,10,50,0.03,0.3,82198.38079226943,151.39818173187845,150.1635570976846,140.67721593048796,5.501525149641573,119690.11028472384
0.22,10,45,0.03,0.12,82295.14652986256,151.0001144486515,150.0380969314877,141.3026291555196,5.501525149641573,120103.05047834036
0.22,12,45,0.03,0.3,84611.28691246934,151.02328102456792,149.63368594335114,140.17311742039402,5.501525149641573,121206.25796209891
0.22,10,50,0.03,0.24,83343.05508166572,151.85167028931681,150.6738308435782,141.21365580301284,5.501525149641573,121788.0173854055
0.2,8,50,0.02,0.24,82337.65828776943,152.6700208959505,151.5177108005673,141.98831385934724,5.174083000057905,122313.60939257234
0.22,12,40,0.03,0.12,84876.58215141196,151.01072101227848,149.9409599819562,140.95970529350416,5.501525149641573,122330.39552534504
0.22,8,40,0.02,0.2,85724.01701962975,151.05970371151778,149.77476914520898,140.34953257515158,5.501525149641573,122569.19898960511
0.2,12,40,0.02,0.12,84437.86761290256,151.61860309207975,150.5839237938207,141.62307924508298,5.174083000057905,123098.42310827313
0.2,12,45,0.02,0.3,84971.12589910587,151.9218340884889,150.53673684496894,140.95183010999745,5.174083000057905,123131.02335742454
0.2,10,45,0.02,0.16,84202.82980447571,152.29816302736327,151.20197430734962,141.91395808690174,5.174083000057905,123768.11229217704
0.22,10,50,0.03,0.2,84449.63925413108,152.24047035773637,151.13206012498318,141.75460446314065,5.501525149641573,123805.94694320801
0.22,12,45,0.03,0.24,86244.05429339447,151.62465522761505,150.33834090165692,140.8202891729232,5.501525149641573,124052.53405510656
0.22,12,35,0.02,0.16,88272.87282836867,150.93989595029376,149.68274260024873,140.3126819534997,5.501525149641573,124985.90388842435
0.2,8,50,0.02,0.2,83817.90436891763,153.17915294071852,152.11797684588595,142.69700853155052,5.174083000057905,125013.10835696201
0.22,10,40,0.02,0.3,88546.29877950503,151.5195784040003,149.91311530892182,140.39981520492518,5.501525149641573,125690.75902383715
0.22,10,35,0.02,0.12,88179.6261472567,151.48570871786436,150.3557432371701,141.1917083155594,5.501525149641573,126268.69853533314
0.22,10,50,0.03,0.16,86034.0949477852,152.7220196969324,151.72703977199816,142.56760871962058,5.501525149641573,126679.9070630027
0.2,12,45,0.02,0.24,87093.37602912141,152.71528069739642,151.4330743871134,141.77468689494484,5.174083000057905,126843.66848114393
0.22,12,45,0.03,0.2,87834.90131223756,152.23094309625267,151.00786596878388,141.4749116527231,5.501525149641573,126862.94694768956
0.2,8,50,0.02,0.16,85949.14367950727,153.8102138692948,152.89814222027303,143.7635830910311,5.174083000057905,128878.19735744223
0.22,8,40,0.02,0.16,89431.14879790244,152.41686889878022,151.21221192659573,141.72465232857036,5.501525149641573,128879.59371606824
0.22,10,40,0.02,0.24,91389.14312899065,152.4537021445919,150.98458342833413,141.33911218255358,5.501525149641573,130368.94762940223
0.2,12,45,0.02,0.2,89171.36367606666,153.50721469125617,152.28568384280192,142.60798370652543,5.174083000057905,130524.89436460871
0.22,12,45,0.03,0.16,90137.15775500025,153.08104346529734,151.93106501014023,142.46568690692456,5.501525149641573,130963.05253531622
0.22,10,50,0.03,0.12,88467.69523001458,153.3241761619007,152.51442173558553,143.89811399316892,5.501525149641573,131073.49847638083
0.2,10,45,0.02,0.12,88512.9861946984,153.70441068582477,152.79416554001625,143.91176350521408,5.174083000057905,131467.85456156437
0.2,10,50,0.02,0.3,89073.0323820951,154.51556628779366,153.2466798720997,143.34228496535636,5.174083000057905,132130.90883689217
0.2,8,50,0.02,0.12,89249.48785186303,154.6000561671821,153.9319217191372,145.51281862281778,5.174083000057905,134833.65696233232
0.22,10,40,0.02,0.2,94189.28207844797,153.39292917014228,152.03859891941826,142.29197558916727,5.501525149641573,135051.9258800096
0.2,10,50,0.02,0.24,90768.16524783356,155.14262440156793,153.95230804748027,144.0831147028578,5.174083000057905,135240.3505532037
0.2,12,45,0.02,0.16,92196.3605994735,154.59097409106548,153.4628545011835,143.87102416517803,5.174083000057905,135915.60483196282
0.22,12,50,0.03,0.3,93624.73922887402,154.68324043243067,153.3827198142739,143.43795919259105,5.501525149641573,136927.6178180105
0.22,12,45,0.03,0.12,93738.54631747192,154.24385032588174,153.2469848527873,144.1147398884178,5.501525149641573,137396.77439383385
0.22,12,40,0.02,0.3,96583.981178749,153.73539499469314,152.01471838257953,142.1995667399367,5.501525149641573,137484.0187060361
0.22,12,35,0.02,0.12,96191.80881484451,153.6441417251241,152.48208550741228,143.03437181901558,5.501525149641573,138111.53393535956
0.2,10,50,0.02,0.2,92414.69540010007,155.68070013835356,154.5866306557403,144.83113259834352,5.174083000057905,138244.43804311144
0.22,8,40,0.02,0.12,95366.07823272605,154.46907723567443,153.38840668686208,144.04393856155193,5.501525149641573,139144.24753620542
0.22,8,45,0.02,0.3,95945.18060117037,154.83199191948444,153.3395348642422,143.35113700934636,5.501525149641573,139200.2122797747
0.22,12,50,0.03,0.24,94954.17333269119,155.16643763302838,153.93561861384487,144.01825053888172,5.501525149641573,139362.91826035784
0.22,12,50,0.03,0.2,96239.57546650547,155.58785525423042,154.43221205318082,144.6035481347011,5.501525149641573,141708.36370985792
0.22,10,40,0.02,0.16,98300.03493309992,154.8005981008962,153.55639588557437,143.7422526548205,5.501525149641573,142047.00784536553
0.2,10,50,0.02,0.16,94785.59002841722,156.34772260939562,155.4111942516226,145.95715331657902,5.174083000057905,142545.13126405023
0.22,12,40,0.02,0.24,99721.19468137671,154.708764100282,153.14487309748435,143.18918835109008,5.501525149641573,142648.02346441185
0.22,8,45,0.02,0.24,98273.03422550547,155.62395515252845,154.26586383394059,144.20026143467206,5.501525149641573,143265.6195215656
0.2,12,45,0.02,0.12,96970.00931836887,156.07571535739683,155.14380569391727,145.97811051343973,5.174083000057905,144447.3483752788
0.22,12,50,0.03,0.16,98080.37880636215,156.10988194740784,155.07712752757897,145.48344701773757,5.501525149641573,145048.3445281933
0.2,12,50,0.02,0.3,97588.97852152979,156.93215382465007,155.621433494749,145.3770740681079,5.174083000057905,145189.09713885793
0.22,8,45,0.02,0.2,100551.35651125631,156.42116845679163,155.14706789507275,145.06022887064975,5.501525149641573,147296.801497411
0.22,12,40,0.02,0.2,102812.92332991262,155.68138688938748,154.25691346294212,144.19335995671392,5.501525149641573,147816.83502789857
0.2,12,50,0.02,0.24,99468.03146359826,157.5945277193076,156.3667099440755,146.15860128505824,5.174083000057905,148637.90618447465
0.2,10,50,0.02,0.12,98457.60970040521,157.18270729364636,156.5040409406572,147.80456469006384,5.174083000057905,149171.01155695078
0.22,12,50,0.03,0.12,100908.39029025724,156.76277452590185,155.93080772502378,146.92404615926992,5.501525149641573,150153.72275056207
0.2,12,50,0.02,0.2,101293.49529219014,158.16298289637217,157.036779138887,146.94786670666593,5.174083000057905,151969.79546237004
0.22,8,45,0.02,0.16,103866.09252397326,157.5415760283556,156.363823236683,146.36382675154016,5.501525149641573,153208.54790245715
0.22,10,40,0.02,0.12,104885.72756769146,156.96872333446152,155.85526010710214,146.18951068014147,5.501525149641573,153447.38257700394
0.22,10,45,0.02,0.3,105519.7699789649,157.38745168913258,155.80323599245216,145.45792760422967,5.501525149641573,153520.55444908066
0.22,12,40,0.02,0.16,107354.42612978883,157.14421686793264,155.85877289964665,145.72222136554188,5.501525149641573,155542.86082853234
0.2,12,50,0.02,0.16,103922.50198567059,158.86775992888056,157.90795871789206,148.13627033615137,5.174083000057905,156739.65860081388
0.22,10,45,0.02,0.24,108105.21115004583,158.21047569233843,156.78216847948323,146.35412446751155,5.501525149641573,158033.7794564349
0.22,10,45,0.02,0.2,110636.43659412723,159.03386914678504,157.71361465713127,147.26197036605998,5.501525149641573,162507.45678229243
0.22,8,45,0.02,0.12,109092.20317222887,159.07669232312324,158.10150909990125,148.53892282347033,5.501525149641573,162553.81392040435
0.22,8,50,0.02,0.3,109771.28270097914,159.97117624397586,158.59525282716876,147.91833181703538,5.501525149641573,163383.1744571483
0.2,12,50,0.02,0.12,107995.34563744155,159.7501518269866,159.06284851454342,150.0867790129779,5.174083000057905,164088.47896314168
0.22,8,50,0.02,0.24,111828.12353348479,160.64716091358085,159.3658060236895,148.72515322887938,5.501525149641573,167156.63994935143
0.22,12,40,0.02,0.12,114636.14546009224,159.431237288059,158.28607808649693,148.30341507197372,5.501525149641573,168157.22454145702
0.22,12,45,0.02,0.3,115328.41677750883,159.90571694774107,158.2307083818701,147.53118433580804,5.501525149641573,168248.47632629552
0.22,10,45,0.02,0.16,114320.34670760126,160.2164711417666,159.00006255181276,148.6385357230605,5.501525149641573,169081.07703276418
0.22,8,50,0.02,0.2,113825.35684722275,161.23503754201346,160.05863955735023,149.54002371827755,5.501525149641573,170803.75482155124
0.22,12,45,0.02,0.24,118189.86318233336,160.7623759817322,159.26476063688034,148.47667035717174,5.501525149641573,173241.5701510801
0.22,8,50,0.02,0.16,116700.08375074959,161.96393050076054,160.95947035092195,150.76709417818813,5.501525149641573,176020.82255478718
0.22,12,45,0.02,0.2,120992.33766784318,161.6193566238983,160.24887407922316,149.43467109961202,5.501525149641573,178192.0590867255
0.22,10,45,0.02,0.12,120131.12836230955,161.84020969396346,160.83791361998357,150.93641277069045,5.501525149641573,179476.43439495895
0.22,10,50,0.02,0.3,120885.09667246799,162.79373692191518,161.35999154474513,150.28032320080422,5.501525149641573,180411.3123496441
0.22,8,50,0.02,0.12,121149.81246922737,162.87657274619426,162.153763677761,152.7813554669563,5.501525149641573,184049.8385667439
0.22,10,50,0.02,0.24,123173.98493584225,163.50171062356446,162.17532034692556,151.13288793948576,5.501525149641573,184609.16900411784
0.22,12,45,0.02,0.16,125072.66002722233,162.86265963911111,161.60841321211046,150.88771454677735,5.501525149641573,185474.29254936668
0.22,10,50,0.02,0.2,125396.88604949371,164.1239229713993,162.9085338742159,151.9941363555559,5.501525149641573,188669.93502403548
0.22,10,50,0.02,0.16,128596.98894132956,164.89549719122041,163.8620380695934,153.291379707702,5.501525149641573,194478.6314317039
0.22,12,45,0.02,0.12,131512.3355105774,164.57939615193956,163.55138334760326,153.3143896712013,5.501525149641573,196999.31492188727
0.22,12,50,0.02,0.3,132346.65936991098,165.59434075162773,164.10317926057468,152.62101210295157,5.501525149641573,198047.83600764073
0.22,12,50,0.02,0.24,134885.54034814058,166.33646388354012,164.9655366661524,153.52158274932302,5.501525149641573,202702.9481904905
0.22,10,50,0.02,0.12,133551.67188135945,165.8617482841062,165.12646321692387,155.4216916095037,5.501525149641573,203418.41807802836
0.22,12,50,0.02,0.2,137351.74669593698,166.99475031927616,165.74117526029713,154.43152198500638,5.501525149641573,207209.75039710323
0.22,12,50,0.02,0.16,140902.9762745217,167.81117850306526,166.7500392990062,155.80247341023525,5.501525149641573,213656.92009134125
0.22,12,50,0.02,0.12,146403.32311458938,168.83378556882528,168.0882059257984,158.0547741592844,5.501525149641573,223580.8225975062
