"date","thscode","pre_close","open","high","low","close"
"2017-09-01","BRN0W.ICE",,"52.86","52.94","52.27","52.69"
"2017-09-04","BRN0W.ICE","52.69","52.75","52.78","52.01","52.2"
"2017-09-05","BRN0W.ICE","52.2","52.29","53.64","52.09","53.19"
"2017-09-06","BRN0W.ICE","53.19","53.15","54.28","53.1","54.17"
"2017-09-07","BRN0W.ICE","54.17","54.18","54.66","53.91","54.5"
"2017-09-08","BRN0W.ICE","54.5","54.55","54.85","53.6","53.75"
"2017-09-11","BRN0W.ICE","53.75","53.87","54.13","53.07","53.93"
"2017-09-12","BRN0W.ICE","53.93","53.65","54.18","53.29","54.03"
"2017-09-13","BRN0W.ICE","54.03","53.97","54.91","53.83","54.75"
"2017-09-14","BRN0W.ICE","54.75","54.73","55.64","54.63","55.05"
"2017-09-15","BRN0W.ICE","55.05","55.07","55.56","54.63","55.33"
"2017-09-18","BRN0W.ICE","55.33","55.36","55.73","54.65","55.19"
"2017-09-19","BRN0W.ICE","55.19","55.19","55.63","54.67","55.15"
"2017-09-20","BRN0W.ICE","55.15","55.08","56.06","55.02","55.82"
"2017-09-21","BRN0W.ICE","55.82","55.85","56.18","55.49","56.1"
"2017-09-22","BRN0W.ICE","56.1","56.15","56.46","55.91","56.42"
"2017-09-25","BRN0W.ICE","56.42","56.42","58.64","56.23","58.52"
"2017-09-26","BRN0W.ICE","58.52","58.51","58.87","57.24","58.03"
"2017-09-27","BRN0W.ICE","58.03","58.08","58.33","57.26","57.32"
"2017-09-28","BRN0W.ICE","57.32","57.41","58.22","56.64","57.27"
"2017-09-29","BRN0W.ICE","57.27","57.28","57.43","56.44","56.53"
"2017-10-02","BRN0W.ICE","57.27","56.75","56.75","55.53","56.07"
"2017-10-03","BRN0W.ICE","57.27","56.06","56.39","55.7","55.72"
"2017-10-04","BRN0W.ICE","57.27","55.66","56.15","55.47","55.74"
"2017-10-05","BRN0W.ICE","57.27","55.75","57.18","55.7","56.99"
"2017-10-06","BRN0W.ICE","57.27","56.96","57.25","55.14","55.68"
"2017-10-09","BRN0W.ICE","56.53","55.51","55.96","55.09","55.77"
"2017-10-10","BRN0W.ICE","55.77","55.76","56.9","55.75","56.55"
"2017-10-11","BRN0W.ICE","56.55","56.29","56.77","55.94","56.45"
"2017-10-12","BRN0W.ICE","56.45","56.7","56.81","55.89","56.4"
"2017-10-13","BRN0W.ICE","56.4","56.42","57.56","56.35","57.2"
"2017-10-16","BRN0W.ICE","57.2","57.22","58.47","57.18","57.92"
"2017-10-17","BRN0W.ICE","57.92","57.81","58.31","57.22","58.11"
"2017-10-18","BRN0W.ICE","58.11","58.24","58.51","57.77","58.2"
"2017-10-19","BRN0W.ICE","58.2","57.89","57.96","56.81","57.01"
"2017-10-20","BRN0W.ICE","57.01","57.05","57.73","56.4","57.73"
"2017-10-23","BRN0W.ICE","57.73","57.8","57.86","57.21","57.23"
"2017-10-24","BRN0W.ICE","57.23","57.33","58.36","56.95","58.36"
"2017-10-25","BRN0W.ICE","58.36","58.23","58.49","57.69","58.24"
"2017-10-26","BRN0W.ICE","58.24","58.16","59.29","57.86","59.22"
"2017-10-27","BRN0W.ICE","59.22","59.15","60.33","58.61","60.21"
"2017-10-30","BRN0W.ICE","60.21","60.45","60.67","59.95","60.53"
"2017-10-31","BRN0W.ICE","60.53","60.56","61.18","60.27","61.18"
"2017-11-01","BRN0W.ICE","61.18","61.08","61.69","60.03","60.44"
"2017-11-02","BRN0W.ICE","60.44","60.51","60.82","60.05","60.7"
"2017-11-03","BRN0W.ICE","60.7","60.9","62.21","60.63","62.09"
"2017-11-06","BRN0W.ICE","62.09","62.27","64.4","62.15","64.11"
"2017-11-07","BRN0W.ICE","64.11","64.09","64.6","63.5","63.54"
"2017-11-08","BRN0W.ICE","63.54","63.75","64.61","62.95","63.49"
"2017-11-09","BRN0W.ICE","63.49","63.55","64.21","63.29","63.81"
"2017-11-10","BRN0W.ICE","63.81","63.83","64.26","63.38","63.6"
"2017-11-13","BRN0W.ICE","63.6","63.76","63.76","62.69","63.13"
"2017-11-14","BRN0W.ICE","63.13","63.11","63.16","61.25","61.52"
"2017-11-15","BRN0W.ICE","61.52","61.34","61.95","61.18","61.79"
"2017-11-16","BRN0W.ICE","61.79","61.78","62.01","61.21","61.29"
"2017-11-17","BRN0W.ICE","61.29","61.32","62.71","61.01","62.45"
"2017-11-20","BRN0W.ICE","62.45","60.95","61.07","60.06","60.62"
"2017-11-21","BRN0W.ICE","60.62","61.96","62.62","61.93","62.5"
"2017-11-22","BRN0W.ICE","62.5","62.48","63.07","62.35","62.92"
"2017-11-23","BRN0W.ICE","62.92","62.88","63.27","62.58","63.12"
"2017-11-24","BRN0W.ICE","63.12","63.06","63.53","62.93","63.34"
"2017-11-27","BRN0W.ICE","63.34","63.49","63.51","62.75","63.31"
"2017-11-28","BRN0W.ICE","63.31","62.6","62.7","62.08","62.31"
"2017-11-29","BRN0W.ICE","62.31","61.91","62.39","60.93","61.57"
"2017-11-30","BRN0W.ICE","61.57","61.77","62.53","61.42","61.81"
"2017-12-01","BRN0W.ICE","61.81","62.42","64","62.31","63.44"
"2017-12-04","BRN0W.ICE","63.44","63.48","63.68","62.34","62.47"
"2017-12-05","BRN0W.ICE","62.47","61.51","62.1","61.24","61.72"
"2017-12-06","BRN0W.ICE","61.72","62.64","62.91","61.15","61.2"
"2017-12-07","BRN0W.ICE","61.2","60.39","61.14","60.25","60.95"
"2017-12-08","BRN0W.ICE","60.95","62.07","63.59","62.02","63.39"
"2017-12-11","BRN0W.ICE","63.39","63.22","64.85","63","64.75"
"2017-12-12","BRN0W.ICE","64.75","64.72","65.79","63.1","63.86"
"2017-12-13","BRN0W.ICE","63.86","63.13","63.58","61.76","62.02"
"2017-12-14","BRN0W.ICE","62.02","62.07","62.86","61.47","62.76"
"2017-12-15","BRN0W.ICE","62.76","62.7","63.05","62.53","62.69"
"2017-12-18","BRN0W.ICE","62.69","62.79","63.28","62.56","62.9"
"2017-12-19","BRN0W.ICE","62.9","62.89","63.5","62.8","63.5"
"2017-12-20","BRN0W.ICE","63.5","63.46","64.14","63.3","64.05"
"2017-12-21","BRN0W.ICE","64.05","64.13","64.45","63.79","64.15"
"2017-12-22","BRN0W.ICE","64.15","64.18","64.75","63.94","64.53"
"2017-12-26","BRN0W.ICE","64.53","64.81","66.51","64.49","66.2"
"2017-12-27","BRN0W.ICE","66.2","66.18","66.34","65.5","65.92"
"2017-12-28","BRN0W.ICE","65.92","65.96","66.32","65.77","66.2"
"2017-12-29","BRN0W.ICE","66.2","66.17","66.95","66.17","66.62"
"2018-01-02","BRN0W.ICE","66.62","66.71","67.28","66.27","66.55"
"2018-01-03","BRN0W.ICE","66.55","66.55","68.01","66.42","67.98"
"2018-01-04","BRN0W.ICE","67.98","67.83","68.26","67.65","68.06"
"2018-01-05","BRN0W.ICE","68.06","68.06","68.11","67.29","67.79"
"2018-01-08","BRN0W.ICE","67.79","67.87","67.97","67.46","67.92"
"2018-01-09","BRN0W.ICE","67.92","68.18","69.29","67.71","69.16"
"2018-01-10","BRN0W.ICE","69.16","69.15","69.35","68.75","69.1"
"2018-01-11","BRN0W.ICE","69.1","69.17","69.99","69","69.11"
"2018-01-12","BRN0W.ICE","69.11","69.19","69.92","68.64","69.81"
"2018-01-15","BRN0W.ICE","69.81","69.89","70.28","69.55","70.22"
"2018-01-16","BRN0W.ICE","70.22","70.02","70.13","68.9","69.32"
"2018-01-17","BRN0W.ICE","69.32","68.99","69.16","68.21","69.07"
"2018-01-18","BRN0W.ICE","69.07","69.13","69.24","68.41","68.77"
"2018-01-19","BRN0W.ICE","68.77","68.57","68.65","67.93","68.27"
"2018-01-22","BRN0W.ICE","68.27","68.34","69.1","68.04","68.86"
"2018-01-23","BRN0W.ICE","68.86","68.84","69.8","68.73","69.42"
"2018-01-24","BRN0W.ICE","69.42","69.55","70.42","69.14","70.26"
"2018-01-25","BRN0W.ICE","70.26","70.42","70.74","69.59","69.59"
"2018-01-26","BRN0W.ICE","69.59","69.68","70.43","69.65","69.94"
"2018-01-29","BRN0W.ICE","69.94","70.12","70.25","68.83","69.16"
"2018-01-30","BRN0W.ICE","69.16","69.03","69.09","68","68.11"
"2018-01-31","BRN0W.ICE","68.11","67.92","68.98","67.84","68.88"
"2018-02-01","BRN0W.ICE","68.88","68.97","69.97","68.82","69.78"
"2018-02-02","BRN0W.ICE","69.78","69.92","69.99","68","68.23"
"2018-02-05","BRN0W.ICE","68.23","68.14","68.42","66.9","66.91"
"2018-02-06","BRN0W.ICE","66.91","67.1","67.54","66.56","67.22"
"2018-02-07","BRN0W.ICE","67.22","67.22","67.68","65.19","65.35"
"2018-02-08","BRN0W.ICE","65.35","65.29","65.6","64.11","64.31"
"2018-02-09","BRN0W.ICE","64.31","64.37","64.64","61.88","62.71"
"2018-02-12","BRN0W.ICE","62.71","62.71","64.31","62.59","62.66"
"2018-02-13","BRN0W.ICE","62.66","62.79","63.1","61.83","62.61"
"2018-02-14","BRN0W.ICE","62.61","62.5","64.22","61.72","64"
"2018-02-15","BRN0W.ICE","62.61","64.17","64.81","62.83","64.2"
"2018-02-16","BRN0W.ICE","62.61","64.22","64.85","63.87","64.6"
"2018-02-19","BRN0W.ICE","62.61","64.56","65.61","64.56","65.33"
"2018-02-20","BRN0W.ICE","62.61","65.4","65.51","64.58","64.91"
"2018-02-21","BRN0W.ICE","62.61","64.56","65.21","64.23","64.83"
"2018-02-22","BRN0W.ICE","64","64.68","66.25","64.37","65.91"
"2018-02-23","BRN0W.ICE","65.91","65.99","67.09","65.58","66.9"
"2018-02-26","BRN0W.ICE","66.9","67.03","67.64","66.5","67.35"
"2018-02-27","BRN0W.ICE","67.35","67.4","67.42","66.26","66.33"
"2018-02-28","BRN0W.ICE","66.33","66.29","66.78","64.51","64.75"
"2018-03-01","BRN0W.ICE","64.75","64.57","65.01","63.19","64.2"
"2018-03-02","BRN0W.ICE","64.2","64.05","64.64","63.23","64.56"
"2018-03-05","BRN0W.ICE","64.56","64.71","65.85","64.14","65.56"
"2018-03-06","BRN0W.ICE","65.56","65.77","66.15","65.32","65.53"
"2018-03-07","BRN0W.ICE","65.53","65.2","65.75","63.95","64.58"
"2018-03-08","BRN0W.ICE","64.58","64.46","64.56","63.5","63.87"
"2018-03-09","BRN0W.ICE","63.87","63.93","65.63","63.7","65.49"
"2018-03-12","BRN0W.ICE","65.49","65.3","65.61","64.08","64.82"
"2018-03-13","BRN0W.ICE","64.82","64.78","65.51","63.96","64.62"
"2018-03-14","BRN0W.ICE","64.62","64.64","65.04","63.98","64.75"
"2018-03-15","BRN0W.ICE","64.75","64.79","65.18","64.48","64.82"
"2018-03-16","BRN0W.ICE","64.82","64.94","66.24","64.76","65.86"
"2018-03-19","BRN0W.ICE","65.86","65.98","66.18","65.26","65.86"
"2018-03-20","BRN0W.ICE","65.86","65.92","67.58","65.91","67.3"
"2018-03-21","BRN0W.ICE","67.3","67.32","69.44","67.17","69.42"
"2018-03-22","BRN0W.ICE","69.42","69.22","69.3","68.15","68.3"
"2018-03-23","BRN0W.ICE","68.3","68.61","69.9","68.34","69.75"
"2018-03-26","BRN0W.ICE","69.75","69.85","70.4","69.12","69.52"
"2018-03-27","BRN0W.ICE","69.52","69.6","70.39","68.8","68.89"
"2018-03-28","BRN0W.ICE","68.89","69.05","69.38","68.03","69"
"2018-03-29","BRN0W.ICE","69","69","69.74","68.26","69.35"
"2018-04-02","BRN0W.ICE","69.35","69.44","70.02","67.49","67.57"
"2018-04-03","BRN0W.ICE","67.57","67.68","68.35","67.63","68.18"
"2018-04-04","BRN0W.ICE","68.18","68.19","68.28","66.73","68.28"
"2018-04-05","BRN0W.ICE","68.18","68.36","68.87","67.75","68.5"
"2018-04-06","BRN0W.ICE","68.18","68.05","68.59","66.89","66.93"
"2018-04-09","BRN0W.ICE","68.28","67.1","68.78","67.09","68.6"
"2018-04-10","BRN0W.ICE","68.6","68.51","71.32","68.47","71.04"
"2018-04-11","BRN0W.ICE","71.04","71.05","73.04","70.58","71.95"
"2018-04-12","BRN0W.ICE","71.95","72","72.47","71.14","72.2"
"2018-04-13","BRN0W.ICE","72.2","71.89","72.84","71.69","72.62"
"2018-04-16","BRN0W.ICE","72.62","72.68","72.68","71.14","71.57"
"2018-04-17","BRN0W.ICE","71.57","70.98","71.24","70.25","71.07"
"2018-04-18","BRN0W.ICE","71.07","71.11","73.22","71.11","73.2"
"2018-04-19","BRN0W.ICE","73.2","73.12","73.97","72.82","72.93"
"2018-04-20","BRN0W.ICE","72.93","73.17","73.46","72.23","73.02"
"2018-04-23","BRN0W.ICE","73.02","73.15","74.39","72.49","74.32"
"2018-04-24","BRN0W.ICE","74.32","74.43","74.62","72.9","73.07"
"2018-04-25","BRN0W.ICE","73.07","73.22","73.38","72.44","73.28"
"2018-04-26","BRN0W.ICE","73.28","73.5","74.14","73.32","73.9"
"2018-04-27","BRN0W.ICE","73.9","73.86","74.08","73.52","73.7"
"2018-05-01","BRN0W.ICE","73.9","74.68","74.95","72.76","73.38"
"2018-05-02","BRN0W.ICE","73.7","73.27","73.61","72.41","73.07"
"2018-05-03","BRN0W.ICE","73.07","73.09","74.05","72.5","73.68"
"2018-05-04","BRN0W.ICE","73.68","73.8","75.03","73.25","75"
"2018-05-07","BRN0W.ICE","75","75","76.3","74.83","75.56"
"2018-05-08","BRN0W.ICE","75.56","75.52","76.08","73.63","75.95"
"2018-05-09","BRN0W.ICE","75.95","76.14","77.42","76.14","77.38"
"2018-05-10","BRN0W.ICE","77.38","77.43","77.95","76.52","77.53"
"2018-05-11","BRN0W.ICE","77.53","77.5","77.58","76.96","77.18"
"2018-05-14","BRN0W.ICE","77.18","76.97","78.52","76.58","78.52"
"2018-05-15","BRN0W.ICE","78.52","78.14","79.18","77.71","77.96"
"2018-05-16","BRN0W.ICE","77.96","77.93","79.27","77.58","79.27"
"2018-05-17","BRN0W.ICE","79.27","79.18","80.35","79.09","79.49"
"2018-05-18","BRN0W.ICE","79.49","79.42","79.77","78.37","78.72"
"2018-05-21","BRN0W.ICE","78.72","78.65","79.62","78.14","79.41"
"2018-05-22","BRN0W.ICE","79.41","79.46","80.47","79.23","79.44"
"2018-05-23","BRN0W.ICE","79.44","79.52","79.86","78.33","79.71"
"2018-05-24","BRN0W.ICE","79.71","79.77","79.82","78.66","78.88"
"2018-05-25","BRN0W.ICE","78.88","78.84","78.94","76.06","76.45"
"2018-05-28","BRN0W.ICE","76.45","76.12","76.12","74.56","75.34"
"2018-05-29","BRN0W.ICE","75.34","75.81","76.21","74.7","75.54"
"2018-05-30","BRN0W.ICE","75.54","75.53","77.95","74.91","77.86"
"2018-05-31","BRN0W.ICE","77.86","77.62","79.07","77","77.61"
"2018-06-01","BRN0W.ICE","77.61","77.69","77.94","76.36","76.71"
"2018-06-04","BRN0W.ICE","76.71","76.51","76.91","75.21","75.37"
"2018-06-05","BRN0W.ICE","75.37","75.47","75.73","73.82","74.96"
"2018-06-06","BRN0W.ICE","74.96","75.23","76.24","74.57","75.86"
"2018-06-07","BRN0W.ICE","75.86","75.86","77.44","75.44","77.44"
"2018-06-08","BRN0W.ICE","77.44","77.52","77.58","76.21","76.34"
"2018-06-11","BRN0W.ICE","76.34","76.37","76.82","75.57","76.36"
"2018-06-12","BRN0W.ICE","76.36","76.52","77.07","75.43","75.43"
"2018-06-13","BRN0W.ICE","75.43","75.16","76.57","75.05","76.27"
"2018-06-14","BRN0W.ICE","76.27","76.3","76.58","75.46","75.63"
"2018-06-15","BRN0W.ICE","75.63","75.61","75.72","72.67","72.67"
"2018-06-18","BRN0W.ICE","75.63","72.9","75.08","72.11","75.08"
"2018-06-19","BRN0W.ICE","72.67","74.84","75","74.01","74.67"
"2018-06-20","BRN0W.ICE","74.67","74.74","75.33","73.75","73.91"
"2018-06-21","BRN0W.ICE","73.91","74.07","74.28","72.71","73.16"
"2018-06-22","BRN0W.ICE","73.16","73.06","75.6","73.06","75.33"
"2018-06-25","BRN0W.ICE","75.33","74.64","74.89","73.6","74.57"
"2018-06-26","BRN0W.ICE","74.57","74.71","76.53","74","76.48"
"2018-06-27","BRN0W.ICE","76.48","76.41","78","76.12","77.13"
"2018-06-28","BRN0W.ICE","77.13","77.28","78.17","77.12","77.55"
"2018-06-29","BRN0W.ICE","77.55","77.53","79.51","77.18","79.12"
"2018-07-02","BRN0W.ICE","79.12","78.32","78.93","77.23","77.49"
"2018-07-03","BRN0W.ICE","77.49","77.44","78.51","76.73","77.88"
"2018-07-04","BRN0W.ICE","77.88","77.83","78.27","77.64","78.16"
"2018-07-05","BRN0W.ICE","78.16","78.04","78.46","77.35","77.54"
"2018-07-06","BRN0W.ICE","77.54","77.64","77.67","76.37","77.29"
"2018-07-09","BRN0W.ICE","77.29","77.13","78.3","77.05","78.18"
"2018-07-10","BRN0W.ICE","78.18","78.3","79.48","78.17","78.86"
"2018-07-11","BRN0W.ICE","78.86","78.75","78.75","73.14","74.17"
"2018-07-12","BRN0W.ICE","74.17","73.91","75.1","72.72","74.53"
"2018-07-13","BRN0W.ICE","74.53","74.23","75.9","73.25","74.92"
"2018-07-16","BRN0W.ICE","74.92","74.93","75.35","71.55","71.87"
"2018-07-17","BRN0W.ICE","71.87","71.97","72.77","71.38","71.6"
"2018-07-18","BRN0W.ICE","71.6","71.93","73.31","71.39","73.02"
"2018-07-19","BRN0W.ICE","73.02","73.04","73.79","71.94","72.7"
"2018-07-20","BRN0W.ICE","72.7","72.72","73.49","72.39","73.07"
"2018-07-23","BRN0W.ICE","73.07","73.01","74.6","72.81","73.26"
"2018-07-24","BRN0W.ICE","73.26","73.27","74.36","73.02","74.15"
"2018-07-25","BRN0W.ICE","74.15","74.15","75.06","73.53","74.84"
"2018-07-26","BRN0W.ICE","74.84","74.96","75.27","74.34","75.06"
"2018-07-27","BRN0W.ICE","75.06","75.07","75.37","74.42","74.92"
"2018-07-30","BRN0W.ICE","74.92","74.73","75.77","74.64","75.35"
"2018-07-31","BRN0W.ICE","75.35","75.5","75.62","73.87","74.19"
"2018-08-01","BRN0W.ICE","74.19","74.08","74.08","72.18","72.62"
"2018-08-02","BRN0W.ICE","72.62","72.44","73.71","71.85","73.39"
"2018-08-03","BRN0W.ICE","73.39","73.36","73.71","72.52","73.42"
"2018-08-06","BRN0W.ICE","73.42","73.23","74.41","73.08","73.67"
"2018-08-07","BRN0W.ICE","73.67","73.64","74.89","73.58","74.46"
"2018-08-08","BRN0W.ICE","74.46","74.61","74.82","71.69","72.23"
"2018-08-09","BRN0W.ICE","72.23","72.21","72.87","71.88","72.03"
"2018-08-10","BRN0W.ICE","72.03","71.98","73.13","71.41","72.96"
"2018-08-13","BRN0W.ICE","72.96","72.96","73.08","71.07","72.83"
"2018-08-14","BRN0W.ICE","72.83","73.11","74.24","72.48","72.55"
"2018-08-15","BRN0W.ICE","72.55","72.54","72.76","70.67","71.16"
"2018-08-16","BRN0W.ICE","71.16","70.99","71.77","70.73","71.66"
"2018-08-17","BRN0W.ICE","71.66","71.69","72.74","71.57","72.03"
"2018-08-20","BRN0W.ICE","72.03","72.03","72.95","71.67","72.44"
"2018-08-21","BRN0W.ICE","72.44","72.55","73.3","72.46","73.1"
"2018-08-22","BRN0W.ICE","73.1","73.07","75.28","72.97","75.24"
"2018-08-23","BRN0W.ICE","75.24","75.09","75.18","74.6","75.07"
"2018-08-24","BRN0W.ICE","75.07","75.14","76.67","75.06","75.75"
"2018-08-27","BRN0W.ICE","75.75","75.95","76.64","75.71","76.56"
"2018-08-28","BRN0W.ICE","76.56","76.63","77.2","76.08","76.27"
"2018-08-29","BRN0W.ICE","76.27","76.44","77.75","76.02","77.69"
"2018-08-30","BRN0W.ICE","77.69","76.73","77.33","76.64","76.79"
"2018-08-31","BRN0W.ICE","76.79","77.79","78.19","77.26","77.71"
"2018-09-03","BRN0W.ICE","77.71","77.76","78.43","77.3","78.01"
"2018-09-04","BRN0W.ICE","78.01","78.14","79.69","77.47","77.86"
"2018-09-05","BRN0W.ICE","77.86","77.88","78.08","76.91","77.12"
"2018-09-06","BRN0W.ICE","77.12","77","77.75","75.67","76.63"
"2018-09-07","BRN0W.ICE","76.63","76.68","77.1","75.9","77.1"
"2018-09-10","BRN0W.ICE","77.1","77.09","77.89","76.9","77.36"
"2018-09-11","BRN0W.ICE","77.36","76.93","79","76.93","78.98"
"2018-09-12","BRN0W.ICE","78.98","78.89","79.6","78.31","79.29"
"2018-09-13","BRN0W.ICE","79.29","79.24","79.25","77.49","78.02"
"2018-09-14","BRN0W.ICE","78.02","78.03","78.39","76.96","77.62"
"2018-09-17","BRN0W.ICE","77.62","77.66","78.38","77.29","77.53"
"2018-09-18","BRN0W.ICE","77.53","77.28","79.2","77.05","78.39"
"2018-09-19","BRN0W.ICE","78.39","78.46","78.95","77.99","78.85"
"2018-09-20","BRN0W.ICE","78.85","78.97","79.32","78.09","78.22"
"2018-09-21","BRN0W.ICE","78.22","78.16","79.49","77.74","78.22"
"2018-09-24","BRN0W.ICE","78.22","78.96","80.78","78.95","80.73"
"2018-09-25","BRN0W.ICE","78.22","80.65","81.75","80.49","80.89"
"2018-09-26","BRN0W.ICE","80.89","80.89","81.54","80.56","81.18"
"2018-09-27","BRN0W.ICE","81.18","81.23","81.89","80.89","81.3"
"2018-09-28","BRN0W.ICE","81.3","81.45","83.34","81.29","82.95"
"2018-10-01","BRN0W.ICE","81.3","82.78","85.37","82.6","84.95"
"2018-10-02","BRN0W.ICE","81.3","85.03","85.32","84.34","84.64"
"2018-10-03","BRN0W.ICE","81.3","84.79","86.73","84.07","86.1"
"2018-10-04","BRN0W.ICE","81.3","85.95","86.4","84.16","84.88"
"2018-10-05","BRN0W.ICE","81.3","84.96","85.11","83.97","84.11"
"2018-10-08","BRN0W.ICE","82.95","84.19","84.3","82.67","83.76"
"2018-10-09","BRN0W.ICE","83.76","83.99","85.4","83.73","84.86"
"2018-10-10","BRN0W.ICE","84.86","84.93","85.15","82.36","82.6"
"2018-10-11","BRN0W.ICE","82.6","82.56","82.58","79.85","80.36"
"2018-10-12","BRN0W.ICE","80.36","80.28","81.46","79.26","80.6"
"2018-10-15","BRN0W.ICE","80.6","81.06","81.87","79.87","80.76"
"2018-10-16","BRN0W.ICE","80.76","80.92","81.74","79.81","81.56"
"2018-10-17","BRN0W.ICE","81.56","81.37","81.44","78.94","79.92"
"2018-10-18","BRN0W.ICE","79.92","79.75","79.87","78.28","78.77"
"2018-10-19","BRN0W.ICE","78.77","78.87","80.24","78.69","79.54"
"2018-10-22","BRN0W.ICE","79.54","79.53","79.85","78.63","79.57"
"2018-10-23","BRN0W.ICE","79.57","79.69","79.69","75.71","75.91"
"2018-10-24","BRN0W.ICE","75.91","76.05","77.39","75.19","75.82"
"2018-10-25","BRN0W.ICE","75.82","75.49","77.03","75.43","76.7"
"2018-10-26","BRN0W.ICE","76.7","76.54","77.94","75.81","77.82"
"2018-10-29","BRN0W.ICE","77.82","77.67","78","76.6","76.87"
"2018-10-30","BRN0W.ICE","76.87","76.78","77.36","75.34","76.18"
"2018-10-31","BRN0W.ICE","76.18","76.27","77.08","74.58","74.59"
"2018-11-01","BRN0W.ICE","74.59","74.68","74.95","72.61","72.75"
"2018-11-02","BRN0W.ICE","72.75","72.73","73.48","72.26","72.62"
"2018-11-05","BRN0W.ICE","72.62","72.6","74.09","72.26","72.71"
"2018-11-06","BRN0W.ICE","72.71","72.92","73.25","71.24","71.65"
"2018-11-07","BRN0W.ICE","71.65","71.77","73.52","71.39","72"
"2018-11-08","BRN0W.ICE","72","72.17","73.06","70.59","70.96"
"2018-11-09","BRN0W.ICE","70.96","70.83","70.99","69.16","69.88"
"2018-11-12","BRN0W.ICE","69.88","70.81","71.86","68.9","68.97"
"2018-11-13","BRN0W.ICE","68.97","69.29","69.68","64.65","65.35"
"2018-11-14","BRN0W.ICE","65.35","65.56","67.59","65.03","65.86"
"2018-11-15","BRN0W.ICE","65.86","66.5","67.61","66.11","66.89"
"2018-11-16","BRN0W.ICE","66.89","67.11","68.54","66.48","67.32"
"2018-11-19","BRN0W.ICE","67.32","67.3","67.87","65.6","67.3"
"2018-11-20","BRN0W.ICE","67.3","67.05","67.14","62.1","62.58"
"2018-11-21","BRN0W.ICE","62.58","62.86","64.78","62.86","63.75"
"2018-11-22","BRN0W.ICE","63.75","63.92","64.06","62.7","62.76"
"2018-11-23","BRN0W.ICE","62.76","62.87","63.06","58.71","59.42"
"2018-11-26","BRN0W.ICE","59.42","59.48","61.19","58.91","60.55"
"2018-11-27","BRN0W.ICE","60.55","60.48","61.43","59.2","61.04"
"2018-11-28","BRN0W.ICE","61.04","60.74","61.41","58.9","58.96"
"2018-11-29","BRN0W.ICE","58.96","59.66","60.68","57.84","59.7"
"2018-11-30","BRN0W.ICE","59.7","59.89","60.38","58.07","59.07"
"2018-12-03","BRN0W.ICE","59.07","60.45","62.59","60.45","61.9"
"2018-12-04","BRN0W.ICE","61.9","61.69","63.57","61.24","61.31"
"2018-12-05","BRN0W.ICE","61.31","61.53","63.27","60.83","61.61"
"2018-12-06","BRN0W.ICE","61.61","61.42","61.94","58.46","60.31"
"2018-12-07","BRN0W.ICE","60.31","59.87","63.64","59.16","61.4"
"2018-12-10","BRN0W.ICE","61.4","61.43","62.29","59.62","59.81"
"2018-12-11","BRN0W.ICE","59.81","60.11","61.09","59.6","60.46"
"2018-12-12","BRN0W.ICE","60.46","60.83","61.41","60.04","60.18"
"2018-12-13","BRN0W.ICE","60.18","60.54","62.12","59.55","61.85"
"2018-12-14","BRN0W.ICE","61.85","61.51","61.64","60.09","60.36"
"2018-12-17","BRN0W.ICE","60.36","60.46","61.22","58.68","58.7"
"2018-12-18","BRN0W.ICE","58.7","59.25","59.25","55.88","56"
"2018-12-19","BRN0W.ICE","56","56.65","58.04","56.1","56.77"
"2018-12-20","BRN0W.ICE","56.77","56.9","56.92","54.6","55"
"2018-12-21","BRN0W.ICE","55","55.39","55.58","53.09","53.79"
"2018-12-24","BRN0W.ICE","53.79","53.8","54.81","50.65","50.68"
"2018-12-26","BRN0W.ICE","50.68","50.9","55.55","50.23","55.18"
"2018-12-27","BRN0W.ICE","55.18","54.72","54.93","52.56","53.58"
"2018-12-28","BRN0W.ICE","53.58","54.02","54.37","52.1","52.8"
"2018-12-31","BRN0W.ICE","53.58","53.13","54.79","52.68","54.15"
"2019-01-02","BRN0W.ICE","52.8","54.1","56.49","52.58","54.68"
"2019-01-03","BRN0W.ICE","54.68","54.26","56.26","53.99","55.55"
"2019-01-04","BRN0W.ICE","55.55","55.56","58.27","55.39","57.42"
"2019-01-07","BRN0W.ICE","57.42","57.34","58.87","57.27","57.57"
"2019-01-08","BRN0W.ICE","57.57","57.89","58.83","57.18","58.59"
"2019-01-09","BRN0W.ICE","58.59","59.11","61.66","59.06","61.34"
"2019-01-10","BRN0W.ICE","61.34","60.92","61.89","60.46","61.18"
"2019-01-11","BRN0W.ICE","61.18","61.33","62.45","60.16","60.59"
"2019-01-14","BRN0W.ICE","60.59","60.87","61.04","58.95","59.32"
"2019-01-15","BRN0W.ICE","59.32","59.64","60.82","59.14","60.53"
"2019-01-16","BRN0W.ICE","60.53","60.24","61.44","60.07","61.3"
"2019-01-17","BRN0W.ICE","61.3","60.91","61.51","60.1","61.15"
"2019-01-18","BRN0W.ICE","61.15","61.51","62.98","61.41","62.58"
"2019-01-21","BRN0W.ICE","62.58","62.48","62.91","62.14","62.65"
"2019-01-22","BRN0W.ICE","62.65","62.45","62.51","60.51","61.51"
"2019-01-23","BRN0W.ICE","61.51","61.11","62.15","60.24","60.92"
"2019-01-24","BRN0W.ICE","60.92","60.93","61.45","60.35","61.2"
"2019-01-25","BRN0W.ICE","61.2","61.28","61.92","60.72","61.44"
"2019-01-28","BRN0W.ICE","61.44","61.44","61.62","59.43","59.95"
"2019-01-29","BRN0W.ICE","59.95","59.76","61.62","59.64","61.16"
"2019-01-30","BRN0W.ICE","61.16","61.25","62.46","60.99","61.66"
"2019-01-31","BRN0W.ICE","61.66","62.03","62.42","60.65","61.22"
"2019-02-01","BRN0W.ICE","61.22","61.23","62.94","60.48","62.9"
"2019-02-04","BRN0W.ICE","61.22","62.71","63.63","61.34","62.82"
"2019-02-05","BRN0W.ICE","61.22","62.65","63.01","61.75","62.11"
"2019-02-06","BRN0W.ICE","61.22","62.07","62.75","61.1","62.55"
"2019-02-07","BRN0W.ICE","61.22","62.52","62.89","60.63","61.68"
"2019-02-08","BRN0W.ICE","61.22","61.57","62.34","61.08","61.97"
"2019-02-11","BRN0W.ICE","62.9","62.11","62.29","60.96","61.58"
"2019-02-12","BRN0W.ICE","61.58","61.73","63.32","61.61","62.61"
"2019-02-13","BRN0W.ICE","62.61","62.83","63.93","62.83","63.6"
"2019-02-14","BRN0W.ICE","63.6","63.67","64.78","63.37","64.56"
"2019-02-15","BRN0W.ICE","64.56","64.96","66.39","64.45","66.39"
"2019-02-18","BRN0W.ICE","66.39","66.34","66.77","65.96","66.45"
"2019-02-19","BRN0W.ICE","66.45","66.33","66.63","65.68","66.47"
"2019-02-20","BRN0W.ICE","66.47","66.3","67.44","65.75","67.22"
"2019-02-21","BRN0W.ICE","67.22","67.14","67.35","66.78","67.13"
"2019-02-22","BRN0W.ICE","67.13","67.07","67.8","66.99","67.04"
"2019-02-25","BRN0W.ICE","67.04","67.12","67.58","64.72","64.92"
"2019-02-26","BRN0W.ICE","64.92","65.01","65.85","64.5","65.79"
"2019-02-27","BRN0W.ICE","65.79","65.69","66.87","65.42","66.47"
"2019-02-28","BRN0W.ICE","66.47","66.57","66.77","65.92","66.36"
"2019-03-01","BRN0W.ICE","66.36","66.53","67.12","64.6","65"
"2019-03-04","BRN0W.ICE","65","65.17","66.3","65.08","65.55"
"2019-03-05","BRN0W.ICE","65.55","65.54","66.18","65.06","65.57"
"2019-03-06","BRN0W.ICE","65.57","65.46","66.14","65.24","65.93"
"2019-03-07","BRN0W.ICE","65.93","65.89","66.97","65.77","66.09"
"2019-03-08","BRN0W.ICE","66.09","66.05","66.09","64.03","65.81"
"2019-03-11","BRN0W.ICE","65.81","65.73","66.73","65.66","66.63"
"2019-03-12","BRN0W.ICE","66.63","66.63","67.24","66.33","66.7"
"2019-03-13","BRN0W.ICE","66.7","66.85","67.64","66.63","67.54"
"2019-03-14","BRN0W.ICE","67.54","67.5","68.02","66.96","67.09"
"2019-03-15","BRN0W.ICE","67.09","67.06","67.58","66.08","66.9"
"2019-03-18","BRN0W.ICE","66.9","66.99","67.51","66.59","67.23"
"2019-03-19","BRN0W.ICE","67.23","67.27","67.97","66.96","67.52"
"2019-03-20","BRN0W.ICE","67.52","67.4","68.28","67.02","68.07"
"2019-03-21","BRN0W.ICE","68.07","68.14","68.46","67.43","67.55"
"2019-03-22","BRN0W.ICE","67.55","67.53","67.74","65.98","66.79"
"2019-03-25","BRN0W.ICE","66.79","66.74","67.21","66.06","66.9"
"2019-03-26","BRN0W.ICE","66.9","66.93","67.74","66.86","67.44"
"2019-03-27","BRN0W.ICE","67.44","67.32","67.69","66.65","67.3"
"2019-03-28","BRN0W.ICE","67.3","67.15","67.32","65.95","67.31"
"2019-03-29","BRN0W.ICE","67.31","67.35","68.28","67.16","67.55"
"2019-04-01","BRN0W.ICE","67.55","67.75","69.22","67.73","69.16"
"2019-04-02","BRN0W.ICE","69.16","69.12","69.58","68.72","69.57"
"2019-04-03","BRN0W.ICE","69.57","69.46","69.95","68.81","69.52"
"2019-04-04","BRN0W.ICE","69.52","69.38","70.01","68.89","69.31"
"2019-04-05","BRN0W.ICE","69.52","69.07","70.48","68.94","70.48"
"2019-04-08","BRN0W.ICE","69.31","70.55","71.18","70.46","71.1"
"2019-04-09","BRN0W.ICE","71.1","71.15","71.32","70.31","70.83"
"2019-04-10","BRN0W.ICE","70.83","70.83","71.78","70.57","71.57"
"2019-04-11","BRN0W.ICE","71.57","71.57","71.68","70.59","70.98"
"2019-04-12","BRN0W.ICE","70.98","71","71.86","70.9","71.55"
"2019-04-15","BRN0W.ICE","71.55","71.56","71.57","70.81","71.3"
"2019-04-16","BRN0W.ICE","71.3","71.21","71.94","70.79","71.86"
"2019-04-17","BRN0W.ICE","71.86","71.88","72.26","71.47","71.64"
"2019-04-18","BRN0W.ICE","71.64","71.06","71.47","70.69","71.46"
"2019-04-22","BRN0W.ICE","71.46","71.55","73.84","71.52","73.65"
"2019-04-23","BRN0W.ICE","73.65","73.65","74.06","73.37","73.73"
"2019-04-24","BRN0W.ICE","73.73","73.6","74.01","73.4","73.74"
"2019-04-25","BRN0W.ICE","73.74","73.71","74.73","73.35","73.62"
"2019-04-26","BRN0W.ICE","73.62","73.37","73.64","70.65","71.13"
"2019-04-29","BRN0W.ICE","71.13","71.15","71.99","70.65","71.42"
"2019-04-30","BRN0W.ICE","71.42","71.46","72.75","71.21","71.66"
"2019-05-01","BRN0W.ICE","71.42","71.78","72.32","71.31","72.05"
"2019-05-02","BRN0W.ICE","71.42","72.05","72.21","69.74","70.35"
"2019-05-03","BRN0W.ICE","71.42","70.49","71.51","69.98","70.78"
"2019-05-06","BRN0W.ICE","71.66","69.76","71.78","68.9","70.98"
"2019-05-07","BRN0W.ICE","70.98","71.14","71.33","69.41","69.87"
"2019-05-08","BRN0W.ICE","69.87","69.93","70.67","69.34","70.32"
"2019-05-09","BRN0W.ICE","70.32","70.2","70.61","69.41","70.32"
"2019-05-10","BRN0W.ICE","70.32","70.63","71.21","70.21","70.86"
"2019-05-13","BRN0W.ICE","70.86","70.86","72.54","69.74","69.95"
"2019-05-14","BRN0W.ICE","69.95","70.09","71.61","69.93","70.99"
"2019-05-15","BRN0W.ICE","70.99","70.85","72.23","70.42","71.95"
"2019-05-16","BRN0W.ICE","71.95","72.04","73.34","71.83","72.77"
"2019-05-17","BRN0W.ICE","72.77","72.81","73.23","71.82","72.17"
"2019-05-20","BRN0W.ICE","72.17","71.86","72.42","70.85","71.3"
"2019-05-21","BRN0W.ICE","71.3","71.36","71.66","70.85","71.11"
"2019-05-22","BRN0W.ICE","71.11","70.95","71.06","69.47","69.93"
"2019-05-23","BRN0W.ICE","69.93","69.94","69.98","65.92","66.8"
"2019-05-24","BRN0W.ICE","66.8","66.77","68.09","66.24","68.01"
"2019-05-27","BRN0W.ICE","68.01","67.93","68.84","67.29","68.68"
"2019-05-28","BRN0W.ICE","68.68","68.63","69.22","68.19","68.69"
"2019-05-29","BRN0W.ICE","68.69","68.6","68.61","66.69","68.17"
"2019-05-30","BRN0W.ICE","68.17","68.05","68.31","64.97","65.21"
"2019-05-31","BRN0W.ICE","65.21","64.82","64.86","61.44","61.76"
"2019-06-03","BRN0W.ICE","61.76","61.58","62.83","60.62","60.9"
"2019-06-04","BRN0W.ICE","60.9","61","62.07","60.26","61.4"
"2019-06-05","BRN0W.ICE","61.4","61.57","62.26","59.51","60.5"
"2019-06-06","BRN0W.ICE","60.5","60.47","62.41","60.28","62.23"
"2019-06-07","BRN0W.ICE","60.5","62.35","63.54","61.78","63.24"
"2019-06-10","BRN0W.ICE","62.23","63.8","64.09","62.08","62.32"
"2019-06-11","BRN0W.ICE","62.32","62.27","62.84","62.03","62.06"
"2019-06-12","BRN0W.ICE","62.06","61.66","61.69","59.62","59.78"
"2019-06-13","BRN0W.ICE","59.78","59.17","61.74","59","60.5"
"2019-06-14","BRN0W.ICE","60.5","60.31","61.52","59.94","61.01"
"2019-06-17","BRN0W.ICE","61.01","60.96","61.34","59.79","59.94"
"2019-06-18","BRN0W.ICE","59.94","59.98","61.91","59.41","61.52"
"2019-06-19","BRN0W.ICE","61.52","61.62","61.75","60.72","61.5"
"2019-06-20","BRN0W.ICE","61.5","61.76","64.13","61.68","64.04"
"2019-06-21","BRN0W.ICE","64.04","64.27","65.03","63.26","64.58"
"2019-06-24","BRN0W.ICE","64.58","64.73","64.98","63.42","64.06"
"2019-06-25","BRN0W.ICE","64.06","64.25","65.15","63.51","65.04"
"2019-06-26","BRN0W.ICE","65.04","65.05","65.95","64.79","65.53"
"2019-06-27","BRN0W.ICE","65.53","65.04","65.91","64.89","65.43"
"2019-06-28","BRN0W.ICE","65.43","65.6","65.89","64.02","64.55"
"2019-07-01","BRN0W.ICE","64.55","65.88","66.72","64.25","65.22"
"2019-07-02","BRN0W.ICE","65.22","64.89","65.48","62.35","62.82"
"2019-07-03","BRN0W.ICE","62.82","62.84","63.99","62.1","63.86"
"2019-07-04","BRN0W.ICE","63.86","63.88","64.04","62.97","63.18"
"2019-07-05","BRN0W.ICE","63.18","63.34","64.5","62.92","64.44"
"2019-07-08","BRN0W.ICE","64.44","64.41","65.1","63.8","63.89"
"2019-07-09","BRN0W.ICE","63.89","63.81","64.72","63.77","64.54"
"2019-07-10","BRN0W.ICE","64.54","64.76","67.1","64.63","66.72"
"2019-07-11","BRN0W.ICE","66.72","66.84","67.64","66.44","66.81"
"2019-07-12","BRN0W.ICE","66.81","66.82","67.27","66.56","67"
"2019-07-15","BRN0W.ICE","67","66.83","67.46","66.11","66.19"
"2019-07-16","BRN0W.ICE","66.19","66.32","67.08","63.87","64.4"
"2019-07-17","BRN0W.ICE","64.4","64.43","65.27","63.24","63.6"
"2019-07-18","BRN0W.ICE","63.6","63.07","63.99","60.99","62.24"
"2019-07-19","BRN0W.ICE","62.24","62.27","63.08","61.64","62.25"
"2019-07-22","BRN0W.ICE","62.25","63.06","63.77","62.63","63.06"
"2019-07-23","BRN0W.ICE","63.06","62.99","64.19","62.56","64.1"
"2019-07-24","BRN0W.ICE","64.1","64.03","64.55","62.65","63.01"
"2019-07-25","BRN0W.ICE","63.01","63.04","64.08","62.93","62.95"
"2019-07-26","BRN0W.ICE","62.95","63.23","63.77","62.95","63.27"
"2019-07-29","BRN0W.ICE","63.27","63.25","63.82","62.87","63.74"
"2019-07-30","BRN0W.ICE","63.74","63.84","65.01","63.81","64.96"
"2019-07-31","BRN0W.ICE","64.96","64.91","65.41","64.19","64.22"
"2019-08-01","BRN0W.ICE","64.22","64.05","64.53","60.04","61.05"
"2019-08-02","BRN0W.ICE","61.05","61.07","62.86","61.03","61.17"
"2019-08-05","BRN0W.ICE","61.17","61.24","61.55","59.68","60.05"
"2019-08-06","BRN0W.ICE","60.05","59.26","60.55","58.55","58.63"
"2019-08-07","BRN0W.ICE","58.63","58.63","59.17","55.92","57.44"
"2019-08-08","BRN0W.ICE","57.44","57.45","58","56.79","57.75"
"2019-08-09","BRN0W.ICE","57.75","57.68","59.06","57.14","58.42"
"2019-08-12","BRN0W.ICE","58.42","58.31","58.84","57.88","58.37"
"2019-08-13","BRN0W.ICE","58.37","57.92","60.67","57.32","60.03"
"2019-08-14","BRN0W.ICE","60.03","60.24","60.24","57.49","58.11"
"2019-08-15","BRN0W.ICE","58.11","58.28","58.56","56.88","57.39"
"2019-08-16","BRN0W.ICE","57.39","57.95","58.97","57.81","58.21"
"2019-08-19","BRN0W.ICE","58.21","58.3","59.38","58.17","59.21"
"2019-08-20","BRN0W.ICE","59.21","59.09","59.82","58.55","59.62"
"2019-08-21","BRN0W.ICE","59.62","59.69","60.89","59.63","59.95"
"2019-08-22","BRN0W.ICE","59.95","60.11","60.45","59.11","59.64"
"2019-08-23","BRN0W.ICE","59.64","59.76","59.84","57.95","58.39"
"2019-08-26","BRN0W.ICE","58.39","57.99","59.54","57.74","58.26"
"2019-08-27","BRN0W.ICE","58.26","58.26","59.7","58.08","59.59"
"2019-08-28","BRN0W.ICE","59.59","59.58","60.42","59.34","59.84"
"2019-08-29","BRN0W.ICE","59.84","59.89","60.55","59.43","60.37"
"2019-08-30","BRN0W.ICE","60.37","60.32","60.61","58.51","59.19"
"2019-09-02","BRN0W.ICE","59.19","58.77","59.24","58.17","58.61"
"2019-09-03","BRN0W.ICE","58.61","58.46","58.86","57.24","58.27"
"2019-09-04","BRN0W.ICE","58.27","58.16","60.93","58.16","60.43"
"2019-09-05","BRN0W.ICE","60.43","60.54","62.33","60.27","60.8"
"2019-09-06","BRN0W.ICE","60.8","60.84","61.87","59.53","61.78"
"2019-09-09","BRN0W.ICE","61.78","61.78","62.98","61.59","62.71"
"2019-09-10","BRN0W.ICE","62.71","63.06","63.72","62.19","62.71"
"2019-09-11","BRN0W.ICE","62.71","62.87","63.23","60.58","61.02"
"2019-09-12","BRN0W.ICE","61.02","60.42","60.52","58.22","59.55"
"2019-09-13","BRN0W.ICE","61.02","59.47","59.73","58.75","59.15"
"2019-09-16","BRN0W.ICE","59.55","70.04","70.04","63.58","66.83"
"2019-09-17","BRN0W.ICE","66.83","66.88","67.77","62.66","63.21"
"2019-09-18","BRN0W.ICE","63.21","63.37","63.97","62.19","62.68"
"2019-09-19","BRN0W.ICE","62.68","62.56","64.47","62.56","63.7"
"2019-09-20","BRN0W.ICE","63.7","63.9","64.2","63.07","63.75"
"2019-09-23","BRN0W.ICE","63.75","64.19","64.2","62.6","63.3"
"2019-09-24","BRN0W.ICE","63.3","63.37","63.53","61.34","61.39"
"2019-09-25","BRN0W.ICE","61.39","61.5","61.8","60.36","61.56"
"2019-09-26","BRN0W.ICE","61.56","61.66","61.83","60.56","61.61"
"2019-09-27","BRN0W.ICE","61.61","61.47","61.78","59.9","61.18"
"2019-09-30","BRN0W.ICE","61.18","61.46","61.46","59.23","59.43"
"2019-10-01","BRN0W.ICE","61.18","59.49","60.07","58.41","59.2"
"2019-10-02","BRN0W.ICE","61.18","59.3","59.47","57.24","57.52"
"2019-10-03","BRN0W.ICE","61.18","57.45","57.97","56.24","57.61"
"2019-10-04","BRN0W.ICE","61.18","57.78","58.91","57.72","58.43"
"2019-10-07","BRN0W.ICE","61.18","58.17","59.64","58.03","58.44"
"2019-10-08","BRN0W.ICE","59.43","58.54","58.9","57.41","58.12"
"2019-10-09","BRN0W.ICE","58.12","58.03","59.32","57.93","58.32"
"2019-10-10","BRN0W.ICE","58.32","57.86","59.56","57.82","59.53"
"2019-10-11","BRN0W.ICE","59.53","59.51","60.69","59.23","60.68"
"2019-10-14","BRN0W.ICE","60.68","60.67","60.69","58.58","59.16"
"2019-10-15","BRN0W.ICE","59.16","59.25","59.65","58.05","58.9"
"2019-10-16","BRN0W.ICE","58.9","58.92","59.73","58.39","59.06"
"2019-10-17","BRN0W.ICE","59.06","58.64","59.56","58.43","59.5"
"2019-10-18","BRN0W.ICE","59.5","59.36","59.81","58.67","59.06"
"2019-10-21","BRN0W.ICE","59.06","58.86","59.21","58","58.8"
"2019-10-22","BRN0W.ICE","58.8","58.71","59.88","58.48","59.36"
"2019-10-23","BRN0W.ICE","59.36","59.26","60.96","58.71","60.84"
"2019-10-24","BRN0W.ICE","60.84","60.68","61.59","60.39","61.1"
"2019-10-25","BRN0W.ICE","61.1","61.23","61.77","60.72","61.65"
"2019-10-28","BRN0W.ICE","61.65","61.72","62.05","60.95","61.27"
"2019-10-29","BRN0W.ICE","61.27","61.34","61.61","60.34","61.25"
"2019-10-30","BRN0W.ICE","61.25","61.27","61.54","60.03","60.21"
"2019-10-31","BRN0W.ICE","60.21","60.2","60.8","59.22","59.6"
"2019-11-01","BRN0W.ICE","59.6","59.45","61.8","59.42","61.55"
"2019-11-04","BRN0W.ICE","61.55","61.82","62.75","61.28","62.11"
"2019-11-05","BRN0W.ICE","62.11","61.99","63.12","61.96","62.97"
"2019-11-06","BRN0W.ICE","62.97","62.78","63.22","61.61","61.79"
"2019-11-07","BRN0W.ICE","61.79","61.77","62.81","61.65","62.38"
"2019-11-08","BRN0W.ICE","62.38","62.24","62.69","60.73","62.61"
"2019-11-11","BRN0W.ICE","62.61","62.53","62.75","61.59","62.3"
"2019-11-12","BRN0W.ICE","62.3","62.16","62.84","61.9","62"
"2019-11-13","BRN0W.ICE","62","61.94","62.7","61.23","62.63"
"2019-11-14","BRN0W.ICE","62.63","62.51","63.18","62.19","62.41"
"2019-11-15","BRN0W.ICE","62.41","62.54","63.62","61.73","63.45"
"2019-11-18","BRN0W.ICE","63.45","62.48","62.6","61.05","61.37"
"2019-11-19","BRN0W.ICE","61.37","61.31","61.62","59.83","59.96"
"2019-11-20","BRN0W.ICE","59.96","60.13","61.85","59.46","61.53"
"2019-11-21","BRN0W.ICE","61.53","61.29","62.98","61.03","62.63"
"2019-11-22","BRN0W.ICE","62.63","62.61","63.19","61.99","62.51"
"2019-11-25","BRN0W.ICE","62.51","62.52","62.74","61.92","62.58"
"2019-11-26","BRN0W.ICE","62.58","62.6","63.26","62.46","63.03"
"2019-11-27","BRN0W.ICE","63.03","62.93","63.55","62.48","63.09"
"2019-11-28","BRN0W.ICE","63.09","62.75","63.34","62.53","63.28"
"2019-11-29","BRN0W.ICE","63.28","63.12","63.2","60.38","60.73"
"2019-12-02","BRN0W.ICE","60.73","60.87","62.09","60.78","60.89"
"2019-12-03","BRN0W.ICE","60.89","61.07","61.39","60.31","61.16"
"2019-12-04","BRN0W.ICE","61.16","61.06","63.45","61.01","63.03"
"2019-12-05","BRN0W.ICE","63.03","62.91","63.87","62.75","63.28"
"2019-12-06","BRN0W.ICE","63.28","63.4","64.71","62.85","64.27"
"2019-12-09","BRN0W.ICE","64.27","64.39","64.5","63.62","64.04"
"2019-12-10","BRN0W.ICE","64.04","64.07","64.55","63.8","64.18"
"2019-12-11","BRN0W.ICE","64.18","64","64.24","63.05","63.95"
"2019-12-12","BRN0W.ICE","63.95","62.98","63.82","62.92","63.56"
"2019-12-13","BRN0W.ICE","63.56","63.75","64.62","63.6","64.02"
"2019-12-16","BRN0W.ICE","64.02","64.04","64.69","63.94","64.37"
"2019-12-17","BRN0W.ICE","64.37","64.39","65.24","64.25","64.8"
"2019-12-18","BRN0W.ICE","64.8","64.92","65.45","64.64","65.23"
"2019-12-19","BRN0W.ICE","65.23","65.3","65.82","65.14","65.62"
"2019-12-20","BRN0W.ICE","65.62","65.66","65.73","64.95","65.25"
"2019-12-23","BRN0W.ICE","65.25","65.14","65.64","64.9","65.6"
"2019-12-24","BRN0W.ICE","65.6","65.51","66.19","65.39","66.19"
"2019-12-26","BRN0W.ICE","66.19","66.25","66.84","66.12","66.81"
"2019-12-27","BRN0W.ICE","66.81","66.74","67.06","66.39","66.81"
"2019-12-30","BRN0W.ICE","66.81","66.87","67.51","66.14","66.67"
"2019-12-31","BRN0W.ICE","66.67","66.6","66.92","65.73","66.03"
"2020-01-02","BRN0W.ICE","66.03","66.37","66.56","65.78","66.34"
"2020-01-03","BRN0W.ICE","66.34","66.3","69.36","66.3","68.7"
"2020-01-06","BRN0W.ICE","68.7","69.39","70.73","68.25","68.55"
"2020-01-07","BRN0W.ICE","68.55","68.69","68.74","67.7","68.51"
"2020-01-08","BRN0W.ICE","68.51","71.13","71.13","65.01","65.77"
"2020-01-09","BRN0W.ICE","65.77","65.97","66.08","64.57","65.32"
"2020-01-10","BRN0W.ICE","65.32","65.36","65.65","64.89","65.1"
"2020-01-13","BRN0W.ICE","65.1","64.85","65.26","63.95","64.23"
"2020-01-14","BRN0W.ICE","64.23","64.33","65.02","63.95","64.46"
"2020-01-15","BRN0W.ICE","64.46","64.44","64.6","63.59","64.27"
"2020-01-16","BRN0W.ICE","64.27","64.28","64.94","63.91","64.67"
"2020-01-17","BRN0W.ICE","64.67","64.62","65.35","64.49","65.35"
"2020-01-20","BRN0W.ICE","65.35","64.84","65.1","64.12","64.35"
"2020-01-21","BRN0W.ICE","64.35","64.47","64.47","63.25","63.78"
"2020-01-22","BRN0W.ICE","63.78","63.79","63.79","61.86","61.87"
"2020-01-23","BRN0W.ICE","61.87","61.82","61.86","60.55","61.28"
"2020-01-24","BRN0W.ICE","61.87","61.32","61.67","59.51","59.85"
"2020-01-27","BRN0W.ICE","61.87","59.09","59.09","57.74","58.15"
"2020-01-28","BRN0W.ICE","61.87","58.31","59.37","57.91","59.3"
"2020-01-29","BRN0W.ICE","61.87","59.12","59.83","58.39","58.68"
"2020-01-30","BRN0W.ICE","61.87","58.7","58.74","56.76","58.09"
"2020-01-31","BRN0W.ICE","61.87","58.38","58.52","55.95","56.66"
"2020-02-03","BRN0W.ICE","61.28","55.9","56.75","54.08","54.2"
"2020-02-04","BRN0W.ICE","54.2","54.31","55.62","53.71","53.83"
"2020-02-05","BRN0W.ICE","53.83","54.2","56.45","54.13","55.58"
"2020-02-06","BRN0W.ICE","55.58","55.55","56.57","54.3","55.12"
"2020-02-07","BRN0W.ICE","55.12","55.24","55.38","54.22","54.5"
"2020-02-10","BRN0W.ICE","54.5","54.07","54.67","53.12","53.4"
"2020-02-11","BRN0W.ICE","53.4","53.85","54.65","53.69","54.25"
"2020-02-12","BRN0W.ICE","54.25","54.44","56.36","54.44","56.36"
"2020-02-13","BRN0W.ICE","56.36","55.86","56.73","55.15","56.48"
"2020-02-14","BRN0W.ICE","56.48","56.42","57.39","56.16","57.1"
"2020-02-17","BRN0W.ICE","57.1","57.36","57.52","56.76","57.37"
"2020-02-18","BRN0W.ICE","57.37","57.1","57.56","56.17","57.42"
"2020-02-19","BRN0W.ICE","57.42","57.43","59.01","57.24","58.96"
"2020-02-20","BRN0W.ICE","58.96","58.84","59.55","58.47","58.6"
"2020-02-21","BRN0W.ICE","58.6","58.44","58.69","57.25","57.82"
"2020-02-24","BRN0W.ICE","57.82","57","57.02","54.61","55.67"
"2020-02-25","BRN0W.ICE","55.67","55.94","56.36","53.96","54.27"
"2020-02-26","BRN0W.ICE","54.27","54.38","54.77","52.41","52.86"
"2020-02-27","BRN0W.ICE","52.86","52.6","52.63","50.41","50.95"
"2020-02-28","BRN0W.ICE","50.95","51","51.1","48.96","50.09"
"2020-03-02","BRN0W.ICE","50.09","48.65","53.19","48.43","53.06"
"2020-03-03","BRN0W.ICE","53.06","53.7","53.76","51.24","51.6"
"2020-03-04","BRN0W.ICE","51.6","52.3","53","51.09","51.51"
"2020-03-05","BRN0W.ICE","51.51","51.84","52.02","49.71","50.18"
"2020-03-06","BRN0W.ICE","50.18","50.42","50.44","45.2","45.5"
"2020-03-09","BRN0W.ICE","45.5","34.52","37.06","31.29","35.03"
"2020-03-10","BRN0W.ICE","35.03","36.19","38.18","35.02","37.78"
"2020-03-11","BRN0W.ICE","37.78","38.28","40.15","36.8","37.22"
"2020-03-12","BRN0W.ICE","37.22","37.42","37.76","34.29","34.66"
"2020-03-13","BRN0W.ICE","34.66","34.67","37.4","34.31","36.35"
"2020-03-16","BRN0W.ICE","36.35","35.35","35.35","31.23","31.44"
"2020-03-17","BRN0W.ICE","31.44","31.76","32.84","30.18","30.5"
"2020-03-18","BRN0W.ICE","30.5","30.17","30.9","26.36","28.2"
"2020-03-19","BRN0W.ICE","28.2","28.6","30.82","26.75","29.97"
"2020-03-20","BRN0W.ICE","29.97","30.53","32.82","28.92","29.35"
"2020-03-23","BRN0W.ICE","29.35","28.11","29.81","26.97","29.81"
"2020-03-24","BRN0W.ICE","29.81","30.09","30.92","29.25","30.27"
"2020-03-25","BRN0W.ICE","30.27","30.2","30.87","28.49","30.05"
"2020-03-26","BRN0W.ICE","30.05","30","30.16","28.39","29.31"
"2020-03-27","BRN0W.ICE","29.31","29.13","29.32","27.22","28.25"
"2020-03-30","BRN0W.ICE","28.25","27.09","27.3","25.3","26.45"
"2020-03-31","BRN0W.ICE","26.45","26.62","27.77","25.71","25.92"
"2020-04-01","BRN0W.ICE","25.92","26","26.24","24.59","25.6"
"2020-04-02","BRN0W.ICE","25.6","25.75","34.78","25.49","29.69"
"2020-04-03","BRN0W.ICE","29.69","29.74","34.99","28.27","34.65"
"2020-04-06","BRN0W.ICE","29.69","30.69","34.22","30.69","33.27"
"2020-04-07","BRN0W.ICE","34.65","33.82","34.18","31.77","32.4"
"2020-04-08","BRN0W.ICE","32.4","32.62","33.78","31.59","33.64"
"2020-04-09","BRN0W.ICE","33.64","33.82","36.31","31.41","32.03"
"2020-04-13","BRN0W.ICE","32.03","32.33","33.24","30.69","31.86"
"2020-04-14","BRN0W.ICE","31.86","32.18","32.3","29.42","30.09"
"2020-04-15","BRN0W.ICE","30.09","30.27","30.3","27.21","28"
"2020-04-16","BRN0W.ICE","28","31.81","32.52","30.84","32.15"
"2020-04-17","BRN0W.ICE","32.15","32.4","32.48","31.3","31.71"
"2020-04-20","BRN0W.ICE","31.71","31.63","31.83","29.1","29.72"
"2020-04-21","BRN0W.ICE","29.72","29.76","30.08","22.12","23.71"
"2020-04-22","BRN0W.ICE","23.71","24.39","25.83","19.99","24.22"
"2020-04-23","BRN0W.ICE","24.22","24.62","26.92","23.86","25.02"
"2020-04-24","BRN0W.ICE","25.02","25.59","26.12","23.97","25.18"
"2020-04-27","BRN0W.ICE","25.18","24.95","25.11","22.52","23"
"2020-04-28","BRN0W.ICE","23","22.76","23.77","21.95","23.16"
"2020-04-29","BRN0W.ICE","23.16","22.86","25.15","22.73","24.4"
"2020-04-30","BRN0W.ICE","24.4","24.61","26.96","24.43","26.66"
"2020-05-01","BRN0W.ICE","24.4","27.07","27.85","25.77","26.6"
"2020-05-04","BRN0W.ICE","24.4","26.08","28.06","25.5","27.97"
"2020-05-05","BRN0W.ICE","24.4","28.07","31.98","27.79","31.98"
"2020-05-06","BRN0W.ICE","26.66","31.97","31.97","28.72","29.84"
"2020-05-07","BRN0W.ICE","29.84","29.75","31.8","29.09","29.37"
"2020-05-08","BRN0W.ICE","29.37","29.69","31.01","29.44","30.86"
"2020-05-11","BRN0W.ICE","30.86","30.58","31.43","29.42","30.18"
"2020-05-12","BRN0W.ICE","30.18","30.05","30.67","29.35","29.47"
"2020-05-13","BRN0W.ICE","29.47","29.49","30.47","28.89","29.5"
"2020-05-14","BRN0W.ICE","29.5","33.32","34.56","32.85","34.52"
"2020-05-15","BRN0W.ICE","34.52","34.44","35.46","34.08","35.31"
"2020-05-18","BRN0W.ICE","35.31","35.48","37.91","35.4","37.78"
"2020-05-19","BRN0W.ICE","37.78","37.93","38.01","36.62","36.9"
"2020-05-20","BRN0W.ICE","36.9","34.74","36.63","34.72","36.11"
"2020-05-21","BRN0W.ICE","36.11","36.11","37.16","36.08","36.29"
"2020-05-22","BRN0W.ICE","36.29","36.61","36.63","33.98","35.64"
"2020-05-25","BRN0W.ICE","35.64","35.5","36.48","35","36.14"
"2020-05-26","BRN0W.ICE","36.14","36.35","37.2","35.88","36.66"
"2020-05-27","BRN0W.ICE","36.66","36.6","36.71","34.72","35.01"
"2020-05-28","BRN0W.ICE","35.01","34.71","36.61","34.38","36.19"
"2020-05-29","BRN0W.ICE","36.19","35.87","37.93","34.85","37.61"
"2020-06-01","BRN0W.ICE","37.61","37.45","38.67","37.23","38.61"
"2020-06-02","BRN0W.ICE","38.61","38.33","39.74","38.33","39.58"
"2020-06-03","BRN0W.ICE","39.58","39.79","40.51","38.77","39.45"
"2020-06-04","BRN0W.ICE","39.45","39.71","40.08","39.07","39.89"
"2020-06-05","BRN0W.ICE","39.89","39.86","42.42","39.73","42.07"
"2020-06-08","BRN0W.ICE","42.07","42.36","43.41","40.7","40.8"
"2020-06-09","BRN0W.ICE","40.8","41.2","41.43","39.85","40.87"
"2020-06-10","BRN0W.ICE","40.87","40.65","41.96","40.14","41.36"
"2020-06-11","BRN0W.ICE","41.36","41.09","41.2","38.17","38.63"
"2020-06-12","BRN0W.ICE","38.63","38.14","39.66","37.32","39.28"
"2020-06-15","BRN0W.ICE","39.28","38.57","40.1","37.52","40.1"
"2020-06-16","BRN0W.ICE","40.1","40.11","41.76","39.2","40.8"
"2020-06-17","BRN0W.ICE","40.8","40.67","41.54","40.18","40.59"
"2020-06-18","BRN0W.ICE","40.59","40.38","41.54","40.1","41.36"
"2020-06-19","BRN0W.ICE","41.36","41.67","42.8","41.03","41.87"
"2020-06-22","BRN0W.ICE","41.87","41.73","43.14","41.57","42.98"
"2020-06-23","BRN0W.ICE","42.98","43.25","43.95","42.25","42.54"
"2020-06-24","BRN0W.ICE","42.54","42.6","42.95","39.94","40.56"
"2020-06-25","BRN0W.ICE","42.54","40.53","41.6","39.73","41.41"
"2020-06-26","BRN0W.ICE","42.54","41.4","41.81","40.31","40.64"
"2020-06-29","BRN0W.ICE","40.56","40.37","41.96","40.02","41.85"
"2020-06-30","BRN0W.ICE","41.85","41.68","41.94","41.06","41.63"
"2020-07-01","BRN0W.ICE","41.63","41.52","42.61","41.05","42.09"
"2020-07-02","BRN0W.ICE","42.09","41.81","43.16","41.73","42.92"
"2020-07-03","BRN0W.ICE","42.92","42.76","42.98","42.32","42.78"
"2020-07-06","BRN0W.ICE","42.78","42.8","43.69","42.79","43.12"
"2020-07-07","BRN0W.ICE","43.12","43.09","43.44","42.5","43.01"
"2020-07-08","BRN0W.ICE","43.01","42.76","43.43","42.76","43.37"
"2020-07-09","BRN0W.ICE","43.37","43.3","43.5","41.99","42.35"
"2020-07-10","BRN0W.ICE","42.35","42.43","43.38","41.33","43.17"
"2020-07-13","BRN0W.ICE","43.17","43.15","43.31","42.15","42.21"
"2020-07-14","BRN0W.ICE","42.21","42.18","43.16","41.81","43.1"
"2020-07-15","BRN0W.ICE","43.1","43.11","43.84","42.74","43.64"
"2020-07-16","BRN0W.ICE","43.64","43.81","43.93","43.27","43.53"
"2020-07-17","BRN0W.ICE","43.53","43.54","43.6","42.79","43.31"
"2020-07-20","BRN0W.ICE","43.31","43.27","43.59","42.66","43.37"
"2020-07-21","BRN0W.ICE","43.37","43.44","45.05","43.42","44.18"
"2020-07-22","BRN0W.ICE","44.18","44.22","44.66","43.91","44.57"
"2020-07-23","BRN0W.ICE","44.57","44.44","45.06","43.52","43.68"
"2020-07-24","BRN0W.ICE","43.68","43.68","44.2","43.26","43.89"
"2020-07-27","BRN0W.ICE","43.89","43.79","44.18","42.95","43.95"
"2020-07-28","BRN0W.ICE","43.95","44.03","44.33","43.42","43.65"
"2020-07-29","BRN0W.ICE","43.65","43.71","44.26","43.56","44.1"
"2020-07-30","BRN0W.ICE","44.1","44.11","44.21","41.82","43.6"
"2020-07-31","BRN0W.ICE","43.6","43.68","43.78","42.94","43.71"
"2020-08-03","BRN0W.ICE","43.71","43.59","44.45","42.93","43.88"
"2020-08-04","BRN0W.ICE","43.88","43.73","44.79","43.28","44.36"
"2020-08-05","BRN0W.ICE","44.36","44.27","46.18","44.24","45.33"
"2020-08-06","BRN0W.ICE","45.33","45.16","45.68","44.86","45.12"
"2020-08-07","BRN0W.ICE","45.12","45.11","45.29","44.29","44.69"
"2020-08-10","BRN0W.ICE","44.69","44.53","45.26","44.53","44.96"
"2020-08-11","BRN0W.ICE","44.96","45","45.72","44.46","44.54"
"2020-08-12","BRN0W.ICE","44.54","44.53","45.59","44.53","45.32"
"2020-08-13","BRN0W.ICE","45.32","46.15","46.39","45.71","45.89"
"2020-08-14","BRN0W.ICE","45.89","45.61","45.63","44.99","45.49"
"2020-08-17","BRN0W.ICE","45.49","45.46","45.96","45.11","45.85"
"2020-08-18","BRN0W.ICE","45.85","45.84","46.07","45.34","45.59"
"2020-08-19","BRN0W.ICE","45.59","45.77","45.96","45.35","45.69"
"2020-08-20","BRN0W.ICE","45.69","45.66","45.69","44.6","45.42"
"2020-08-21","BRN0W.ICE","45.42","45.58","45.64","44.22","44.75"
"2020-08-24","BRN0W.ICE","44.75","44.99","45.67","44.86","45.54"
"2020-08-25","BRN0W.ICE","45.54","45.63","46.5","45.58","46.5"
"2020-08-26","BRN0W.ICE","46.5","46.41","46.53","46.04","46.29"
"2020-08-27","BRN0W.ICE","46.29","46.17","46.32","45.08","45.65"
"2020-08-28","BRN0W.ICE","45.65","45.6","45.94","45.35","45.94"
"2020-08-31","BRN0W.ICE","45.94","45.86","46.51","45.26","45.57"
"2020-09-01","BRN0W.ICE","45.57","45.59","46.2","45.48","45.77"
"2020-09-02","BRN0W.ICE","45.77","45.86","46.04","44.21","44.39"
"2020-09-03","BRN0W.ICE","44.39","44.51","44.57","43.19","44"
"2020-09-04","BRN0W.ICE","44","43.78","44.54","42.31","42.35"
"2020-09-07","BRN0W.ICE","42.35","42.22","42.41","41.53","42.04"
"2020-09-08","BRN0W.ICE","42.04","42.1","42.22","39.36","39.78"
"2020-09-09","BRN0W.ICE","39.78","39.7","41.18","39.37","40.62"
"2020-09-10","BRN0W.ICE","40.62","41.13","41.5","40.27","40.27"
"2020-09-11","BRN0W.ICE","40.27","40.52","40.94","40","40.49"
"2020-09-14","BRN0W.ICE","40.49","40.36","40.71","39.96","40.39"
"2020-09-15","BRN0W.ICE","40.39","40.34","41.4","40.04","41.3"
"2020-09-16","BRN0W.ICE","41.3","41.33","42.98","41.22","42.89"
"2020-09-17","BRN0W.ICE","42.89","42.85","44.01","42.07","43.77"
"2020-09-18","BRN0W.ICE","43.77","43.72","44.29","43.08","43.68"
"2020-09-21","BRN0W.ICE","43.68","43.51","43.84","41.53","42.22"
"2020-09-22","BRN0W.ICE","42.22","42.36","42.71","41.7","42.28"
"2020-09-23","BRN0W.ICE","42.28","42.11","42.93","41.71","42"
"2020-09-24","BRN0W.ICE","42","42.11","42.93","41.71","41.96"
"2020-09-25","BRN0W.ICE","41.96","42.42","42.78","42.01","42.26"
"2020-09-28","BRN0W.ICE","42.26","42.37","43.02","41.97","42.84"
"2020-09-29","BRN0W.ICE","42.84","42.87","42.96","40.86","41.37"
"2020-09-30","BRN0W.ICE","41.37","41.45","42.46","40.85","42.12"
"2020-10-01","BRN0W.ICE","41.37","42.2","42.56","39.96","40.71"
"2020-10-02","BRN0W.ICE","41.37","40.67","40.77","38.81","38.9"
"2020-10-05","BRN0W.ICE","41.37","39.26","41.76","39.25","41.53"
"2020-10-06","BRN0W.ICE","41.37","41.39","42.84","41.22","41.86"
"2020-10-07","BRN0W.ICE","41.37","41.8","42.41","41.38","42.15"
"2020-10-08","BRN0W.ICE","41.37","42.13","43.47","41.87","43.33"
"2020-10-09","BRN0W.ICE","42.12","43.37","43.56","42.64","42.82"
"2020-10-12","BRN0W.ICE","42.82","42.54","42.62","41.42","41.81"
"2020-10-13","BRN0W.ICE","41.81","41.81","42.67","41.67","42.47"
"2020-10-14","BRN0W.ICE","42.47","42.42","43.45","42.14","43.38"
"2020-10-15","BRN0W.ICE","43.38","43.8","43.81","41.98","43.48"
"2020-10-16","BRN0W.ICE","43.48","43.53","43.54","42.63","43.16"
"2020-10-19","BRN0W.ICE","43.16","43.13","43.55","42.75","42.86"
"2020-10-20","BRN0W.ICE","42.86","42.81","43.64","42.58","43.35"
"2020-10-21","BRN0W.ICE","43.35","43.29","43.38","41.86","42.06"
"2020-10-22","BRN0W.ICE","42.06","41.95","43.09","41.81","42.67"
"2020-10-23","BRN0W.ICE","42.67","42.68","43.09","41.83","41.53"
"2020-10-26","BRN0W.ICE","41.53","41.92","41.92","40.61","40.81"
"2020-10-27","BRN0W.ICE","40.81","40.85","41.86","40.83","41.02"
"2020-10-28","BRN0W.ICE","41.02","41.01","41.09","39.31","39.54"
"2020-10-29","BRN0W.ICE","39.54","39.75","39.96","37.27","38.11"
"2020-10-30","BRN0W.ICE","38.11","39.75","39.96","37.27","37.86"
"2020-11-02","BRN0W.ICE","37.86","37.04","39.34","35.81","39.24"
"2020-11-03","BRN0W.ICE","39.24","39.06","40.42","38.66","40.16"
"2020-11-04","BRN0W.ICE","40.16","40.01","41.32","39.43","41.2"
"2020-11-05","BRN0W.ICE","41.2","40.94","41.51","40.37","40.8"
"2020-11-06","BRN0W.ICE","40.8","40.28","40.64","39.37","40.09"
"2020-11-09","BRN0W.ICE","40.09","39.62","43.44","39.47","42.02"
"2020-11-10","BRN0W.ICE","42.02","41.78","44.05","41.78","44.05"
"2020-11-11","BRN0W.ICE","44.05","43.66","45.3","43.6","43.77"
"2020-11-12","BRN0W.ICE","43.77","44.11","44.71","43.5","43.5"
"2020-11-13","BRN0W.ICE","43.5","43.36","43.54","42.8","42.8"
"2020-11-16","BRN0W.ICE","42.8","43.01","44.78","42.9","44.02"
"2020-11-17","BRN0W.ICE","44.02","44.11","44.42","43.28","43.99"
"2020-11-18","BRN0W.ICE","43.99","43.84","45.04","43.69","44.31"
"2020-11-19","BRN0W.ICE","44.31","44.13","44.69","43.97","44.32"
"2020-11-20","BRN0W.ICE","44.32","44.21","45.31","44.21","45.31"
"2020-11-23","BRN0W.ICE","45.31","45.2","46.1","45.03","45.81"
"2020-11-24","BRN0W.ICE","45.81","45.97","48","45.93","47.84"
"2020-11-25","BRN0W.ICE","47.84","47.75","48.91","47.64","48.73"
"2020-11-26","BRN0W.ICE","48.73","48.71","48.99","47.53","47.77"
"2020-11-27","BRN0W.ICE","47.77","47.87","48.46","47.36","48.3"
"2020-11-30","BRN0W.ICE","48.3","47.97","48.24","47.08","47.76"
"2020-12-01","BRN0W.ICE","47.76","47.82","48.29","46.98","47.25"
"2020-12-02","BRN0W.ICE","47.25","47.1","48.73","46.82","47.97"
"2020-12-03","BRN0W.ICE","47.97","47.97","48.91","47.69","48.82"
"2020-12-04","BRN0W.ICE","48.82","48.87","49.87","48.87","49.03"
"2020-12-07","BRN0W.ICE","49.03","49.23","49.41","48.42","48.66"
"2020-12-08","BRN0W.ICE","48.66","48.67","49","48.14","48.85"
"2020-12-09","BRN0W.ICE","48.85","48.79","49.53","48.48","48.98"
"2020-12-10","BRN0W.ICE","48.98","49.03","51.04","48.88","50.43"
"2020-12-11","BRN0W.ICE","50.43","50.53","50.74","49.83","50.07"
"2020-12-14","BRN0W.ICE","50.07","49.97","50.69","49.17","50.31"
"2020-12-15","BRN0W.ICE","50.31","50.26","50.81","49.81","50.64"
"2020-12-16","BRN0W.ICE","50.64","50.61","51.16","50.36","51.12"
"2020-12-17","BRN0W.ICE","51.12","51.19","51.83","51.1","51.56"
"2020-12-18","BRN0W.ICE","51.56","51.5","52.41","51.22","52.28"
"2020-12-21","BRN0W.ICE","52.28","51.89","51.89","49.31","50.86"
"2020-12-22","BRN0W.ICE","50.86","50.73","50.91","49.62","49.91"
"2020-12-23","BRN0W.ICE","49.91","49.55","51.58","49.29","51.15"
"2020-12-24","BRN0W.ICE","51.15","51.15","51.75","50.71","51.37"
"2020-12-28","BRN0W.ICE","51.37","51.03","52.04","50.61","50.95"
"2020-12-29","BRN0W.ICE","50.95","51.16","51.69","50.96","51.29"
"2020-12-30","BRN0W.ICE","51.29","51.44","51.88","50.98","51.46"
"2020-12-31","BRN0W.ICE","51.46","51.49","51.81","50.92","51.72"
"2021-01-04","BRN0W.ICE","51.72","51.42","53.27","50.58","50.67"
"2021-01-05","BRN0W.ICE","50.67","50.93","53.84","50.72","53.57"
"2021-01-06","BRN0W.ICE","53.57","53.67","54.68","53.12","54.15"
"2021-01-07","BRN0W.ICE","54.15","54.25","54.89","53.95","54.52"
"2021-01-08","BRN0W.ICE","54.52","54.5","56.36","54.4","56.36"
"2021-01-11","BRN0W.ICE","56.36","56.29","56.29","55.01","55.62"
"2021-01-12","BRN0W.ICE","55.62","55.7","56.79","55.52","56.78"
"2021-01-13","BRN0W.ICE","56.78","56.87","57.41","55.79","55.91"
"2021-01-14","BRN0W.ICE","55.91","55.89","56.52","55.26","56.46"
"2021-01-15","BRN0W.ICE","56.46","56.46","56.46","54.68","55"
"2021-01-18","BRN0W.ICE","55","54.83","55.19","54.5","54.77"
"2021-01-19","BRN0W.ICE","54.77","55.02","55.99","54.89","55.92"
"2021-01-20","BRN0W.ICE","55.92","55.99","56.48","55.55","55.6"
"2021-01-21","BRN0W.ICE","55.6","55.8","56.11","55.41","56.06"
"2021-01-22","BRN0W.ICE","56.06","55.86","55.86","54.41","55.05"
"2021-01-25","BRN0W.ICE","55.05","55.09","55.82","54.92","55.72"
"2021-01-26","BRN0W.ICE","55.72","55.67","56.07","55.19","55.87"
"2021-01-27","BRN0W.ICE","55.87","55.78","56.14","54.95","55.3"
"2021-01-28","BRN0W.ICE","55.3","55.12","56.19","54.91","55.03"
"2021-01-29","BRN0W.ICE","55.03","55.13","55.99","54.92","54.91"
"2021-02-01","BRN0W.ICE","54.91","54.81","56.49","54.6","56.21"
"2021-02-02","BRN0W.ICE","56.21","56.35","57.99","56.35","57.82"
"2021-02-03","BRN0W.ICE","57.82","57.8","58.89","57.51","58.67"
"2021-02-04","BRN0W.ICE","58.67","58.52","59.11","58.06","59.11"
"2021-02-05","BRN0W.ICE","59.11","59.16","59.77","59.08","59.62"
"2021-02-08","BRN0W.ICE","59.62","59.59","60.7","59.59","60.66"
"2021-02-09","BRN0W.ICE","60.66","60.86","61.32","60.07","61.29"
"2021-02-10","BRN0W.ICE","61.29","61.2","61.66","60.87","61.1"
"2021-02-11","BRN0W.ICE","61.29","60.65","61.1","60.33","60.45"
"2021-02-12","BRN0W.ICE","61.29","60.37","62.26","59.93","62.11"
"2021-02-15","BRN0W.ICE","61.29","62.7","63.16","62.4","62.73"
"2021-02-16","BRN0W.ICE","61.29","62.75","63.08","62.15","62.96"
"2021-02-17","BRN0W.ICE","61.29","62.53","64.11","62.17","64.03"
"2021-02-18","BRN0W.ICE","61.1","64.24","64.63","62.47","62.75"
"2021-02-19","BRN0W.ICE","62.75","62.39","63.1","61.41","62.04"
"2021-02-22","BRN0W.ICE","62.04","62.19","64.97","62.19","64.94"
"2021-02-23","BRN0W.ICE","64.94","64.56","65.78","63.63","64.22"
"2021-02-24","BRN0W.ICE","64.22","64.12","66.47","63.93","66.45"
"2021-02-25","BRN0W.ICE","66.45","66.41","66.8","65.67","66.05"
"2021-02-26","BRN0W.ICE","66.05","65.9","65.99","64.25","64.63"
"2021-03-01","BRN0W.ICE","64.63","64.95","65.9","63.2","63.31"
"2021-03-02","BRN0W.ICE","63.31","63.1","64.1","62.38","62.62"
"2021-03-03","BRN0W.ICE","62.62","62.38","64.7","62.38","63.99"
"2021-03-04","BRN0W.ICE","63.99","64.1","67.75","63.33","67.26"
"2021-03-05","BRN0W.ICE","67.26","67.16","69.69","66.67","69.69"
"2021-03-08","BRN0W.ICE","69.69","69.97","71.38","67.8","68.12"
"2021-03-09","BRN0W.ICE","68.12","68.13","69.33","67.12","67.3"
"2021-03-10","BRN0W.ICE","67.3","67.46","68.42","66.5","68.18"
"2021-03-11","BRN0W.ICE","68.18","68.45","69.84","67.99","69.62"
"2021-03-12","BRN0W.ICE","69.62","69.59","69.9","69.03","69.23"
"2021-03-15","BRN0W.ICE","69.23","69.08","70.03","67.82","68.79"
"2021-03-16","BRN0W.ICE","68.79","68.3","68.39","66.88","67.95"
"2021-03-17","BRN0W.ICE","67.95","67.95","68.37","66.58","67.33"
"2021-03-18","BRN0W.ICE","67.33","67.49","67.76","61.25","62.69"
"2021-03-19","BRN0W.ICE","62.69","62.79","64.75","61.98","64.36"
"2021-03-22","BRN0W.ICE","64.36","64.38","64.97","63.3","64.23"
"2021-03-23","BRN0W.ICE","64.23","64.29","64.29","60.33","60.44"
"2021-03-24","BRN0W.ICE","60.44","60.55","64.39","60.54","64.1"
"2021-03-25","BRN0W.ICE","64.1","63.75","64.03","60.85","61.7"
"2021-03-26","BRN0W.ICE","61.7","61.7","64.75","61.7","64.22"
"2021-03-29","BRN0W.ICE","64.22","64.43","65.34","63.01","65.19"
"2021-03-30","BRN0W.ICE","65.19","65.39","65.39","63.5","64.02"
"2021-03-31","BRN0W.ICE","64.02","63.95","64.83","62.53","63.07"
"2021-04-01","BRN0W.ICE","63.07","63.12","65.17","62.38","64.65"
"2021-04-05","BRN0W.ICE","64.65","64.57","64.81","61.25","62.3"
"2021-04-06","BRN0W.ICE","64.65","62.32","64.28","62.08","62.65"
"2021-04-07","BRN0W.ICE","62.65","62.6","63.55","61.6","62.9"
"2021-04-08","BRN0W.ICE","62.9","63.02","63.43","62.38","63.37"
"2021-04-09","BRN0W.ICE","63.37","63.28","63.49","62.57","63.05"
"2021-04-12","BRN0W.ICE","63.05","63.03","64.31","62.41","63.2"
"2021-04-13","BRN0W.ICE","63.2","63.24","64.19","63.18","63.96"
"2021-04-14","BRN0W.ICE","63.96","64.01","66.9","63.88","66.28"
"2021-04-15","BRN0W.ICE","66.28","66.38","67.03","65.95","66.84"
"2021-04-16","BRN0W.ICE","66.84","66.86","67.38","66.44","66.72"
"2021-04-19","BRN0W.ICE","66.72","66.29","66.72","65.71","66.58"
"2021-04-20","BRN0W.ICE","66.58","66.6","67.41","64.91","65.66"
"2021-04-21","BRN0W.ICE","65.66","65.58","65.86","64.31","64.35"
"2021-04-22","BRN0W.ICE","64.35","64.48","65.21","63.98","65.1"
"2021-04-23","BRN0W.ICE","65.1","65.06","65.63","64.49","65.41"
"2021-04-26","BRN0W.ICE","65.41","65.37","65.57","63.93","65.17"
"2021-04-27","BRN0W.ICE","65.17","65.3","66.22","65.08","66.09"
"2021-04-28","BRN0W.ICE","66.09","66.05","67.37","65.54","66.52"
"2021-04-29","BRN0W.ICE","66.52","66.67","68.44","66.64","68.02"
"2021-04-30","BRN0W.ICE","68.02","67.9","67.97","66.25","66.44"
"2021-05-03","BRN0W.ICE","68.02","66.7","67.82","66.1","67.66"
"2021-05-04","BRN0W.ICE","68.02","67.75","69.5","67.37","69.49"
"2021-05-05","BRN0W.ICE","68.02","69.35","69.95","68.35","68.55"
"2021-05-06","BRN0W.ICE","66.44","68.47","69.37","67.93","68.28"
"2021-05-07","BRN0W.ICE","68.28","68.26","68.65","67.39","68.27"
"2021-05-10","BRN0W.ICE","68.27","68.74","69.2","67.41","68.22"
"2021-05-11","BRN0W.ICE","68.22","68.29","68.75","67.13","68.65"
"2021-05-12","BRN0W.ICE","68.65","68.78","69.9","68.18","69"
"2021-05-13","BRN0W.ICE","69","68.88","69.04","66.48","67.05"
"2021-05-14","BRN0W.ICE","67.05","67","68.89","66.5","68.83"
"2021-05-17","BRN0W.ICE","68.83","68.92","69.62","68.18","69.6"
"2021-05-18","BRN0W.ICE","69.6","69.61","70.24","67.28","68.59"
"2021-05-19","BRN0W.ICE","68.59","68.23","68.25","65.21","66.56"
"2021-05-20","BRN0W.ICE","66.56","66.46","67.02","64.76","64.99"
"2021-05-21","BRN0W.ICE","64.99","65.09","66.84","64.5","66.66"
"2021-05-24","BRN0W.ICE","66.66","66.66","68.55","66.39","68.37"
"2021-05-25","BRN0W.ICE","68.37","68.48","68.78","67.75","68.45"
"2021-05-26","BRN0W.ICE","68.45","68.39","68.95","67.88","68.69"
"2021-05-27","BRN0W.ICE","68.69","68.66","69.26","67.96","69.21"
"2021-05-28","BRN0W.ICE","69.21","69.47","69.74","68.57","69.02"
"2021-05-31","BRN0W.ICE","69.02","68.98","69.82","68.75","69.46"
"2021-06-01","BRN0W.ICE","69.46","69.39","71.34","69.29","70.63"
"2021-06-02","BRN0W.ICE","70.63","70.55","71.48","70.35","71.2"
"2021-06-03","BRN0W.ICE","71.2","71.27","71.99","70.66","71.39"
"2021-06-04","BRN0W.ICE","71.39","71.25","72.17","70.73","71.82"
"2021-06-07","BRN0W.ICE","71.82","71.82","72.27","71.1","71.5"
"2021-06-08","BRN0W.ICE","71.5","71.42","72.42","70.71","72.05"
"2021-06-09","BRN0W.ICE","72.05","72.17","72.87","71.82","72.02"
"2021-06-10","BRN0W.ICE","72.02","72.03","72.93","70.95","72.4"
"2021-06-11","BRN0W.ICE","72.4","72.41","73.09","71.88","72.62"
"2021-06-14","BRN0W.ICE","72.4","72.7","73.64","72.59","73.07"
"2021-06-15","BRN0W.ICE","72.62","72.39","73.6","72.19","73.55"
"2021-06-16","BRN0W.ICE","73.55","73.53","74.14","73.06","73.06"
"2021-06-17","BRN0W.ICE","73.06","72.99","73.67","71.24","72.22"
"2021-06-18","BRN0W.ICE","72.22","72.11","72.95","71.42","72.4"
"2021-06-21","BRN0W.ICE","72.4","72.55","74.11","72.17","74"
"2021-06-22","BRN0W.ICE","74","74","74.43","73.52","74.02"
"2021-06-23","BRN0W.ICE","74.02","74.03","75.26","73.99","74.71"
"2021-06-24","BRN0W.ICE","74.71","74.59","75.04","73.82","74.85"
"2021-06-25","BRN0W.ICE","74.85","74.83","75.41","74.17","75.31"
"2021-06-28","BRN0W.ICE","75.31","75.41","75.77","73.93","74.01"
"2021-06-29","BRN0W.ICE","74.01","74.08","74.99","73.36","74.67"
"2021-06-30","BRN0W.ICE","74.67","74.6","75.35","73.93","74.67"
"2021-07-01","BRN0W.ICE","74.67","74.69","76.74","74.55","75.61"
"2021-07-02","BRN0W.ICE","75.61","75.64","76.43","75.21","75.97"
"2021-07-05","BRN0W.ICE","75.97","76.23","77.26","75.7","77.1"
"2021-07-06","BRN0W.ICE","77.1","77.06","77.84","74.13","74.93"
"2021-07-07","BRN0W.ICE","74.93","74.69","75.99","72.6","73.34"
"2021-07-08","BRN0W.ICE","73.34","73.35","74.4","72.11","74.35"
"2021-07-09","BRN0W.ICE","74.35","74.39","75.8","73.8","75.58"
"2021-07-12","BRN0W.ICE","75.58","75.79","75.84","74.23","75.2"
"2021-07-13","BRN0W.ICE","75.2","75.25","76.6","74.93","76.35"
"2021-07-14","BRN0W.ICE","76.35","76.28","76.72","73.79","74.54"
"2021-07-15","BRN0W.ICE","74.54","74.5","74.59","73.19","73.29"
"2021-07-16","BRN0W.ICE","73.29","73.18","74.09","72.34","73.3"
"2021-07-19","BRN0W.ICE","73.3","72.86","73.34","67.75","68.75"
"2021-07-20","BRN0W.ICE","68.75","68.46","69.13","66.91","68.02"
"2021-07-21","BRN0W.ICE","68.02","68.36","71.75","68.02","71.62"
"2021-07-22","BRN0W.ICE","71.62","71.59","73.28","71.11","73"
"2021-07-23","BRN0W.ICE","73","72.93","73.55","72.69","73.36"
"2021-07-26","BRN0W.ICE","73.36","73.46","73.98","72.08","73.97"
"2021-07-27","BRN0W.ICE","73.97","73.88","74.19","73.08","73.79"
"2021-07-28","BRN0W.ICE","73.79","73.8","74.34","73.52","73.9"
"2021-07-29","BRN0W.ICE","73.9","73.89","75.15","73.7","74.84"
"2021-07-30","BRN0W.ICE","74.84","74.81","75.65","74.39","75.22"
"2021-08-02","BRN0W.ICE","75.22","75.39","75.39","72.31","73.24"
"2021-08-03","BRN0W.ICE","73.24","73.08","73.55","71.05","72.28"
"2021-08-04","BRN0W.ICE","72.28","72.33","72.83","70.11","70.31"
"2021-08-05","BRN0W.ICE","70.31","70.27","71.5","69.75","71.18"
"2021-08-06","BRN0W.ICE","71.18","71.2","72.43","70.28","70.49"
"2021-08-09","BRN0W.ICE","70.49","70.26","70.26","67.6","69.2"
"2021-08-10","BRN0W.ICE","69.2","69.35","71.24","68.94","70.86"
"2021-08-11","BRN0W.ICE","70.86","70.83","71.72","69.07","71.62"
"2021-08-12","BRN0W.ICE","71.62","71.57","71.9","70.67","71.15"
"2021-08-13","BRN0W.ICE","71.15","71.12","71.38","70","70.25"
"2021-08-16","BRN0W.ICE","70.25","69.67","70.02","67.8","69.07"
"2021-08-17","BRN0W.ICE","69.07","69.41","69.59","68.41","68.7"
"2021-08-18","BRN0W.ICE","68.7","68.51","69.55","66.79","67.06"
"2021-08-19","BRN0W.ICE","67.06","67.12","67.21","65.13","66.14"
"2021-08-20","BRN0W.ICE","66.14","66.08","66.48","64.51","64.57"
"2021-08-23","BRN0W.ICE","64.57","64.53","68.47","64.2","68.37"
"2021-08-24","BRN0W.ICE","68.37","68.25","70.59","68.13","70.47"
"2021-08-25","BRN0W.ICE","70.47","70.28","71.43","69.8","70.99"
"2021-08-26","BRN0W.ICE","70.99","70.99","71.13","69.77","70.52"
"2021-08-27","BRN0W.ICE","70.52","70.61","71.75","70.23","71.67"
"2021-08-30","BRN0W.ICE","71.67","71.98","72.69","71.02","72.11"
"2021-08-31","BRN0W.ICE","72.11","72.16","72.36","71.37","71.7"
"2021-09-01","BRN0W.ICE","71.7","71.68","72.38","70.42","71.31"
"2021-09-02","BRN0W.ICE","71.31","71.31","73.47","70.92","72.84"
"2021-09-03","BRN0W.ICE","72.84","72.86","73.69","72.4","72.48"
"2021-09-06","BRN0W.ICE","72.48","72.57","72.78","71.51","72.1"
"2021-09-07","BRN0W.ICE","72.1","72.29","72.81","71.1","71.53"
"2021-09-08","BRN0W.ICE","71.53","71.64","72.95","71.55","72.66"
"2021-09-09","BRN0W.ICE","72.66","72.61","73.2","70.88","71.37"
"2021-09-10","BRN0W.ICE","71.37","71.37","73.15","70.94","72.95"
"2021-09-13","BRN0W.ICE","72.95","72.88","73.92","72.69","73.67"
"2021-09-14","BRN0W.ICE","73.67","73.62","74.28","73.08","73.91"
"2021-09-15","BRN0W.ICE","73.91","73.27","75.42","73.13","74.81"
"2021-09-16","BRN0W.ICE","74.81","74.7","75.18","73.84","74.9"
"2021-09-17","BRN0W.ICE","74.9","74.93","75.08","73.92","74.64"
"2021-09-20","BRN0W.ICE","74.9","74.63","74.63","72.67","73.39"
"2021-09-21","BRN0W.ICE","74.9","73.55","74.36","72.51","73.84"
"2021-09-22","BRN0W.ICE","74.64","73.75","75.47","73.69","75.07"
"2021-09-23","BRN0W.ICE","75.07","75.05","76.53","74.81","76.47"
"2021-09-24","BRN0W.ICE","76.47","76.46","77.4","76.07","77.2"
"2021-09-27","BRN0W.ICE","77.2","77.61","79.05","77.35","78.63"
"2021-09-28","BRN0W.ICE","78.63","78.61","79.95","77.35","77.43"
"2021-09-29","BRN0W.ICE","77.43","77.51","78.73","76.77","77.9"
"2021-09-30","BRN0W.ICE","77.9","77.82","79.3","76.51","78.36"
"2021-10-01","BRN0W.ICE","77.9","78.49","79.41","77.55","79.24"
"2021-10-04","BRN0W.ICE","77.9","79.49","82","78.75","81.27"
"2021-10-05","BRN0W.ICE","77.9","81.27","83.13","81.19","82.56"
"2021-10-06","BRN0W.ICE","77.9","82.57","83.47","80.6","80.83"
"2021-10-07","BRN0W.ICE","77.9","80.98","82.5","79.08","82.48"
"2021-10-08","BRN0W.ICE","78.36","82.38","83.43","81.96","82.58"
"2021-10-11","BRN0W.ICE","82.58","82.65","84.6","82.54","83.69"
"2021-10-12","BRN0W.ICE","83.69","83.49","84.23","82.72","83.38"
"2021-10-13","BRN0W.ICE","83.38","83.1","83.69","82.2","83.37"
"2021-10-14","BRN0W.ICE","83.37","83.45","84.5","83.18","84.07"
"2021-10-15","BRN0W.ICE","84.07","84.3","85.1","84.16","84.92"
"2021-10-18","BRN0W.ICE","84.92","84.95","86.04","83.95","84.15"
"2021-10-19","BRN0W.ICE","84.15","84.21","85.4","83.7","85.15"
"2021-10-20","BRN0W.ICE","85.15","84.41","85.22","82.94","85.22"
"2021-10-21","BRN0W.ICE","85.22","85.21","85.43","82.66","84.12"
"2021-10-22","BRN0W.ICE","84.12","83.95","85.02","83.15","84.81"
"2021-10-25","BRN0W.ICE","84.81","84.76","85.77","84.51","85.17"
"2021-10-26","BRN0W.ICE","85.17","85.21","85.74","84.56","85.42"
"2021-10-27","BRN0W.ICE","85.42","85.31","85.56","83.35","83.5"
"2021-10-28","BRN0W.ICE","83.5","83.51","83.98","81.61","83.9"
"2021-10-29","BRN0W.ICE","83.9","83.67","84.26","82.57","83.53"
"2021-11-01","BRN0W.ICE","83.53","83.63","85.12","83.03","84.55"
"2021-11-02","BRN0W.ICE","84.55","84.45","85.23","83.76","84.09"
"2021-11-03","BRN0W.ICE","84.09","84.07","84.2","81.1","81.38"
"2021-11-04","BRN0W.ICE","81.38","81.58","84.49","80.2","80.95"
"2021-11-05","BRN0W.ICE","80.95","81.25","83.16","80.26","82.55"
"2021-11-08","BRN0W.ICE","82.55","82.58","84","82.53","83.68"
"2021-11-09","BRN0W.ICE","83.68","83.47","85.3","83.16","85.2"
"2021-11-10","BRN0W.ICE","85.2","84.99","85.5","82.08","82.72"
"2021-11-11","BRN0W.ICE","82.72","82.85","83.44","81.66","82.64"
"2021-11-12","BRN0W.ICE","82.64","82.83","82.87","81.26","81.95"
"2021-11-15","BRN0W.ICE","81.95","81.92","82.49","80.67","82.17"
"2021-11-16","BRN0W.ICE","82.17","80.99","82.12","80.57","81.21"
"2021-11-17","BRN0W.ICE","81.21","81.07","81.23","78.91","79.28"
"2021-11-18","BRN0W.ICE","79.28","79.14","80.52","78.37","80.18"
"2021-11-19","BRN0W.ICE","80.18","80.12","81.38","77.31","78.08"
"2021-11-22","BRN0W.ICE","78.08","77.84","79.33","76.82","78.9"
"2021-11-23","BRN0W.ICE","78.9","78.83","81.61","77.85","81.17"
"2021-11-24","BRN0W.ICE","81.17","80.92","81.88","80.64","81"
"2021-11-25","BRN0W.ICE","81","81.06","81.4","80.52","80.98"
"2021-11-26","BRN0W.ICE","80.98","80.37","80.42","70.99","71.8"
"2021-11-29","BRN0W.ICE","71.8","72.65","75.94","72.15","73.26"
"2021-11-30","BRN0W.ICE","73.26","73.99","74.35","67.45","70.22"
"2021-12-01","BRN0W.ICE","70.22","69.8","72.87","68.14","68.94"
"2021-12-02","BRN0W.ICE","68.94","69.72","70.7","65.72","70.47"
"2021-12-03","BRN0W.ICE","70.47","70.22","72.62","69.24","70.14"
"2021-12-06","BRN0W.ICE","70.14","70.24","73.8","70.24","73.6"
"2021-12-07","BRN0W.ICE","73.6","73.6","76.27","73.2","75.33"
"2021-12-08","BRN0W.ICE","75.33","75.44","76.37","74.38","75.93"
"2021-12-09","BRN0W.ICE","75.93","75.94","76.7","73.84","74.01"
"2021-12-10","BRN0W.ICE","74.01","73.99","75.71","73.8","75.27"
"2021-12-13","BRN0W.ICE","75.27","75.37","76.39","74.2","74.32"
"2021-12-14","BRN0W.ICE","74.32","74.34","75.01","72.56","73.18"
"2021-12-15","BRN0W.ICE","73.18","73.18","74.46","72.45","74.26"
"2021-12-16","BRN0W.ICE","74.26","74.36","75.47","73.89","74.53"
"2021-12-17","BRN0W.ICE","74.53","74.41","74.86","72.67","72.85"
"2021-12-20","BRN0W.ICE","72.85","72.74","72.86","69.31","72.2"
"2021-12-21","BRN0W.ICE","72.2","71.97","74.25","71.3","73.98"
"2021-12-22","BRN0W.ICE","73.98","74","75.63","73.55","75.62"
"2021-12-23","BRN0W.ICE","75.62","75.43","76.8","74.75","76.51"
"2021-12-24","BRN0W.ICE","76.51","76.62","76.62","75.39","75.59"
"2021-12-27","BRN0W.ICE","75.59","76.07","78.68","75.38","78.62"
"2021-12-28","BRN0W.ICE","78.62","78.32","79.48","78.06","78.82"
"2021-12-29","BRN0W.ICE","78.82","78.93","80.03","78.1","79.2"
"2021-12-30","BRN0W.ICE","79.2","79.06","80.02","78.41","79.14"
"2021-12-31","BRN0W.ICE","79.14","78.81","79.68","77.55","77.94"
"2022-01-03","BRN0W.ICE","79.14","78.11","79.28","77.04","78.91"
"2022-01-04","BRN0W.ICE","77.94","78.91","80.55","78.62","80.16"
"2022-01-05","BRN0W.ICE","80.16","80.07","81.5","79.51","80.24"
"2022-01-06","BRN0W.ICE","80.24","80.22","82.83","79.61","81.98"
"2022-01-07","BRN0W.ICE","81.98","82","83","81.42","81.93"
"2022-01-10","BRN0W.ICE","81.93","81.76","82.3","80.5","81"
"2022-01-11","BRN0W.ICE","81","81.08","83.98","80.89","83.75"
"2022-01-12","BRN0W.ICE","83.75","83.78","85.21","83.52","84.84"
"2022-01-13","BRN0W.ICE","84.84","84.87","85.1","83.79","84.11"
"2022-01-14","BRN0W.ICE","84.11","84.12","86.5","83.99","86.47"
"2022-01-17","BRN0W.ICE","86.47","86.15","86.71","85.54","86.53"
"2022-01-18","BRN0W.ICE","86.53","86.47","88.66","86.44","88.57"
"2022-01-19","BRN0W.ICE","88.57","87.92","88.29","86.78","86.88"
"2022-01-20","BRN0W.ICE","86.88","86.92","88.69","86.27","86.67"
"2022-01-21","BRN0W.ICE","86.67","85.99","87.41","84.95","87.07"
"2022-01-24","BRN0W.ICE","87.07","87.07","88.09","84.22","86.32"
"2022-01-25","BRN0W.ICE","86.32","85.99","87.36","85.28","87.1"
"2022-01-26","BRN0W.ICE","87.1","86.98","89.27","86.71","88.53"
"2022-01-27","BRN0W.ICE","88.53","88.5","89.74","87.79","88.88"
"2022-01-28","BRN0W.ICE","88.88","88.81","90.27","88.15","88.88"
"2022-01-31","BRN0W.ICE","88.88","89.2","89.8","88.09","89.31"
"2022-02-01","BRN0W.ICE","88.88","89.62","89.96","87.72","89.29"
"2022-02-02","BRN0W.ICE","88.88","89.48","90.52","88.28","89.34"
"2022-02-03","BRN0W.ICE","88.88","89.07","91.3","88.02","91.07"
"2022-02-04","BRN0W.ICE","88.88","91.3","93.7","91.2","92.52"
"2022-02-07","BRN0W.ICE","88.88","92.75","94","92.13","92.95"
"2022-02-08","BRN0W.ICE","92.95","92.63","92.93","89.93","91.32"
"2022-02-09","BRN0W.ICE","91.32","91.08","92.09","90.05","91.8"
"2022-02-10","BRN0W.ICE","91.8","91.75","93.1","90.88","91.45"
"2022-02-11","BRN0W.ICE","91.45","91.17","95.66","90.51","95.1"
"2022-02-14","BRN0W.ICE","95.1","95.2","96.78","93.44","95.85"
"2022-02-15","BRN0W.ICE","95.85","93.71","94.04","90.09","91.28"
"2022-02-16","BRN0W.ICE","91.28","91.25","93.5","89.11","89.93"
"2022-02-17","BRN0W.ICE","89.93","90.16","92.18","89.93","90.71"
"2022-02-18","BRN0W.ICE","90.71","90.54","91.98","88.25","91.4"
"2022-02-21","BRN0W.ICE","91.4","92.03","94.93","90.41","94.89"
"2022-02-22","BRN0W.ICE","94.89","94.01","96.49","92.93","93.48"
"2022-02-23","BRN0W.ICE","93.48","93.7","95.73","92.81","94.73"
"2022-02-24","BRN0W.ICE","94.73","95.37","102.26","94.12","95.89"
"2022-02-25","BRN0W.ICE","95.89","97.15","98.36","92.75","94.56"
"2022-02-28","BRN0W.ICE","94.56","96.34","101.28","96.34","98.12"
"2022-03-01","BRN0W.ICE","98.12","98.43","107.67","98.3","107.65"
"2022-03-02","BRN0W.ICE","107.65","107.34","115.11","106.83","114.54"
"2022-03-03","BRN0W.ICE","114.54","115.27","119.84","109.4","110.44"
"2022-03-04","BRN0W.ICE","110.44","114.23","118.98","109.62","118.05"
"2022-03-07","BRN0W.ICE","118.05","122.79","139.13","119.04","124.37"
"2022-03-08","BRN0W.ICE","124.37","124.56","133.15","121.31","129.47"
"2022-03-09","BRN0W.ICE","129.47","130.28","131.64","105.6","112.51"
"2022-03-10","BRN0W.ICE","112.51","112.65","118.36","109","109.18"
"2022-03-11","BRN0W.ICE","109.18","106.35","109.93","103.03","108.5"
"2022-03-14","BRN0W.ICE","108.5","109.36","109.38","100.66","102.7"
"2022-03-15","BRN0W.ICE","102.7","102.07","102.44","94.75","96.54"
"2022-03-16","BRN0W.ICE","96.54","96.91","101.18","94.61","95.51"
"2022-03-17","BRN0W.ICE","95.51","96.17","104.41","95.39","103.95"
"2022-03-18","BRN0W.ICE","103.95","103.76","106.46","102.94","105.4"
"2022-03-21","BRN0W.ICE","105.4","105","113.05","104.29","112.46"
"2022-03-22","BRN0W.ICE","112.46","113.89","115.5","109.31","110.93"
"2022-03-23","BRN0W.ICE","110.93","110.93","118.2","110.78","117.66"
"2022-03-24","BRN0W.ICE","117.66","117.7","119.74","113.41","114.6"
"2022-03-25","BRN0W.ICE","114.6","115.22","117.62","111.88","116.83"
"2022-03-28","BRN0W.ICE","116.83","115.79","116.03","106.06","106.6"
"2022-03-29","BRN0W.ICE","106.6","107.21","111.8","102.19","108.56"
"2022-03-30","BRN0W.ICE","108.56","109.6","112.28","107.93","111"
"2022-03-31","BRN0W.ICE","111","110.99","111.16","104.06","105.65"
"2022-04-01","BRN0W.ICE","105.65","105.25","106.24","102.35","104.75"
"2022-04-04","BRN0W.ICE","105.65","104.08","108.68","102.89","107.98"
"2022-04-05","BRN0W.ICE","105.65","108.51","109.9","104.53","105.68"
"2022-04-06","BRN0W.ICE","104.75","105.7","108.67","100.54","101.65"
"2022-04-07","BRN0W.ICE","101.65","101.78","103.59","98.41","101.41"
"2022-04-08","BRN0W.ICE","101.41","101.42","103.3","99.65","102.4"
"2022-04-11","BRN0W.ICE","102.4","103.21","103.3","97.57","99.35"
"2022-04-12","BRN0W.ICE","99.35","99.35","105.6","98.9","104.93"
"2022-04-13","BRN0W.ICE","104.93","104.97","108.31","103.55","108.11"
"2022-04-14","BRN0W.ICE","108.11","107.53","111.41","105.9","109.9"
"2022-04-18","BRN0W.ICE","109.9","111.07","113.61","109.63","111.56"
"2022-04-19","BRN0W.ICE","111.56","111.73","112.87","106.15","107.02"
"2022-04-20","BRN0W.ICE","107.02","107.6","108.43","104.33","106.75"
"2022-04-21","BRN0W.ICE","106.75","106.64","109.37","106.35","108.4"
"2022-04-22","BRN0W.ICE","108.4","107.86","108.4","105.04","105.72"
"2022-04-25","BRN0W.ICE","105.72","105.01","105.37","99.25","102.38"
"2022-04-26","BRN0W.ICE","102.38","102.3","105.81","100.91","104.87"
"2022-04-27","BRN0W.ICE","104.87","105.06","105.98","103","104.94"
"2022-04-28","BRN0W.ICE","104.94","104.77","107.71","102.9","107.12"
"2022-04-29","BRN0W.ICE","107.12","107.07","110","106.08","106.08"
"2022-05-02","BRN0W.ICE","107.12","106.3","108.46","103.1","107.64"
"2022-05-03","BRN0W.ICE","107.12","107.61","108.32","104.62","105.94"
"2022-05-04","BRN0W.ICE","107.12","105.91","111","105.46","110.22"
"2022-05-05","BRN0W.ICE","106.08","110.55","114","109.2","111.06"
"2022-05-06","BRN0W.ICE","111.06","111.27","113.5","109.87","113.22"
"2022-05-09","BRN0W.ICE","113.22","112.94","113.2","105","105.25"
"2022-05-10","BRN0W.ICE","105.25","105.5","106.96","101.54","101.6"
"2022-05-11","BRN0W.ICE","101.6","101.51","108.29","101.3","107.51"
"2022-05-12","BRN0W.ICE","107.51","107.67","108.71","104.69","107.92"
"2022-05-13","BRN0W.ICE","107.92","108.25","111.69","107.79","111.22"
"2022-05-16","BRN0W.ICE","111.22","111.67","114.79","108.84","114.03"
"2022-05-17","BRN0W.ICE","114.03","112.12","113.43","109.12","110.65"
"2022-05-18","BRN0W.ICE","110.65","110.81","111.89","106.2","107.15"
"2022-05-19","BRN0W.ICE","107.15","106.09","110.05","103.84","108.95"
"2022-05-20","BRN0W.ICE","108.95","109.25","110.73","108.28","110.34"
"2022-05-23","BRN0W.ICE","110.34","110.29","111.59","109.3","110.82"
"2022-05-24","BRN0W.ICE","110.82","110.42","111.91","109.08","111"
"2022-05-25","BRN0W.ICE","111","111.35","112.38","110.18","111.51"
"2022-05-26","BRN0W.ICE","111.51","111.44","114.77","110.88","114.46"
"2022-05-27","BRN0W.ICE","114.46","114.37","115.8","113.12","115.32"
"2022-05-30","BRN0W.ICE","115.32","115.47","117.94","115.32","117.7"
"2022-05-31","BRN0W.ICE","117.7","118.2","120.8","115.15","116.27"
"2022-06-01","BRN0W.ICE","116.27","116.08","118.57","115.4","115.9"
"2022-06-02","BRN0W.ICE","115.9","115.02","118.46","112.45","118.29"
"2022-06-03","BRN0W.ICE","115.9","118.22","121.45","116.02","121.08"
"2022-06-06","BRN0W.ICE","118.29","121.55","121.95","118.77","119.99"
"2022-06-07","BRN0W.ICE","119.99","119.94","121.37","118.55","121"
"2022-06-08","BRN0W.ICE","121","120.65","124.4","120.45","123.94"
"2022-06-09","BRN0W.ICE","123.94","123.6","124.34","122.5","122.93"
"2022-06-10","BRN0W.ICE","122.93","122.89","124.33","119.81","121.93"
"2022-06-13","BRN0W.ICE","121.93","121.94","123.7","118.93","122.36"
"2022-06-14","BRN0W.ICE","122.36","118.72","121.66","115.71","117.65"
"2022-06-15","BRN0W.ICE","117.65","117.39","118.46","114.71","115.87"
"2022-06-16","BRN0W.ICE","115.87","116.5","117.43","112.91","116.17"
"2022-06-17","BRN0W.ICE","116.17","116.14","118.12","109.09","110.88"
"2022-06-20","BRN0W.ICE","110.88","111.1","111.7","109.02","111.45"
"2022-06-21","BRN0W.ICE","111.45","111.27","113.37","111.18","111.88"
"2022-06-22","BRN0W.ICE","111.88","111.56","111.57","104.35","106.98"
"2022-06-23","BRN0W.ICE","106.98","106.33","109.28","105.03","106.2"
"2022-06-24","BRN0W.ICE","106.2","106.4","110.14","105.67","108.99"
"2022-06-27","BRN0W.ICE","108.99","109","111.89","107.15","111.21"
"2022-06-28","BRN0W.ICE","111.21","111.57","114.1","111.48","114"
"2022-06-29","BRN0W.ICE","114","113.93","116.24","111.74","112.3"
"2022-06-30","BRN0W.ICE","112.3","112.45","113.25","108.19","109.2"
"2022-07-01","BRN0W.ICE","109.2","109.49","112.45","108.03","111.48"
"2022-07-04","BRN0W.ICE","111.48","111.65","114","110.4","113.83"
"2022-07-05","BRN0W.ICE","113.83","113.54","114.75","101.1","104.8"
"2022-07-06","BRN0W.ICE","104.8","104.88","105.85","98.5","99.8"
"2022-07-07","BRN0W.ICE","99.8","100.14","106.35","98.5","104.1"
"2022-07-08","BRN0W.ICE","104.1","104.65","107.47","103.67","107.15"
"2022-07-11","BRN0W.ICE","107.15","107","107.7","103.64","106.41"
"2022-07-12","BRN0W.ICE","106.41","106.25","106.56","98.9","99.22"
"2022-07-13","BRN0W.ICE","99.22","98.5","101.21","98.28","99.85"
"2022-07-14","BRN0W.ICE","99.85","99.43","100.39","94.5","99.71"
"2022-07-15","BRN0W.ICE","99.71","96.1","98.58","94.37","97.04"
"2022-07-18","BRN0W.ICE","97.04","96.86","102.09","95.49","101.3"
"2022-07-19","BRN0W.ICE","101.3","101.26","103.17","99.33","102.9"
"2022-07-20","BRN0W.ICE","102.9","102.62","102.99","100.77","101.95"
"2022-07-21","BRN0W.ICE","101.95","101.88","102.25","97.29","99.3"
"2022-07-22","BRN0W.ICE","99.3","99.24","101.02","97.5","98.75"
"2022-07-25","BRN0W.ICE","98.75","98.99","100.41","96.7","99.96"
"2022-07-26","BRN0W.ICE","99.96","99.75","102.39","99.05","99.72"
"2022-07-27","BRN0W.ICE","99.72","99.83","102.88","98.85","102.33"
"2022-07-28","BRN0W.ICE","102.33","102.35","104.2","100.97","102.4"
"2022-07-29","BRN0W.ICE","102.4","102.69","106.5","101.64","104"
"2022-08-01","BRN0W.ICE","104","103.92","104.43","99.09","99.93"
"2022-08-02","BRN0W.ICE","99.93","99.87","102.41","98.49","99.92"
"2022-08-03","BRN0W.ICE","99.92","99.73","102.41","96.5","97.1"
"2022-08-04","BRN0W.ICE","97.1","97.1","97.66","93.2","93.6"
"2022-08-05","BRN0W.ICE","93.6","93.65","96.4","92.78","94.66"
"2022-08-08","BRN0W.ICE","94.66","94.51","96.82","93.01","96.52"
"2022-08-09","BRN0W.ICE","96.52","96.36","98.4","94.9","96.53"
"2022-08-10","BRN0W.ICE","96.53","96.34","97.97","93.63","97.06"
"2022-08-11","BRN0W.ICE","97.06","97.04","100.17","96.63","99.39"
"2022-08-12","BRN0W.ICE","99.39","99.33","100.38","96.94","98.12"
"2022-08-15","BRN0W.ICE","98.12","96.67","96.87","91.85","92.86"
"2022-08-16","BRN0W.ICE","92.86","93.13","95.16","91.1","92.13"
"2022-08-17","BRN0W.ICE","92.13","91.97","93.83","90.95","92.47"
"2022-08-18","BRN0W.ICE","92.47","92.68","96.53","92.49","95.77"
"2022-08-19","BRN0W.ICE","95.77","95.93","97.11","93.6","95.35"
"2022-08-22","BRN0W.ICE","95.35","95.36","96.66","92","96.07"
"2022-08-23","BRN0W.ICE","96.07","96","99.41","95.81","99.13"
"2022-08-24","BRN0W.ICE","99.13","99.3","100.89","98.27","100.79"
"2022-08-25","BRN0W.ICE","100.79","100.79","101.53","98.23","98.95"
"2022-08-26","BRN0W.ICE","98.95","98.95","100.1","96.96","98.9"
"2022-08-29","BRN0W.ICE","98.9","98.96","103.22","98.25","102.95"
"2022-08-30","BRN0W.ICE","102.95","102.88","103.48","96.63","98.47"
"2022-08-31","BRN0W.ICE","98.47","98.33","99","94.4","94.96"
"2022-09-01","BRN0W.ICE","94.96","95.18","95.68","91.81","92.17"
"2022-09-02","BRN0W.ICE","92.17","92.66","95.32","92.65","93.28"
"2022-09-05","BRN0W.ICE","93.28","93.02","96.99","93.02","95.23"
"2022-09-06","BRN0W.ICE","95.23","95.19","95.94","92.3","92.85"
"2022-09-07","BRN0W.ICE","92.85","92.81","93.8","87.4","87.71"
"2022-09-08","BRN0W.ICE","87.71","87.7","89.83","87.24","88.61"
"2022-09-09","BRN0W.ICE","88.61","88.62","93.12","88.6","92.29"
"2022-09-12","BRN0W.ICE","88.61","92.54","95.17","91.21","94.26"
"2022-09-13","BRN0W.ICE","92.29","93.19","94.36","90.16","92.53"
"2022-09-14","BRN0W.ICE","92.53","92.47","94.66","91.07","93.67"
"2022-09-15","BRN0W.ICE","93.67","93.68","93.68","89.07","89.66"
"2022-09-16","BRN0W.ICE","89.66","89.32","91.28","89.02","90.21"
"2022-09-19","BRN0W.ICE","90.21","90","91.17","87.2","90.4"
"2022-09-20","BRN0W.ICE","90.4","90.85","91.57","88.56","89.73"
"2022-09-21","BRN0W.ICE","89.73","89.57","92.23","88.31","88.96"
"2022-09-22","BRN0W.ICE","88.96","88.83","91.74","88.28","89.36"
"2022-09-23","BRN0W.ICE","89.36","89.57","89.88","84.55","85.54"
"2022-09-26","BRN0W.ICE","85.54","85.54","86.45","82.44","82.72"
"2022-09-27","BRN0W.ICE","82.72","82.84","85.84","82.81","84.43"
"2022-09-28","BRN0W.ICE","84.43","84.83","88.22","82.94","87.93"
"2022-09-29","BRN0W.ICE","87.93","87.62","88.74","86.15","87.46"
"2022-09-30","BRN0W.ICE","87.46","87.55","88.64","85","85.57"
"2022-10-03","BRN0W.ICE","87.46","86.35","89.82","86.35","88.73"
"2022-10-04","BRN0W.ICE","87.46","88.81","92.4","88.78","91.76"
"2022-10-05","BRN0W.ICE","87.46","91.89","93.96","90.76","93.79"
"2022-10-06","BRN0W.ICE","87.46","93.71","94.98","92.72","94.92"
"2022-10-07","BRN0W.ICE","87.46","94.71","98.58","93.94","98.45"
"2022-10-10","BRN0W.ICE","85.57","98.75","98.75","95.6","96.07"
"2022-10-11","BRN0W.ICE","96.07","95.93","96.46","93.11","93.81"
"2022-10-12","BRN0W.ICE","93.81","93.72","95.17","91.56","92.41"
"2022-10-13","BRN0W.ICE","92.41","92.49","94.92","91.08","94.69"
"2022-10-14","BRN0W.ICE","94.69","94.53","95.11","91.28","91.43"
"2022-10-17","BRN0W.ICE","91.43","91.71","93.21","90.83","91.98"
"2022-10-18","BRN0W.ICE","91.98","90.53","91.22","87.52","89.1"
"2022-10-19","BRN0W.ICE","89.1","89.31","90.95","87.9","90.73"
"2022-10-20","BRN0W.ICE","90.73","90.47","92.66","90.01","90.79"
"2022-10-21","BRN0W.ICE","90.79","90.48","91.72","89.17","91.26"
"2022-10-24","BRN0W.ICE","91.26","91.23","92.3","89.01","91.49"
"2022-10-25","BRN0W.ICE","91.49","91.4","92.48","89.75","91.36"
"2022-10-26","BRN0W.ICE","91.36","91.12","94.3","90.39","94.16"
"2022-10-27","BRN0W.ICE","94.16","94.15","95.3","93.18","94.73"
"2022-10-28","BRN0W.ICE","94.73","94.61","94.9","93.02","94.13"
"2022-10-31","BRN0W.ICE","94.13","94.43","94.48","91.46","92.85"
"2022-11-01","BRN0W.ICE","92.85","92.67","95.55","92.33","94.77"
"2022-11-02","BRN0W.ICE","94.77","94.85","96.5","94.01","95.52"
"2022-11-03","BRN0W.ICE","95.52","95.36","95.98","94.19","94.56"
"2022-11-04","BRN0W.ICE","94.56","94.58","98.81","94.33","98.72"
"2022-11-07","BRN0W.ICE","98.72","97.31","99.56","96.5","97.93"
"2022-11-08","BRN0W.ICE","97.93","98.24","98.3","95","95.05"
"2022-11-09","BRN0W.ICE","95.05","95.17","95.65","92.33","92.47"
"2022-11-10","BRN0W.ICE","92.47","92.53","94.32","91.73","93.34"
"2022-11-11","BRN0W.ICE","93.34","93.84","96.92","93.69","95.76"
"2022-11-14","BRN0W.ICE","95.76","95.87","96.95","92.5","92.5"
"2022-11-15","BRN0W.ICE","92.5","91.32","94.56","90.48","92.63"
"2022-11-16","BRN0W.ICE","92.63","92.82","93.55","90.6","91.45"
"2022-11-17","BRN0W.ICE","91.45","91.54","91.63","88.45","89.2"
"2022-11-18","BRN0W.ICE","89.2","89.2","89.76","85.33","87.32"
"2022-11-21","BRN0W.ICE","87.32","87.33","87.57","82.3","87.41"
"2022-11-22","BRN0W.ICE","87.41","87.37","89.15","86.97","87.65"
"2022-11-23","BRN0W.ICE","87.65","87.81","88.76","83.91","84.45"
"2022-11-24","BRN0W.ICE","84.45","84.85","85.34","84","85.09"
"2022-11-25","BRN0W.ICE","85.09","85.45","86.88","83.66","83.84"
"2022-11-28","BRN0W.ICE","83.84","84","84","81.09","81.54"
"2022-11-29","BRN0W.ICE","81.54","83.21","86.72","83.19","84.98"
"2022-11-30","BRN0W.ICE","84.98","84.9","87.39","84.45","86.64"
"2022-12-01","BRN0W.ICE","86.64","86.78","89.37","86.26","87.26"
"2022-12-02","BRN0W.ICE","87.26","86.9","87.91","85.16","85.49"
"2022-12-05","BRN0W.ICE","85.49","85.73","88.44","82.52","83.01"
"2022-12-06","BRN0W.ICE","83.01","83.28","83.69","78.7","79.72"
"2022-12-07","BRN0W.ICE","79.72","79.76","80.49","76.91","77.39"
"2022-12-08","BRN0W.ICE","77.39","77.46","79.17","75.74","76.51"
"2022-12-09","BRN0W.ICE","76.51","76.63","77.48","75.11","76.82"
"2022-12-12","BRN0W.ICE","76.82","76.88","78.59","75.26","78.02"
"2022-12-13","BRN0W.ICE","78.02","78.13","81.28","78.1","80.39"
"2022-12-14","BRN0W.ICE","80.39","80.53","83.22","80.31","82.87"
"2022-12-15","BRN0W.ICE","82.87","82.84","83.18","80.92","81.67"
"2022-12-16","BRN0W.ICE","81.67","81.44","81.87","78.76","79.68"
"2022-12-19","BRN0W.ICE","79.68","79.49","81.19","79.02","80.53"
"2022-12-20","BRN0W.ICE","80.53","80.6","81.19","79","80.35"
"2022-12-21","BRN0W.ICE","80.35","80.53","82.92","80.06","82.67"
"2022-12-22","BRN0W.ICE","82.67","82.93","84.21","81.35","82.36"
"2022-12-23","BRN0W.ICE","82.36","82.32","84.7","81.83","84.55"
"2022-12-27","BRN0W.ICE","84.55","85","86.1","84.19","85.16"
"2022-12-28","BRN0W.ICE","85.16","84.92","85.15","82.51","83.77"
"2022-12-29","BRN0W.ICE","83.77","83.63","83.84","81.85","83.7"
"2022-12-30","BRN0W.ICE","83.7","83.71","86","82.88","85.99"
"2023-01-03","BRN0W.ICE","85.99","85.96","87","81.78","82.46"
"2023-01-04","BRN0W.ICE","82.46","82.31","82.72","77.72","78.1"
"2023-01-05","BRN0W.ICE","78.1","78.16","79.97","77.61","78.88"
"2023-01-06","BRN0W.ICE","78.88","78.8","80.59","78.05","78.6"
"2023-01-09","BRN0W.ICE","78.6","78.42","81.37","78.42","79.8"
"2023-01-10","BRN0W.ICE","79.8","79.54","80.89","78.81","79.62"
"2023-01-11","BRN0W.ICE","79.62","79.52","83","79.31","82.91"
"2023-01-12","BRN0W.ICE","82.91","82.88","84.62","82.37","83.82"
"2023-01-13","BRN0W.ICE","83.82","83.91","85.5","83.5","85.43"
"2023-01-16","BRN0W.ICE","85.43","85.71","85.88","84.09","84.3"
"2023-01-17","BRN0W.ICE","84.3","84.34","86.97","84.22","86.84"
"2023-01-18","BRN0W.ICE","86.84","86.59","88.07","84.65","84.93"
"2023-01-19","BRN0W.ICE","84.93","84.59","87","84.06","86.53"
"2023-01-20","BRN0W.ICE","86.53","86.58","87.83","85.75","87.67"
"2023-01-23","BRN0W.ICE","86.53","87.8","89","87.01","88.07"
"2023-01-24","BRN0W.ICE","86.53","88","88.61","85.9","86.53"
"2023-01-25","BRN0W.ICE","86.53","86.42","87.07","85.5","86.23"
"2023-01-26","BRN0W.ICE","86.53","86.45","87.99","85.77","87.49"
"2023-01-27","BRN0W.ICE","86.53","87.49","88.63","85.52","86.21"
"2023-01-30","BRN0W.ICE","87.67","86.81","87.28","84.26","84.64"
"2023-01-31","BRN0W.ICE","84.64","84.62","85.79","83.16","85.53"
"2023-02-01","BRN0W.ICE","85.53","85.56","86.21","82.37","83.06"
"2023-02-02","BRN0W.ICE","83.06","83.34","83.61","81.25","82.1"
"2023-02-03","BRN0W.ICE","82.1","82.27","84.2","79.62","79.82"
"2023-02-06","BRN0W.ICE","79.82","79.61","81.43","79.1","81.4"
"2023-02-07","BRN0W.ICE","81.4","81.26","84.13","81.19","84.09"
"2023-02-08","BRN0W.ICE","84.09","84.11","85.15","83.51","85.02"
"2023-02-09","BRN0W.ICE","85.02","84.96","85.5","83.05","84.08"
"2023-02-10","BRN0W.ICE","84.08","84.22","86.9","83.93","86.52"
"2023-02-13","BRN0W.ICE","86.52","86.51","86.95","85.1","85.78"
"2023-02-14","BRN0W.ICE","85.78","85.83","86.42","84.13","85.25"
"2023-02-15","BRN0W.ICE","85.25","85.2","85.85","83.88","85.28"
"2023-02-16","BRN0W.ICE","85.28","84.92","85.83","84.25","84.47"
"2023-02-17","BRN0W.ICE","84.47","84.26","84.53","81.53","82.8"
"2023-02-20","BRN0W.ICE","82.8","82.78","84","82.46","83.49"
"2023-02-21","BRN0W.ICE","83.49","83.58","83.85","82.25","82.46"
"2023-02-22","BRN0W.ICE","82.46","82.5","82.96","80.3","80.31"
"2023-02-23","BRN0W.ICE","80.31","80.31","82.46","80.25","82.17"
"2023-02-24","BRN0W.ICE","82.17","82.33","83.09","80.75","82.85"
"2023-02-27","BRN0W.ICE","82.85","82.85","83.25","81.4","82.06"
"2023-02-28","BRN0W.ICE","82.06","82","83.99","81.84","83.11"
"2023-03-01","BRN0W.ICE","83.11","83.05","84.49","82.61","84.43"
"2023-03-02","BRN0W.ICE","84.43","84.31","85.1","83.83","84.35"
"2023-03-03","BRN0W.ICE","84.35","84.61","86","82.36","86"
"2023-03-06","BRN0W.ICE","86","85.83","86.35","84.34","86.25"
"2023-03-07","BRN0W.ICE","86.25","86.23","86.75","82.83","83.08"
"2023-03-08","BRN0W.ICE","83.08","83.03","83.59","82.06","82.52"
"2023-03-09","BRN0W.ICE","82.52","82.55","84","81.42","81.56"
"2023-03-10","BRN0W.ICE","81.56","80.96","82.49","80.25","82.06"
"2023-03-13","BRN0W.ICE","82.06","82","82.89","77.78","80.2"
"2023-03-14","BRN0W.ICE","80.2","79.99","80.38","76.46","77.14"
"2023-03-15","BRN0W.ICE","77.14","77.3","78.26","71.3","73.83"
"2023-03-16","BRN0W.ICE","73.83","73.85","75.12","71.49","74.26"
"2023-03-17","BRN0W.ICE","74.26","74.3","75.59","71.38","72.52"
"2023-03-20","BRN0W.ICE","72.52","72.97","73.65","70.06","73.56"
"2023-03-21","BRN0W.ICE","73.56","73.44","75.12","72.62","74.78"
"2023-03-22","BRN0W.ICE","74.78","74.9","76.79","74.26","75.47"
"2023-03-23","BRN0W.ICE","75.47","75.58","77.06","74.67","75.15"
"2023-03-24","BRN0W.ICE","75.15","75.1","75.89","72.35","74.61"
"2023-03-27","BRN0W.ICE","74.61","74.62","78","74.39","77.76"
"2023-03-28","BRN0W.ICE","77.76","77.83","78.7","77.09","78.42"
"2023-03-29","BRN0W.ICE","78.42","78.47","79","77.31","77.53"
"2023-03-30","BRN0W.ICE","77.53","77.48","78.85","77.18","78.56"
"2023-03-31","BRN0W.ICE","78.56","78.47","79.95","77.84","79.93"
"2023-04-03","BRN0W.ICE","79.93","86","86.44","83.5","84.78"
"2023-04-04","BRN0W.ICE","84.78","84.89","86.04","83.82","85.26"
"2023-04-05","BRN0W.ICE","84.78","85.22","85.54","84.01","84.88"
"2023-04-06","BRN0W.ICE","85.26","84.89","85.45","84.05","84.94"
"2023-04-10","BRN0W.ICE","84.94","85.1","85.66","84.09","84.31"
"2023-04-11","BRN0W.ICE","84.31","84.24","85.67","83.75","85.62"
"2023-04-12","BRN0W.ICE","85.62","85.59","87.49","85.39","87.23"
"2023-04-13","BRN0W.ICE","87.23","87.19","87.47","86.05","86.31"
"2023-04-14","BRN0W.ICE","86.31","86.18","86.87","85.53","86.63"
"2023-04-17","BRN0W.ICE","86.63","86.43","86.52","84.34","84.83"
"2023-04-18","BRN0W.ICE","84.83","84.74","85.41","83.81","84.87"
"2023-04-19","BRN0W.ICE","84.87","84.9","85.15","82.39","82.88"
"2023-04-20","BRN0W.ICE","82.88","82.37","82.58","80.5","80.56"
"2023-04-21","BRN0W.ICE","80.56","80.54","81.81","80.21","81.54"
"2023-04-24","BRN0W.ICE","81.54","81.67","82.8","80.3","82.32"
"2023-04-25","BRN0W.ICE","82.32","82.39","82.88","80.21","80.6"
"2023-04-26","BRN0W.ICE","80.6","80.71","81.36","77.5","77.8"
"2023-04-27","BRN0W.ICE","77.8","77.88","78.55","77.36","78.31"
"2023-04-28","BRN0W.ICE","78.31","78.27","80.53","77.51","80.26"
"2023-05-01","BRN0W.ICE","78.31","80.11","80.24","78.13","79.4"
"2023-05-02","BRN0W.ICE","78.31","79.28","79.78","75.07","75.23"
"2023-05-03","BRN0W.ICE","78.31","75.31","75.58","71.7","71.93"
"2023-05-04","BRN0W.ICE","80.26","71.28","73.72","71.28","72.54"
"2023-05-05","BRN0W.ICE","72.54","72.69","75.75","72.41","75.37"
"2023-05-08","BRN0W.ICE","75.37","75.23","77.43","74.95","76.61"
"2023-05-09","BRN0W.ICE","76.61","76.71","77.5","75.07","77.28"
"2023-05-10","BRN0W.ICE","77.28","77.36","77.6","75.68","76.59"
"2023-05-11","BRN0W.ICE","76.59","76.62","77.41","74.61","75.43"
"2023-05-12","BRN0W.ICE","75.43","75.35","75.85","74.03","74.17"
"2023-05-15","BRN0W.ICE","74.17","74.15","75.75","73.49","75.56"
"2023-05-16","BRN0W.ICE","75.56","75.55","75.95","74.5","74.75"
"2023-05-17","BRN0W.ICE","74.75","74.67","77.31","74.1","76.78"
"2023-05-18","BRN0W.ICE","76.78","76.78","76.99","75.5","75.95"
"2023-05-19","BRN0W.ICE","75.95","76.03","77.5","75.12","75.59"
"2023-05-22","BRN0W.ICE","75.59","75.66","76.33","74.43","75.81"
"2023-05-23","BRN0W.ICE","75.81","76.01","77.62","75.52","77.37"
"2023-05-24","BRN0W.ICE","77.37","77.59","78.5","76.94","78.24"
"2023-05-25","BRN0W.ICE","78.24","78.21","78.39","75.05","76.14"
"2023-05-26","BRN0W.ICE","76.14","76.01","77.32","75.66","77.17"
"2023-05-29","BRN0W.ICE","77.17","77.42","77.83","76.16","77.1"
"2023-05-30","BRN0W.ICE","77.1","77.04","77.59","73.32","73.87"
"2023-05-31","BRN0W.ICE","73.87","73.84","73.95","71.5","72.13"
"2023-06-01","BRN0W.ICE","72.13","72.15","75.25","72.03","74.32"
"2023-06-02","BRN0W.ICE","74.32","74.28","76.5","74.18","76.4"
"2023-06-05","BRN0W.ICE","76.4","77.68","78.73","76.31","76.6"
"2023-06-06","BRN0W.ICE","76.6","76.55","76.75","74.72","76.12"
"2023-06-07","BRN0W.ICE","76.12","76.22","77.64","75.51","76.8"
"2023-06-08","BRN0W.ICE","76.8","76.8","77.68","73.58","75.52"
"2023-06-09","BRN0W.ICE","75.52","75.53","76.57","74.71","75.04"
"2023-06-12","BRN0W.ICE","75.04","74.87","74.87","71.58","72.11"
"2023-06-13","BRN0W.ICE","72.11","72.11","74.66","71.94","74.19"
"2023-06-14","BRN0W.ICE","74.19","74","75.37","73.01","73.59"
"2023-06-15","BRN0W.ICE","73.59","73.36","75.94","72.88","75.63"
"2023-06-16","BRN0W.ICE","75.63","75.64","76.7","75.14","76.26"
"2023-06-19","BRN0W.ICE","76.26","76.34","76.9","75.34","76.08"
"2023-06-20","BRN0W.ICE","76.08","76.08","77.08","74.53","75.41"
"2023-06-21","BRN0W.ICE","75.41","75.55","77.25","75.49","77.04"
"2023-06-22","BRN0W.ICE","75.41","77.07","77.21","73.81","74.41"
"2023-06-23","BRN0W.ICE","75.41","74.22","74.55","72.3","74.55"
"2023-06-26","BRN0W.ICE","77.04","74.6","75","73.61","74.47"
"2023-06-27","BRN0W.ICE","74.47","74.45","75.08","72.33","72.91"
"2023-06-28","BRN0W.ICE","72.91","72.69","74.42","71.86","73.83"
"2023-06-29","BRN0W.ICE","73.83","73.95","75.15","73.57","74.39"
"2023-06-30","BRN0W.ICE","74.39","74.33","75.84","74.28","75.19"
"2023-07-03","BRN0W.ICE","75.19","75.11","76.6","74.56","74.96"
"2023-07-04","BRN0W.ICE","74.96","74.89","76.29","74.74","76.12"
"2023-07-05","BRN0W.ICE","76.12","76.03","76.95","75.3","76.53"
"2023-07-06","BRN0W.ICE","76.53","76.7","77.09","75.03","76.51"
"2023-07-07","BRN0W.ICE","76.51","76.52","78.54","76.03","78.17"
"2023-07-10","BRN0W.ICE","78.17","78.6","78.77","77.36","77.79"
"2023-07-11","BRN0W.ICE","77.79","77.82","79.5","77.63","79.35"
"2023-07-12","BRN0W.ICE","79.35","79.32","80.55","79.21","80.2"
"2023-07-13","BRN0W.ICE","80.2","80.19","81.75","79.88","81.54"
"2023-07-14","BRN0W.ICE","81.54","81.64","81.7","79.53","79.63"
"2023-07-17","BRN0W.ICE","79.63","79.36","80.64","78.25","78.56"
"2023-07-18","BRN0W.ICE","78.56","78.39","79.83","78.1","79.68"
"2023-07-19","BRN0W.ICE","79.68","79.67","80.74","79.06","79.42"
"2023-07-20","BRN0W.ICE","79.42","79.22","80.16","78.58","79.48"
"2023-07-21","BRN0W.ICE","79.48","79.64","81.06","79.53","80.67"
"2023-07-24","BRN0W.ICE","80.67","80.69","82.9","80.25","82.49"
"2023-07-25","BRN0W.ICE","82.49","82.6","83.47","81.94","82.79"
"2023-07-26","BRN0W.ICE","82.79","82.8","83.43","82.2","82.62"
"2023-07-27","BRN0W.ICE","82.62","82.78","84.09","82.59","83.43"
"2023-07-28","BRN0W.ICE","83.43","83.28","84.5","82.85","84.29"
"2023-07-31","BRN0W.ICE","84.29","84.42","85.58","83.91","85.23"
"2023-08-01","BRN0W.ICE","85.23","85.24","85.91","84.21","85.68"
"2023-08-02","BRN0W.ICE","85.68","85.86","85.99","82.74","83.38"
"2023-08-03","BRN0W.ICE","83.38","83.46","85.41","82.36","85.25"
"2023-08-04","BRN0W.ICE","85.25","85.31","86.65","85.06","86.15"
"2023-08-07","BRN0W.ICE","86.15","86.23","86.73","85.03","85.91"
"2023-08-08","BRN0W.ICE","85.91","85.79","86.34","83.32","86.18"
"2023-08-09","BRN0W.ICE","86.18","86","87.65","85.91","87.51"
"2023-08-10","BRN0W.ICE","87.51","87.39","88.1","86.2","86.33"
"2023-08-11","BRN0W.ICE","86.33","86.37","87.35","85.84","86.73"
"2023-08-14","BRN0W.ICE","86.73","86.53","86.71","85.5","86.23"
"2023-08-15","BRN0W.ICE","86.23","86.12","86.68","84.29","85.08"
"2023-08-16","BRN0W.ICE","85.08","84.49","84.82","82.69","82.94"
"2023-08-17","BRN0W.ICE","82.94","82.75","84.43","82.61","83.52"
"2023-08-18","BRN0W.ICE","83.52","83.47","84.63","82.91","84.37"
"2023-08-21","BRN0W.ICE","84.37","84.36","85.44","83.94","84.19"
"2023-08-22","BRN0W.ICE","84.19","84.07","84.35","83.5","83.56"
"2023-08-23","BRN0W.ICE","83.56","83.61","83.93","81.64","82.71"
"2023-08-24","BRN0W.ICE","82.71","82.59","83.23","81.61","82.77"
"2023-08-25","BRN0W.ICE","82.77","82.77","84.41","82.18","84.3"
"2023-08-28","BRN0W.ICE","84.3","84.24","84.69","83.56","83.84"
"2023-08-29","BRN0W.ICE","83.84","83.82","85.07","83.28","84.94"
"2023-08-30","BRN0W.ICE","84.94","85.04","85.68","84.59","85.29"
"2023-08-31","BRN0W.ICE","85.29","85.22","86.88","85.08","86.82"
"2023-09-01","BRN0W.ICE","86.82","86.82","88.99","86.74","88.99"
"2023-09-04","BRN0W.ICE","88.99","88.95","89.22","88.26","89"
"2023-09-05","BRN0W.ICE","89","88.91","91.15","88.06","90.05"
"2023-09-06","BRN0W.ICE","90.05","90.12","91.1","89.25","90.63"
"2023-09-07","BRN0W.ICE","90.63","90.81","90.89","89.46","89.76"
"2023-09-08","BRN0W.ICE","89.76","89.79","91.02","89.3","90.44"
"2023-09-11","BRN0W.ICE","90.44","90.83","91.45","90.11","90.61"
"2023-09-12","BRN0W.ICE","90.61","90.62","92.4","90.52","91.96"
"2023-09-13","BRN0W.ICE","91.96","91.29","92.06","90.93","91.46"
"2023-09-14","BRN0W.ICE","91.46","91.34","93.41","91.32","93.34"
"2023-09-15","BRN0W.ICE","93.34","93.16","93.83","91.92","93.37"
"2023-09-18","BRN0W.ICE","93.37","93.39","93.91","92.69","93.37"
"2023-09-19","BRN0W.ICE","93.37","93.44","94.57","92.97","93.2"
"2023-09-20","BRN0W.ICE","93.2","93.27","93.51","91.7","92.06"
"2023-09-21","BRN0W.ICE","92.06","91.92","93.44","91.12","92.24"
"2023-09-22","BRN0W.ICE","92.24","92.29","93.37","91.59","92.43"
"2023-09-25","BRN0W.ICE","92.43","92.39","92.73","91.2","91.98"
"2023-09-26","BRN0W.ICE","91.98","91.87","92.7","90.41","92.55"
"2023-09-27","BRN0W.ICE","92.55","92.43","94.8","92.43","94.45"
"2023-09-28","BRN0W.ICE","94.45","94.38","95.35","92.75","93.13"
"2023-09-29","BRN0W.ICE","94.45","93.07","94.13","91.96","92.11"
"2023-10-02","BRN0W.ICE","94.45","92.18","93.33","90.35","90.48"
"2023-10-03","BRN0W.ICE","94.45","90.4","91.56","89.5","91.1"
"2023-10-04","BRN0W.ICE","94.45","91.04","91.21","85.75","86.09"
"2023-10-05","BRN0W.ICE","94.45","85.88","86.52","83.84","84.18"
"2023-10-06","BRN0W.ICE","94.45","84.49","84.95","83.44","84.43"
"2023-10-09","BRN0W.ICE","93.13","86.45","89","86","88.25"
"2023-10-10","BRN0W.ICE","88.25","88.17","88.49","86.91","87.72"
"2023-10-11","BRN0W.ICE","87.72","87.72","88.26","85.21","85.54"
"2023-10-12","BRN0W.ICE","85.54","85.53","87.64","85.18","86.26"
"2023-10-13","BRN0W.ICE","86.26","86.35","91","86.28","90.8"
"2023-10-16","BRN0W.ICE","90.8","90.98","91.39","89.5","90.16"
"2023-10-17","BRN0W.ICE","90.16","89.91","91","88.88","90.91"
"2023-10-18","BRN0W.ICE","90.91","91.25","93","90.6","91.41"
"2023-10-19","BRN0W.ICE","91.41","90.01","92.05","88.45","91.63"
"2023-10-20","BRN0W.ICE","91.63","91.77","92.32","90.43","91.21"
"2023-10-23","BRN0W.ICE","91.21","90.98","91.15","88.56","89.38"
"2023-10-24","BRN0W.ICE","89.38","89.37","89.49","86.38","87.21"
"2023-10-25","BRN0W.ICE","87.21","87.16","89.31","85.77","89.09"
"2023-10-26","BRN0W.ICE","89.09","88.83","89.27","86.5","87.29"
"2023-10-27","BRN0W.ICE","87.29","87.48","89.43","86.82","89.17"
"2023-10-30","BRN0W.ICE","89.17","88.94","88.94","85.81","86.57"
"2023-10-31","BRN0W.ICE","86.57","86.66","87.39","84.77","85.62"
"2023-11-01","BRN0W.ICE","85.62","85.45","87.24","84.58","84.9"
"2023-11-02","BRN0W.ICE","84.9","85","87.05","84.64","86.96"
"2023-11-03","BRN0W.ICE","86.96","86.92","87.8","84.56","85.23"
"2023-11-06","BRN0W.ICE","85.23","85.55","86.46","84.88","85.21"
"2023-11-07","BRN0W.ICE","85.21","85.15","85.19","81.4","81.41"
"2023-11-08","BRN0W.ICE","81.41","81.4","81.96","79.2","79.71"
"2023-11-09","BRN0W.ICE","79.71","79.7","81.48","79.44","79.87"
"2023-11-10","BRN0W.ICE","79.87","79.85","82.06","79.79","81.7"
"2023-11-13","BRN0W.ICE","81.7","81.43","82.84","80.41","82.7"
"2023-11-14","BRN0W.ICE","82.7","82.71","83.97","82.06","82.37"
"2023-11-15","BRN0W.ICE","82.37","82.39","83.04","80.79","81.07"
"2023-11-16","BRN0W.ICE","81.07","80.98","81.17","76.6","77.45"
"2023-11-17","BRN0W.ICE","77.45","77.55","80.81","77.28","80.62"
"2023-11-20","BRN0W.ICE","80.62","80.17","82.85","79.5","82.05"
"2023-11-21","BRN0W.ICE","82.05","82.23","82.56","81.5","82.41"
"2023-11-22","BRN0W.ICE","82.41","82.49","82.68","78.48","81.57"
"2023-11-23","BRN0W.ICE","81.57","81.46","81.48","80.1","81.12"
"2023-11-24","BRN0W.ICE","81.12","81.25","82.03","80.04","80.15"
"2023-11-27","BRN0W.ICE","80.15","80.16","81.14","79.07","80"
"2023-11-28","BRN0W.ICE","80","80.17","81.97","79.7","81.43"
"2023-11-29","BRN0W.ICE","81.43","81.64","82.99","80.72","82.65"
"2023-11-30","BRN0W.ICE","82.65","82.62","84.61","80.01","80.35"
"2023-12-01","BRN0W.ICE","80.35","80.67","81.54","78.75","79.56"
"2023-12-04","BRN0W.ICE","79.56","79.5","79.72","77.52","78.2"
"2023-12-05","BRN0W.ICE","78.2","78.1","79.09","77","77"
"2023-12-06","BRN0W.ICE","77","77.12","77.65","74.11","74.28"
"2023-12-07","BRN0W.ICE","74.28","74.5","75.48","73.6","74.56"
"2023-12-08","BRN0W.ICE","74.56","74.59","76.36","74.2","75.65"
"2023-12-11","BRN0W.ICE","75.65","75.73","76.5","75.01","76.11"
"2023-12-12","BRN0W.ICE","76.11","76.17","76.66","72.86","73.32"
"2023-12-13","BRN0W.ICE","73.32","73.26","74.7","72.29","74.62"
"2023-12-14","BRN0W.ICE","74.62","74.92","77.53","74.68","76.87"
"2023-12-15","BRN0W.ICE","76.87","76.87","77.49","75.56","77.13"
"2023-12-18","BRN0W.ICE","77.13","77.06","79.65","76","78.18"
"2023-12-19","BRN0W.ICE","78.18","78.2","79.77","77.54","79.39"
"2023-12-20","BRN0W.ICE","79.39","79.3","80.6","79.1","79.13"
"2023-12-21","BRN0W.ICE","79.13","79.04","79.99","77.8","79.12"
"2023-12-22","BRN0W.ICE","79.12","79.13","80.1","78.64","78.89"
"2023-12-26","BRN0W.ICE","78.89","78.74","81.45","78.37","80.64"
"2023-12-27","BRN0W.ICE","80.64","80.57","81.02","79.23","79.31"
"2023-12-28","BRN0W.ICE","79.31","79.55","79.87","77.1","77.48"
"2023-12-29","BRN0W.ICE","77.48","77.38","77.98","76.73","77.08"
"2024-01-02","BRN0W.ICE","77.08","77.39","79.06","75.6","76.04"
"2024-01-03","BRN0W.ICE","76.04","76.06","78.67","74.79","78.44"
"2024-01-04","BRN0W.ICE","78.44","78.56","79.41","76.5","77.74"
"2024-01-05","BRN0W.ICE","77.74","77.71","79.26","77.66","78.9"
"2024-01-08","BRN0W.ICE","78.9","78.7","78.95","75.26","76.27"
"2024-01-09","BRN0W.ICE","76.27","76.3","78.19","75.95","77.49"
"2024-01-10","BRN0W.ICE","77.49","77.48","78.73","76.38","76.78"
"2024-01-11","BRN0W.ICE","76.78","76.7","79.1","76.66","78.48"
"2024-01-12","BRN0W.ICE","78.48","78.75","80.75","77.96","78.32"
"2024-01-15","BRN0W.ICE","78.32","78.14","78.9","76.85","78.64"
"2024-01-16","BRN0W.ICE","78.64","78.43","79.4","77.6","77.9"
"2024-01-17","BRN0W.ICE","77.9","77.34","77.75","76.13","77.64"
"2024-01-18","BRN0W.ICE","77.64","77.68","78.84","76.92","78.49"
"2024-01-19","BRN0W.ICE","78.49","78.65","79.26","77.87","78.22"
"2024-01-22","BRN0W.ICE","78.22","78.37","80.06","77.46","79.4"
"2024-01-23","BRN0W.ICE","79.4","79.48","79.97","78.27","79.28"
"2024-01-24","BRN0W.ICE","79.28","79.25","80.33","78.6","79.84"
"2024-01-25","BRN0W.ICE","79.84","79.93","82.07","79.66","81.84"
"2024-01-26","BRN0W.ICE","81.84","81.91","83.19","80.79","83.02"
"2024-01-29","BRN0W.ICE","83.02","83.53","84.17","81.46","82"
"2024-01-30","BRN0W.ICE","82","82.08","82.86","80.83","82.43"
"2024-01-31","BRN0W.ICE","82.43","82.64","82.65","80.27","80.69"
"2024-02-01","BRN0W.ICE","80.69","80.57","81.55","78.57","78.82"
"2024-02-02","BRN0W.ICE","78.82","79.15","79.44","76.85","77.67"
"2024-02-05","BRN0W.ICE","77.67","77.9","78.33","76.62","77.93"
"2024-02-06","BRN0W.ICE","77.93","77.95","79.08","77.63","78.77"
"2024-02-07","BRN0W.ICE","78.77","78.7","79.5","78.49","79.43"
"2024-02-08","BRN0W.ICE","79.43","79.3","81.9","79.03","81.75"
"2024-02-09","BRN0W.ICE","79.43","81.72","82.45","81.21","81.86"
"2024-02-12","BRN0W.ICE","79.43","81.94","82.19","80.77","82.08"
"2024-02-13","BRN0W.ICE","79.43","82","83.24","81.96","82.66"
"2024-02-14","BRN0W.ICE","79.43","82.6","83.6","81.39","81.44"
"2024-02-15","BRN0W.ICE","79.43","80.81","82.56","80.17","82.16"
"2024-02-16","BRN0W.ICE","79.43","82.05","82.87","81.22","82.83"
"2024-02-19","BRN0W.ICE","81.75","82.6","82.81","81.86","82.58"
"2024-02-20","BRN0W.ICE","82.58","82.45","82.79","81.27","81.76"
"2024-02-21","BRN0W.ICE","81.76","81.69","82.22","80.87","82.2"
"2024-02-22","BRN0W.ICE","82.2","82.25","82.9","81.39","82.46"
"2024-02-23","BRN0W.ICE","82.46","82.43","82.54","80.64","80.75"
"2024-02-26","BRN0W.ICE","80.75","80.64","82.14","80.19","81.74"
"2024-02-27","BRN0W.ICE","81.74","81.77","82.75","81.25","82.27"
"2024-02-28","BRN0W.ICE","82.27","82.35","83.13","81.56","81.85"
"2024-02-29","BRN0W.ICE","81.85","81.83","82.84","81.51","82.02"
"2024-03-01","BRN0W.ICE","82.02","82.07","84.34","81.81","83.46"
"2024-03-04","BRN0W.ICE","83.46","83.5","84.08","82.57","82.84"
"2024-03-05","BRN0W.ICE","82.84","82.74","83.14","81.72","82.08"
"2024-03-06","BRN0W.ICE","82.08","82.01","84.05","81.85","82.91"
"2024-03-07","BRN0W.ICE","82.91","82.92","83.53","82.07","83.36"
"2024-03-08","BRN0W.ICE","83.36","83.18","83.84","81.71","82.05"
"2024-03-11","BRN0W.ICE","82.05","82","82.75","81.08","82.45"
"2024-03-12","BRN0W.ICE","82.45","82.45","83.01","81.69","82.36"
"2024-03-13","BRN0W.ICE","82.36","82.45","84.24","81.96","83.95"
"2024-03-14","BRN0W.ICE","83.95","84.04","85.69","83.98","85.13"
"2024-03-15","BRN0W.ICE","85.13","85.15","85.55","84.6","85.35"
"2024-03-18","BRN0W.ICE","85.35","84.77","86.44","84.66","86.13"
"2024-03-19","BRN0W.ICE","86.13","86.19","86.92","85.8","86.51"
"2024-03-20","BRN0W.ICE","86.51","86.42","86.61","84.98","85.6"
"2024-03-21","BRN0W.ICE","85.6","85.72","85.99","84.54","85.05"
"2024-03-22","BRN0W.ICE","85.05","85.12","85.58","84.58","84.94"
"2024-03-25","BRN0W.ICE","84.94","84.83","86.51","84.79","86.04"
"2024-03-26","BRN0W.ICE","86.04","86.16","86.42","85.19","85.27"
"2024-03-27","BRN0W.ICE","85.27","85.27","85.7","84.58","85.7"
"2024-03-28","BRN0W.ICE","85.7","85.69","87.07","85.5","87.07"
"2024-04-01","BRN0W.ICE","87.07","86.98","87.98","86.4","87.81"
"2024-04-02","BRN0W.ICE","87.81","87.62","89.32","87.62","89.27"
"2024-04-03","BRN0W.ICE","89.27","89.22","89.99","88.67","89.56"
"2024-04-04","BRN0W.ICE","89.27","89.48","91.3","88.72","91.09"
"2024-04-05","BRN0W.ICE","89.27","91.21","91.91","90.57","90.86"
"2024-04-08","BRN0W.ICE","89.56","90.09","91.1","88.78","90.62"
"2024-04-09","BRN0W.ICE","90.62","90.63","90.94","89.25","89.59"
"2024-04-10","BRN0W.ICE","89.59","89.55","90.71","88.83","90.65"
"2024-04-11","BRN0W.ICE","90.65","90.52","90.92","89.38","90.2"
"2024-04-12","BRN0W.ICE","90.2","90.13","92.18","90.01","90.15"
"2024-04-15","BRN0W.ICE","90.15","90.95","91.05","88.73","90.41"
"2024-04-16","BRN0W.ICE","90.41","90.43","90.84","89.41","90.09"
"2024-04-17","BRN0W.ICE","90.09","90.11","90.17","87.13","87.42"
"2024-04-18","BRN0W.ICE","87.42","86.76","87.07","85.55","86.17"
"2024-04-19","BRN0W.ICE","86.17","86.33","89.84","85.51","86.59"
"2024-04-22","BRN0W.ICE","86.59","86.3","86.36","85.03","86.2"
"2024-04-23","BRN0W.ICE","86.2","86.26","87.48","85.15","87.41"
"2024-04-24","BRN0W.ICE","87.41","87.42","87.8","86.66","87.08"
"2024-04-25","BRN0W.ICE","87.08","86.88","88.06","86.23","88.05"
"2024-04-26","BRN0W.ICE","88.05","87.99","88.64","87.62","88.06"
"2024-04-29","BRN0W.ICE","88.06","87.96","88.22","86.95","87.28"
"2024-04-30","BRN0W.ICE","87.28","87.1","87.8","85.45","85.92"
"2024-05-01","BRN0W.ICE","87.28","85.8","85.89","83.29","83.58"
"2024-05-02","BRN0W.ICE","87.28","83.59","84.44","83.05","83.7"
"2024-05-03","BRN0W.ICE","87.28","83.9","84.39","82.78","82.78"
"2024-05-06","BRN0W.ICE","85.92","82.99","83.83","82.77","83.63"
"2024-05-07","BRN0W.ICE","83.63","83.72","83.88","82.41","82.98"
"2024-05-08","BRN0W.ICE","82.98","83.02","83.82","81.71","83.77"
"2024-05-09","BRN0W.ICE","83.77","83.79","84.33","83.45","84.1"
"2024-05-10","BRN0W.ICE","84.1","84.21","84.53","82.7","82.78"
"2024-05-13","BRN0W.ICE","82.78","82.78","83.84","82.26","83.45"
"2024-05-14","BRN0W.ICE","83.45","83.41","83.62","82.1","82.79"
"2024-05-15","BRN0W.ICE","82.79","82.76","83.07","81.05","82.9"
"2024-05-16","BRN0W.ICE","82.9","83.03","83.78","82.31","83.44"
"2024-05-17","BRN0W.ICE","83.44","83.43","84.04","83.08","84"
"2024-05-20","BRN0W.ICE","84","83.79","84.17","82.89","83.47"
"2024-05-21","BRN0W.ICE","83.47","83.51","83.53","81.93","82.4"
"2024-05-22","BRN0W.ICE","82.4","82.44","82.49","81.39","81.49"
"2024-05-23","BRN0W.ICE","81.49","81.39","82.7","80.7","81.23"
"2024-05-24","BRN0W.ICE","81.23","81.11","82.16","80.44","81.85"
"2024-05-27","BRN0W.ICE","81.85","81.94","82.96","81.84","82.82"
"2024-05-28","BRN0W.ICE","82.82","82.79","84.35","82.76","84.33"
"2024-05-29","BRN0W.ICE","84.33","84.32","84.72","83.14","83.36"
"2024-05-30","BRN0W.ICE","83.36","83.35","83.58","81.83","81.95"
"2024-05-31","BRN0W.ICE","81.95","81.83","82.69","80.75","81.37"
"2024-06-03","BRN0W.ICE","81.37","81.15","81.65","78.09","78.15"
"2024-06-04","BRN0W.ICE","78.15","78.14","78.22","76.76","77.13"
"2024-06-05","BRN0W.ICE","77.13","77.29","78.66","77.18","78.66"
"2024-06-06","BRN0W.ICE","78.66","78.7","80.08","78.38","80.02"
"2024-06-07","BRN0W.ICE","80.02","80.05","80.38","79.32","79.47"
"2024-06-10","BRN0W.ICE","80.02","79.38","82.17","79.34","81.96"
"2024-06-11","BRN0W.ICE","79.47","81.97","82.36","81.19","82.23"
"2024-06-12","BRN0W.ICE","82.23","82.08","83.34","81.96","82.52"
"2024-06-13","BRN0W.ICE","82.52","81.96","82.6","81.4","81.79"
"2024-06-14","BRN0W.ICE","81.79","81.71","82.92","81.55","82.1"
"2024-06-17","BRN0W.ICE","82.1","82.07","83.79","81.54","83.65"
"2024-06-18","BRN0W.ICE","83.65","83.62","84.7","82.97","84.57"
"2024-06-19","BRN0W.ICE","84.57","84.61","84.98","84.17","84.49"
"2024-06-20","BRN0W.ICE","84.49","84.4","85.14","84.19","84.8"
"2024-06-21","BRN0W.ICE","84.8","84.78","85.3","83.95","84.18"
"2024-06-24","BRN0W.ICE","84.18","84.16","85.28","83.89","85.19"
"2024-06-25","BRN0W.ICE","85.19","85.18","85.39","83.94","84.15"
"2024-06-26","BRN0W.ICE","84.15","84.1","85.03","83.72","84.48"
"2024-06-27","BRN0W.ICE","84.48","84.27","85.58","84.1","85.43"
"2024-06-28","BRN0W.ICE","85.43","85.37","86.18","84.52","84.84"
"2024-07-01","BRN0W.ICE","84.84","84.9","86.88","84.85","86.64"
"2024-07-02","BRN0W.ICE","86.64","86.71","87.46","86.16","86.6"
"2024-07-03","BRN0W.ICE","86.6","86.44","87.39","85.89","87.07"
"2024-07-04","BRN0W.ICE","87.07","87.09","87.59","86.51","87.55"
"2024-07-05","BRN0W.ICE","87.55","87.45","87.95","86.49","86.86"
"2024-07-08","BRN0W.ICE","86.86","86.74","86.92","85.56","85.69"
"2024-07-09","BRN0W.ICE","85.69","85.67","85.85","84.53","85.04"
"2024-07-10","BRN0W.ICE","85.04","84.92","85.66","84","85.45"
"2024-07-11","BRN0W.ICE","85.45","85.45","85.89","84.64","85.61"
"2024-07-12","BRN0W.ICE","85.61","85.69","86.35","84.95","85.27"
"2024-07-15","BRN0W.ICE","85.27","85.1","85.37","84.42","84.88"
"2024-07-16","BRN0W.ICE","84.88","84.78","84.86","83.3","83.85"
"2024-07-17","BRN0W.ICE","83.85","83.66","85.2","83.43","85.19"
"2024-07-18","BRN0W.ICE","85.19","85.23","85.81","84.22","84.86"
"2024-07-19","BRN0W.ICE","84.86","84.72","85.35","82.56","82.56"
"2024-07-22","BRN0W.ICE","82.56","82.8","83.22","81.6","82.26"
"2024-07-23","BRN0W.ICE","82.26","82.25","82.79","80.51","81.58"
"2024-07-24","BRN0W.ICE","81.58","80.53","81.29","80.09","80.6"
"2024-07-25","BRN0W.ICE","80.6","80.68","81.56","79.28","81.42"
"2024-07-26","BRN0W.ICE","81.42","81.43","81.72","79.42","79.85"
"2024-07-29","BRN0W.ICE","79.85","80.6","80.86","78.64","79.13"
"2024-07-30","BRN0W.ICE","79.13","78.89","79.21","77.95","78.57"
"2024-07-31","BRN0W.ICE","78.57","78.56","81.59","78.46","81.51"
"2024-08-01","BRN0W.ICE","81.51","81.44","81.8","79.43","80.04"
"2024-08-02","BRN0W.ICE","80.04","79.98","80.46","76.42","77.56"
"2024-08-05","BRN0W.ICE","77.56","77.61","77.74","75.05","77.25"
"2024-08-06","BRN0W.ICE","77.25","77.45","77.85","75.58","76.11"
"2024-08-07","BRN0W.ICE","76.11","76.16","78.87","75.95","78.55"
"2024-08-08","BRN0W.ICE","78.55","78.55","79.37","77.63","78.94"
"2024-08-09","BRN0W.ICE","78.94","79.03","79.83","78.77","79.46"
"2024-08-12","BRN0W.ICE","79.46","79.56","82.4","79.46","82.04"
"2024-08-13","BRN0W.ICE","82.04","81.88","82.3","80.55","80.97"
"2024-08-14","BRN0W.ICE","80.97","81","81.44","79.6","80.03"
"2024-08-15","BRN0W.ICE","80.03","79.19","80.56","78.86","80.11"
"2024-08-16","BRN0W.ICE","80.11","79.99","80.12","77.88","78.8"
"2024-08-19","BRN0W.ICE","78.8","78.79","79.02","76.9","77.19"
"2024-08-20","BRN0W.ICE","77.19","77.12","77.74","76.1","76.53"
"2024-08-21","BRN0W.ICE","76.53","76.52","77.53","75.1","75.51"
"2024-08-22","BRN0W.ICE","75.51","75.41","77.01","75.21","76.47"
"2024-08-23","BRN0W.ICE","76.47","76.56","78.37","76.38","78.22"
"2024-08-26","BRN0W.ICE","78.22","78.4","80.53","78.31","80.18"
"2024-08-27","BRN0W.ICE","80.18","80.16","80.46","78.56","78.96"
"2024-08-28","BRN0W.ICE","78.96","78.93","79.11","77.14","77.42"
"2024-08-29","BRN0W.ICE","77.42","77.47","79.57","77.01","78.76"
"2024-08-30","BRN0W.ICE","78.76","78.66","79.52","76.7","77.05"
"2024-09-02","BRN0W.ICE","77.05","76.95","77.63","76.21","77.28"
"2024-09-03","BRN0W.ICE","77.28","77.16","77.55","73.51","73.72"
"2024-09-04","BRN0W.ICE","73.72","73.67","74.8","72.35","72.78"
"2024-09-05","BRN0W.ICE","72.78","72.76","74.2","72.37","72.86"
"2024-09-06","BRN0W.ICE","72.86","72.81","73.53","70.61","71.47"
"2024-09-09","BRN0W.ICE","71.47","71.66","72.21","70.65","71.91"
"2024-09-10","BRN0W.ICE","71.91","71.92","72.28","68.68","69.71"
"2024-09-11","BRN0W.ICE","69.71","69.68","71.09","69","70.72"
"2024-09-12","BRN0W.ICE","70.72","70.15","72.25","70.14","71.69"
"2024-09-13","BRN0W.ICE","71.69","71.74","72.57","70.9","71.48"
"2024-09-16","BRN0W.ICE","71.69","71.42","72.72","70.92","72.36"
"2024-09-17","BRN0W.ICE","71.69","72.31","73.55","71.62","73.05"
"2024-09-18","BRN0W.ICE","71.48","73.02","73.33","71.65","72.08"
"2024-09-19","BRN0W.ICE","72.08","72.41","74.35","72.16","74.03"
"2024-09-20","BRN0W.ICE","74.03","73.89","74.16","73.2","73.93"
"2024-09-23","BRN0W.ICE","73.93","73.94","74.44","72.41","73.62"
"2024-09-24","BRN0W.ICE","73.62","73.43","75.12","73.26","74.47"
"2024-09-25","BRN0W.ICE","74.47","74.44","74.67","72.5","73.11"
"2024-09-26","BRN0W.ICE","73.11","72.89","73.28","70.25","70.89"
"2024-09-27","BRN0W.ICE","70.89","70.71","72","70.44","71.98"
"2024-09-30","BRN0W.ICE","71.98","71.88","72.79","71.03","72"
"2024-10-01","BRN0W.ICE","71.98","71.85","75.45","69.91","74.47"
"2024-10-02","BRN0W.ICE","71.98","74.47","76.14","73.59","74.66"
"2024-10-03","BRN0W.ICE","71.98","74.59","77.99","74.31","77.88"
"2024-10-04","BRN0W.ICE","71.98","77.79","79.3","77.39","78.14"
"2024-10-07","BRN0W.ICE","71.98","78.07","81.16","77.23","81.14"
"2024-10-08","BRN0W.ICE","72","80.96","81.14","76.36","77.44"
"2024-10-09","BRN0W.ICE","77.44","77.49","78.02","75.15","76.76"
"2024-10-10","BRN0W.ICE","76.76","76.76","79.72","76.72","79.3"
"2024-10-11","BRN0W.ICE","79.3","79.14","79.5","78.04","78.79"
"2024-10-14","BRN0W.ICE","78.79","78.55","78.55","74.86","75.19"
"2024-10-15","BRN0W.ICE","75.19","74.94","75.25","73.05","74.39"
"2024-10-16","BRN0W.ICE","74.39","74.31","74.52","73.05","74.16"
"2024-10-17","BRN0W.ICE","74.16","74.1","74.48","72.83","73.94"
"2024-10-18","BRN0W.ICE","73.94","74.07","74.48","72.13","72.81"
"2024-10-21","BRN0W.ICE","72.81","72.78","74.21","72.43","73.7"
"2024-10-22","BRN0W.ICE","73.7","73.84","75.91","73.23","75.18"
"2024-10-23","BRN0W.ICE","75.18","75.33","75.64","74.08","74.78"
"2024-10-24","BRN0W.ICE","74.78","74.91","76.08","73.64","74.17"
"2024-10-25","BRN0W.ICE","74.17","74.3","75.73","73.81","75.46"
"2024-10-28","BRN0W.ICE","75.46","72.36","72.92","70.82","71.64"
"2024-10-29","BRN0W.ICE","71.64","71.56","72.11","70.28","71"
"2024-10-30","BRN0W.ICE","71","70.96","72.74","70.71","72.67"
"2024-10-31","BRN0W.ICE","72.67","72.51","74.28","71.82","74.06"
"2024-11-01","BRN0W.ICE","74.06","74.11","74.94","72.89","72.94"
"2024-11-04","BRN0W.ICE","72.94","74","75.4","73.88","75.2"
"2024-11-05","BRN0W.ICE","75.2","75","76.24","74.9","75.54"
"2024-11-06","BRN0W.ICE","75.54","75.3","75.98","73.34","75.16"
"2024-11-07","BRN0W.ICE","75.16","74.99","76.08","74.02","75.57"
"2024-11-08","BRN0W.ICE","75.57","75.55","75.61","73.44","73.9"
"2024-11-11","BRN0W.ICE","73.9","73.85","74.13","71.57","71.9"
"2024-11-12","BRN0W.ICE","71.9","71.97","72.82","71.55","71.79"
"2024-11-13","BRN0W.ICE","71.79","71.78","72.63","70.72","72.03"
"2024-11-14","BRN0W.ICE","72.03","72.12","73.22","71.79","72.41"
"2024-11-15","BRN0W.ICE","72.41","71.99","72.2","70.58","70.78"
"2024-11-18","BRN0W.ICE","70.78","70.6","73.17","70.45","72.82"
"2024-11-19","BRN0W.ICE","72.82","72.86","73.6","72.36","72.98"
"2024-11-20","BRN0W.ICE","72.98","73.05","73.6","72.39","72.77"
"2024-11-21","BRN0W.ICE","72.77","72.76","73.99","72.58","73.86"
"2024-11-22","BRN0W.ICE","73.86","73.8","74.86","72.95","74.73"
"2024-11-25","BRN0W.ICE","74.73","74.8","74.83","72.3","72.55"
"2024-11-26","BRN0W.ICE","72.55","72.28","73.8","71.63","72.39"
"2024-11-27","BRN0W.ICE","72.39","72.38","72.85","71.71","72.38"
"2024-11-28","BRN0W.ICE","72.38","72.3","72.96","71.85","72.69"
"2024-11-29","BRN0W.ICE","72.69","72.46","73.34","71.75","72.09"
"2024-12-02","BRN0W.ICE","72.09","72","72.89","71.52","71.93"
"2024-12-03","BRN0W.ICE","71.93","71.93","73.93","71.68","73.69"
"2024-12-04","BRN0W.ICE","73.69","73.62","74.28","72.25","72.5"
"2024-12-05","BRN0W.ICE","72.5","72.52","72.92","71.8","72.17"
"2024-12-06","BRN0W.ICE","72.17","72.12","72.19","70.85","71.05"
"2024-12-09","BRN0W.ICE","71.05","70.92","72.65","70.92","71.9"
"2024-12-10","BRN0W.ICE","71.9","71.94","72.72","71.53","72.06"
"2024-12-11","BRN0W.ICE","72.06","72.15","73.75","72.15","73.64"
"2024-12-12","BRN0W.ICE","73.64","73.18","73.57","72.08","72.98"
"2024-12-13","BRN0W.ICE","72.98","73","74.2","72.95","73.96"
"2024-12-16","BRN0W.ICE","73.96","74.2","74.2","73.34","73.52"
"2024-12-17","BRN0W.ICE","73.52","73.53","73.79","72.17","72.99"
"2024-12-18","BRN0W.ICE","72.99","72.92","73.81","72.43","72.6"
"2024-12-19","BRN0W.ICE","72.6","72.6","73.45","72.14","72.26"
"2024-12-20","BRN0W.ICE","72.26","72.17","72.89","71.59","72.6"
"2024-12-23","BRN0W.ICE","72.6","72.51","73","71.69","72.65"
"2024-12-24","BRN0W.ICE","72.65","72.64","73.41","72.46","73.23"
"2024-12-26","BRN0W.ICE","73.23","73.37","73.75","72.57","72.87"
"2024-12-27","BRN0W.ICE","72.87","72.78","73.93","72.63","73.62"
"2024-12-30","BRN0W.ICE","73.62","73.59","74.5","73.35","74.13"
"2024-12-31","BRN0W.ICE","74.13","74.25","74.89","73.84","74.83"
"2025-01-02","BRN0W.ICE","74.83","74.93","76.55","74.72","75.95"
"2025-01-03","BRN0W.ICE","75.95","75.98","76.73","75.53","76.69"
"2025-01-06","BRN0W.ICE","76.69","76.58","77.5","75.94","76.26"
"2025-01-07","BRN0W.ICE","76.26","76.18","77.3","75.91","77.25"
"2025-01-08","BRN0W.ICE","77.25","77.3","77.89","76.04","76.22"
"2025-01-09","BRN0W.ICE","76.22","76.18","77.27","75.68","77.2"
"2025-01-10","BRN0W.ICE","77.2","77.26","80.75","77.03","79.79"
"2025-01-13","BRN0W.ICE","79.79","79.76","81.68","79.76","80.9"
"2025-01-14","BRN0W.ICE","80.9","80.92","81.15","79.87","80.32"
"2025-01-15","BRN0W.ICE","80.32","80.29","80.64","79.62","80.49"
"2025-01-16","BRN0W.ICE","80.49","82.42","82.57","80.39","81.36"
"2025-01-17","BRN0W.ICE","81.36","81.44","81.93","80.5","80.73"
"2025-01-20","BRN0W.ICE","80.73","79.72","79.99","78.43","78.79"
"2025-01-21","BRN0W.ICE","78.79","78.78","79.37","77.66","78.45"
"2025-01-22","BRN0W.ICE","78.45","78.47","78.91","77.95","78.15"
"2025-01-23","BRN0W.ICE","78.15","78.01","78.8","77.12","77.17"
"2025-01-24","BRN0W.ICE","77.17","77.17","78.08","76.92","77.49"
"2025-01-27","BRN0W.ICE","77.49","77.39","77.96","75.5","76.19"
"2025-01-28","BRN0W.ICE","77.49","76.12","77.17","75.9","76.59"
"2025-01-29","BRN0W.ICE","77.49","76.55","76.65","75.36","75.91"
"2025-01-30","BRN0W.ICE","77.49","75.76","76.6","74.98","76.1"
"2025-01-31","BRN0W.ICE","77.49","76.12","76.5","75.16","76.5"
"2025-02-03","BRN0W.ICE","77.49","76.79","77.34","75.04","75.5"
"2025-02-04","BRN0W.ICE","77.49","75.4","76.66","74.15","76.05"
"2025-02-05","BRN0W.ICE","76.19","76.21","76.34","74.56","74.69"
"2025-02-06","BRN0W.ICE","74.69","74.71","75.4","74.1","74.27"
"2025-02-07","BRN0W.ICE","74.27","74.31","75.12","74.26","74.69"
"2025-02-10","BRN0W.ICE","74.69","74.59","76.23","74.51","76.13"
"2025-02-11","BRN0W.ICE","76.13","75.94","77.29","75.9","76.82"
"2025-02-12","BRN0W.ICE","76.82","76.82","76.91","74.92","74.94"
"2025-02-13","BRN0W.ICE","74.94","74.97","75.37","74.06","75.32"
"2025-02-14","BRN0W.ICE","75.32","74.66","75.45","74.24","74.34"
"2025-02-17","BRN0W.ICE","74.34","74.36","75.07","73.91","75"
"2025-02-18","BRN0W.ICE","75","74.95","75.67","74.59","75.37"
"2025-02-19","BRN0W.ICE","75.37","75.44","76.4","75.38","75.76"
"2025-02-20","BRN0W.ICE","75.76","75.68","76.71","75.36","76.18"
"2025-02-21","BRN0W.ICE","76.18","76.21","76.32","73.8","73.85"
"2025-02-24","BRN0W.ICE","73.85","73.76","74.5","73.71","74.45"
"2025-02-25","BRN0W.ICE","74.45","74.26","74.76","72.21","72.56"
"2025-02-26","BRN0W.ICE","72.56","72.63","72.81","71.92","72.31"
"2025-02-27","BRN0W.ICE","72.31","72.26","73.75","72.1","73.42"
"2025-02-28","BRN0W.ICE","73.42","73.33","73.37","72.32","73.08"
"2025-03-03","BRN0W.ICE","73.08","73.04","73.67","71.17","71.49"
"2025-03-04","BRN0W.ICE","71.49","71.3","71.36","69.75","71.13"
"2025-03-05","BRN0W.ICE","71.13","71.02","71.18","68.33","69.36"
"2025-03-06","BRN0W.ICE","69.36","69.43","69.9","68.74","69.42"
"2025-03-07","BRN0W.ICE","69.42","69.43","71.4","69.3","70.45"
"2025-03-10","BRN0W.ICE","70.45","70.49","70.88","69.05","69.14"
"2025-03-11","BRN0W.ICE","69.14","69.05","70.44","68.63","69.92"
"2025-03-12","BRN0W.ICE","69.92","69.95","71.1","69.48","70.91"
"2025-03-13","BRN0W.ICE","70.91","70.95","71.25","69.66","70.15"
"2025-03-14","BRN0W.ICE","70.15","70.16","70.75","69.93","70.65"
"2025-03-17","BRN0W.ICE","70.65","70.18","71.27","70.17","70.45"
"2025-03-18","BRN0W.ICE","70.45","70.44","71.68","69.85","70.03"
"2025-03-19","BRN0W.ICE","70.03","70.05","70.77","69.51","70.4"
"2025-03-20","BRN0W.ICE","70.4","70.49","71.76","70.1","71.71"
"2025-03-21","BRN0W.ICE","71.71","71.8","71.97","71.01","71.67"
"2025-03-24","BRN0W.ICE","71.67","71.7","72.57","71.26","72.43"
"2025-03-25","BRN0W.ICE","72.43","72.45","72.91","71.89","72.51"
"2025-03-26","BRN0W.ICE","72.51","72.64","73.49","72.47","73.35"
"2025-03-27","BRN0W.ICE","73.35","73.19","73.37","72.53","73.35"
"2025-03-28","BRN0W.ICE","73.35","73.33","73.47","72.35","72.54"
"2025-03-31","BRN0W.ICE","72.54","72.94","75.04","72.28","74.71"
"2025-04-01","BRN0W.ICE","74.71","74.67","75.29","74.33","74.51"
"2025-04-02","BRN0W.ICE","74.51","74.52","75.47","73.1","73.37"
"2025-04-03","BRN0W.ICE","73.37","72.7","73.4","69.48","69.81"
"2025-04-04","BRN0W.ICE","73.37","70","70.11","64.03","66.06"
"2025-04-07","BRN0W.ICE","69.81","64.9","67.43","62.51","64.36"
"2025-04-08","BRN0W.ICE","64.36","64.59","65.21","61.34","61.62"
"2025-04-09","BRN0W.ICE","61.62","61.13","66.02","58.4","65.72"
"2025-04-10","BRN0W.ICE","65.72","65.9","66.08","62","63.4"
"2025-04-11","BRN0W.ICE","63.4","63.16","65.08","62.77","64.59"
"2025-04-14","BRN0W.ICE","64.59","64.2","65.13","63.4","64.23"
"2025-04-15","BRN0W.ICE","64.23","64.34","64.73","63.5","64.02"
"2025-04-16","BRN0W.ICE","64.02","64.03","65.43","63","65.04"
"2025-04-17","BRN0W.ICE","65.04","65.36","67.18","65.05","66.92"
"2025-04-21","BRN0W.ICE","66.92","66.87","66.87","64.76","65.59"
"2025-04-22","BRN0W.ICE","65.59","65.8","67.08","65.58","66.85"
"2025-04-23","BRN0W.ICE","66.85","67.01","67.64","64.39","65.18"
"2025-04-24","BRN0W.ICE","65.18","65.13","66.11","64.91","65.6"
"2025-04-25","BRN0W.ICE","65.6","65.68","66.19","64.65","65.83"
"2025-04-28","BRN0W.ICE","65.83","66.18","66.5","64.23","64.53"
"2025-04-29","BRN0W.ICE","64.53","64.76","64.81","62.93","63.01"
"2025-04-30","BRN0W.ICE","63.01","63.16","63.34","60.76","61.04"
"2025-05-01","BRN0W.ICE","63.01","61.23","62.4","59.3","61.87"
"2025-05-02","BRN0W.ICE","63.01","61.82","62.72","60.69","61.45"
"2025-05-05","BRN0W.ICE","63.01","59.5","60.82","58.5","60.25"
"2025-05-06","BRN0W.ICE","61.04","60.28","62.8","60.18","62.04"
"2025-05-07","BRN0W.ICE","62.04","62.5","63.25","60.83","60.95"
"2025-05-08","BRN0W.ICE","60.95","61.06","63.38","61","63.12"
"2025-05-09","BRN0W.ICE","63.12","63.07","64.27","62.84","63.88"
"2025-05-12","BRN0W.ICE","63.88","64.05","66.4","63.88","64.99"
"2025-05-13","BRN0W.ICE","64.99","64.93","66.81","64.63","66.6"
"2025-05-14","BRN0W.ICE","66.6","66.56","66.59","65.68","65.85"
"2025-05-15","BRN0W.ICE","65.85","65.42","65.42","63.44","64.62"
"2025-05-16","BRN0W.ICE","64.62","64.7","65.54","64.18","65.33"
"2025-05-19","BRN0W.ICE","65.33","64.73","65.28","63.84","64.77"
"2025-05-20","BRN0W.ICE","64.77","64.91","65.27","64.23","64.93"
"2025-05-21","BRN0W.ICE","64.93","65.45","65.93","64.03","64.13"
"2025-05-22","BRN0W.ICE","64.13","64.14","64.5","63.07","63.5"
"2025-05-23","BRN0W.ICE","63.5","63.5","64.65","62.8","64.39"
"2025-05-26","BRN0W.ICE","64.39","64.42","64.81","63.89","64.18"
"2025-05-27","BRN0W.ICE","64.18","64.12","64.49","62.96","63.74"
"2025-05-28","BRN0W.ICE","63.74","63.86","65.05","63.51","64.33"
"2025-05-29","BRN0W.ICE","64.33","64.6","65.5","63.11","63.36"
"2025-05-30","BRN0W.ICE","63.36","63.27","64.09","62.09","62.61"
"2025-06-02","BRN0W.ICE","63.36","63.2","65.76","63","65.12"
"2025-06-03","BRN0W.ICE","62.61","65.16","65.95","64.51","65.61"
"2025-06-04","BRN0W.ICE","65.61","65.52","65.95","64.27","64.91"
"2025-06-05","BRN0W.ICE","64.91","64.77","65.85","64.6","65.29"
"2025-06-06","BRN0W.ICE","65.29","65.26","66.67","64.8","66.65"
"2025-06-09","BRN0W.ICE","66.65","65.85","66.39","65.38","66.34"
"2025-06-10","BRN0W.ICE","66.34","66.33","67.17","65.75","65.91"
"2025-06-11","BRN0W.ICE","65.91","65.93","69.89","65.73","69.82"
"2025-06-12","BRN0W.ICE","69.82","69.39","69.41","67.58","69.29"
"2025-06-13","BRN0W.ICE","69.29","69.6","75.3","69.42","73.63"
"2025-06-16","BRN0W.ICE","73.63","76","76.45","69.43","71.34"
"2025-06-17","BRN0W.ICE","71.34","72.5","75.53","71.46","75.31"
"2025-06-18","BRN0W.ICE","75.31","75.18","75.74","73","74.61"
"2025-06-19","BRN0W.ICE","74.61","74.95","77.18","74.17","76.96"
"2025-06-20","BRN0W.ICE","76.96","75.73","76.01","74","75.78"
"2025-06-23","BRN0W.ICE","75.78","78.9","79.4","68.64","69.73"
"2025-06-24","BRN0W.ICE","69.73","68.12","69.37","65.93","66.84"
"2025-06-25","BRN0W.ICE","66.84","66.9","67.51","66.2","66.45"
"2025-06-26","BRN0W.ICE","66.45","66.56","67.77","66.22","66.74"
"2025-06-27","BRN0W.ICE","66.74","66.82","67.31","66.12","66.34"
"2025-06-30","BRN0W.ICE","66.34","66.48","67.2","65.92","66.63"
"2025-07-01","BRN0W.ICE","66.63","66.58","67.5","66.34","67.28"
"2025-07-02","BRN0W.ICE","67.28","67.11","69.21","66.94","69.15"
"2025-07-03","BRN0W.ICE","69.15","68.86","69.14","68.32","68.85"
"2025-07-04","BRN0W.ICE","68.85","68.85","68.89","67.75","68.51"
"2025-07-07","BRN0W.ICE","68.51","67.64","69.94","67.22","69.6"
"2025-07-08","BRN0W.ICE","69.6","69.5","70.68","69.03","70.03"
"2025-07-09","BRN0W.ICE","70.03","69.92","70.71","69.61","70.18"
"2025-07-10","BRN0W.ICE","70.18","70.06","70.48","68.54","68.88"
"2025-07-11","BRN0W.ICE","68.88","68.84","70.71","68.55","70.63"
"2025-07-14","BRN0W.ICE","70.63","70.5","71.53","69.02","69.14"
"2025-07-15","BRN0W.ICE","69.14","69.15","69.41","68.6","68.86"
"2025-07-16","BRN0W.ICE","68.86","68.98","69.09","67.71","68.71"
"2025-07-17","BRN0W.ICE","68.71","68.79","69.67","68.27","69.65"
"2025-07-18","BRN0W.ICE","69.65","69.55","70.77","69.14","69.23"
"2025-07-21","BRN0W.ICE","69.23","69.21","69.63","68.43","69.09"
"2025-07-22","BRN0W.ICE","69.09","69.08","69.12","68.12","68.67"
"2025-07-23","BRN0W.ICE","68.67","68.92","69.1","68","68.67"
"2025-07-24","BRN0W.ICE","68.67","68.74","69.54","68.49","69.36"
"2025-07-25","BRN0W.ICE","69.36","69.36","69.86","68.31","68.39"
"2025-07-28","BRN0W.ICE","68.39","68.54","70.45","68.35","70.4"
"2025-07-29","BRN0W.ICE","70.4","70.28","73.08","69.86","72.76"
"2025-07-30","BRN0W.ICE","72.76","71.7","73.17","70.92","72.75"
"2025-07-31","BRN0W.ICE","72.75","72.78","72.82","71","71.78"
"2025-08-01","BRN0W.ICE","71.78","71.83","72","69.4","69.52"
"2025-08-04","BRN0W.ICE","69.52","69.11","69.98","68","68.68"
"2025-08-05","BRN0W.ICE","68.68","68.75","68.87","67.52","67.68"
"2025-08-06","BRN0W.ICE","67.68","67.75","69.18","66.22","66.96"
"2025-08-07","BRN0W.ICE","66.96","66.88","67.68","66.27","66.41"
"2025-08-08","BRN0W.ICE","66.41","66.42","67.22","65.53","66.32"
"2025-08-11","BRN0W.ICE","66.32","66.25","67.13","65.81","66.71"
"2025-08-12","BRN0W.ICE","66.71","66.8","67.06","65.98","66.11"
"2025-08-13","BRN0W.ICE","66.11","66.14","66.33","65.01","65.74"
"2025-08-14","BRN0W.ICE","65.74","65.76","66.99","65.55","66.89"
"2025-08-15","BRN0W.ICE","66.89","66.22","66.39","65.2","65.45"
"2025-08-18","BRN0W.ICE","65.45","65.26","66.24","64.79","65.89"
"2025-08-19","BRN0W.ICE","65.89","65.98","66.01","65.14","65.42"
"2025-08-20","BRN0W.ICE","65.42","65.59","66.54","65.31","66.53"
"2025-08-21","BRN0W.ICE","66.53","66.46","67.25","66.25","67.11"
"2025-08-22","BRN0W.ICE","67.11","67.05","67.45","66.89","67.26"
"2025-08-25","BRN0W.ICE","67.26","67.39","68.49","67.04","68.2"
"2025-08-26","BRN0W.ICE","68.2","68.14","68.16","66.6","66.69"
"2025-08-27","BRN0W.ICE","66.69","66.85","67.51","66.37","67.2"
"2025-08-28","BRN0W.ICE","67.2","67.15","68.06","66.81","67.65"
"2025-08-29","BRN0W.ICE","67.65","67.59","67.94","67.29","67.46"
"2025-09-01","BRN0W.ICE","67.46","67.42","68.36","67.12","68.16"
"2025-09-02","BRN0W.ICE","68.16","68.19","69.53","68.05","69.07"
"2025-09-03","BRN0W.ICE","69.07","69.1","69.24","67.36","67.39"
"2025-09-04","BRN0W.ICE","67.39","67.41","67.41","66.35","66.88"
"2025-09-05","BRN0W.ICE","66.88","66.82","67.05","65.07","65.67"
"2025-09-08","BRN0W.ICE","65.67","65.55","67.04","65.51","66.24"
"2025-09-09","BRN0W.ICE","66.24","66.23","67.38","66.12","66.53"
"2025-09-10","BRN0W.ICE","66.53","66.69","67.78","66.66","67.6"
"2025-09-11","BRN0W.ICE","67.6","67.25","67.28","65.81","65.95"
"2025-09-12","BRN0W.ICE","65.95","65.88","67.71","65.36","66.45"
"2025-09-15","BRN0W.ICE","66.45","66.79","67.41","66.35","67.02"
"2025-09-16","BRN0W.ICE","67.02","67.05","68.22","66.64","68.03"
"2025-09-17","BRN0W.ICE","68.03","68.07","68.14","67.13","67.41"
"2025-09-18","BRN0W.ICE","67.41","67.51","67.88","66.69","66.97"
"2025-09-19","BRN0W.ICE","66.97","66.94","67.06","65.85","66.05"
"2025-09-22","BRN0W.ICE","66.05","65.98","66.67","65.35","66.01"
"2025-09-23","BRN0W.ICE","66.01","65.99","67.42","65.49","67.17"
"2025-09-24","BRN0W.ICE","67.17","67.17","68.51","66.79","68.26"
"2025-09-25","BRN0W.ICE","68.26","68.25","68.83","67.67","68.8"
"2025-09-26","BRN0W.ICE","68.8","68.75","69.87","68.28","68.82"
"2025-09-29","BRN0W.ICE","68.82","68.65","68.95","66.68","66.77"
"2025-09-30","BRN0W.ICE","66.77","66.74","66.84","65.64","66.15"
"2025-10-01","BRN0W.ICE","66.77","66.18","66.57","65.05","65.42"
"2025-10-02","BRN0W.ICE","66.77","65.45","66.15","64","64.32"
"2025-10-03","BRN0W.ICE","66.77","64.38","65.02","64.2","64.36"
"2025-10-06","BRN0W.ICE","66.77","64.9","65.77","64.76","65.52"
"2025-10-07","BRN0W.ICE","66.77","65.48","65.84","64.53","65.73"
"2025-10-08","BRN0W.ICE","66.77","65.8","66.54","65.76","66.08"
"2025-10-09","BRN0W.ICE","66.15","65.82","66.58","64.96","65.23"
"2025-10-10","BRN0W.ICE","65.23","65.27","65.36","62","62.09"
"2025-10-13","BRN0W.ICE","62.09","62.9","63.95","62.9","63.39"
"2025-10-14","BRN0W.ICE","63.39","63.49","63.63","61.5","62.28"
"2025-10-15","BRN0W.ICE","62.28","62.33","63.04","61.79","62.47"
"2025-10-16","BRN0W.ICE","62.47","62.07","62.4","60.57","60.73"
"2025-10-17","BRN0W.ICE","60.73","60.73","61.25","59.99","61.16"
"2025-10-20","BRN0W.ICE","61.16","61.16","61.37","59.97","60.8"
"2025-10-21","BRN0W.ICE","60.8","60.78","61.82","60.2","61.36"
"2025-10-22","BRN0W.ICE","61.36","61.34","64.04","61.09","63.89"
"2025-10-23","BRN0W.ICE","63.89","63.8","65.66","63.37","65.26"
"2025-10-24","BRN0W.ICE","65.26","65.12","65.95","64.73","64.92"
"2025-10-27","BRN0W.ICE","64.92","65.35","65.89","64.32","65.04"
"2025-10-28","BRN0W.ICE","65.04","64.88","65.01","63.43","63.86"
"2025-10-29","BRN0W.ICE","63.86","63.9","64.7","63.38","64.3"
"2025-10-30","BRN0W.ICE","64.3","64.07","64.54","63.47","64.03"
"2025-10-31","BRN0W.ICE","64.03","64.05","65.15","63.81","64.58"
"2025-11-03","BRN0W.ICE","64.58","65.12","65.32","64.33","64.84"
"2025-11-04","BRN0W.ICE","64.84","64.73","64.8","63.82","64.35"
"2025-11-05","BRN0W.ICE","64.35","64.18","64.95","63.44","63.55"
"2025-11-06","BRN0W.ICE","63.55","63.58","64.34","62.84","63.57"
"2025-11-07","BRN0W.ICE","63.57","63.63","64.39","63.23","63.7"
"2025-11-10","BRN0W.ICE","63.7","63.8","64.34","63.32","63.94"
"2025-11-11","BRN0W.ICE","63.94","63.94","65.31","63.6","65.09"
"2025-11-12","BRN0W.ICE","65.09","65.15","65.15","62.56","62.68"
"2025-11-13","BRN0W.ICE","62.68","62.56","63.45","62.34","63.11"
"2025-11-14","BRN0W.ICE","63.11","63.36","64.87","63.36","64.29"
"2025-11-17","BRN0W.ICE","64.29","64.03","64.72","63.67","64.03"
"2025-11-18","BRN0W.ICE","64.03","63.58","64.64","63.2","64.36"
"2025-11-19","BRN0W.ICE","64.36","64.26","64.36","62.43","63.16"
"2025-11-20","BRN0W.ICE","63.16","63.23","63.85","62.41","62.52"
"2025-11-21","BRN0W.ICE","62.52","62.4","62.47","61.26","61.89"
"2025-11-24","BRN0W.ICE","61.89","61.9","62.92","61.34","62.73"
"2025-11-25","BRN0W.ICE","62.73","62.72","62.73","60.96","61.9"
"2025-11-26","BRN0W.ICE","61.9","61.94","62.6","61.53","62.44"
"2025-11-27","BRN0W.ICE","62.44","62.44","62.96","62.14","62.92"
"2025-11-28","BRN0W.ICE","62.92","62.88","63.39","62.12","62.32"
"2025-12-01","BRN0W.ICE","62.32","62.69","63.82","62.69","63.33"
"2025-12-02","BRN0W.ICE","63.33","63.33","63.35","62.17","62.39"
"2025-12-03","BRN0W.ICE","62.39","62.56","63.37","62.18","62.75"
"2025-12-04","BRN0W.ICE","62.75","62.72","63.62","62.53","63.37"
"2025-12-05","BRN0W.ICE","63.37","63.26","64.09","63.06","63.86"
"2025-12-08","BRN0W.ICE","63.86","63.75","63.96","62.34","62.53"
"2025-12-09","BRN0W.ICE","62.53","62.54","62.78","61.83","62.12"
"2025-12-10","BRN0W.ICE","62.12","62.11","62.73","61.35","62.52"
"2025-12-11","BRN0W.ICE","62.52","62.42","62.63","60.77","61.55"
"2025-12-12","BRN0W.ICE","61.55","61.34","61.59","60.57","60.94"
"2025-12-15","BRN0W.ICE","60.94","60.91","61.2","59.88","60.09"
"2025-12-16","BRN0W.ICE","60.09","60.12","60.13","58.53","58.59"
"2025-12-17","BRN0W.ICE","58.59","59.07","60.41","59.01","60.34"
"2025-12-18","BRN0W.ICE","60.34","60.3","60.35","59.29","59.41"
"2025-12-19","BRN0W.ICE","59.41","59.4","60.23","59.11","60.12"
"2025-12-22","BRN0W.ICE","60.12","60.25","61.66","60.11","61.54"
"2025-12-23","BRN0W.ICE","61.54","61.44","62.03","61.28","61.92"
"2025-12-24","BRN0W.ICE","61.92","61.97","62.22","61.55","61.84"
"2025-12-26","BRN0W.ICE","61.84","61.9","62.26","60.16","60.33"
"2025-12-29","BRN0W.ICE","60.33","60.62","61.72","60.43","61.26"
"2025-12-30","BRN0W.ICE","61.26","61.2","61.88","60.95","61.28"
"2025-12-31","BRN0W.ICE","61.28","61.33","61.92","60.63","60.91"
"2026-01-02","BRN0W.ICE","61.28","60.86","61.38","60.01","60.8"
"2026-01-05","BRN0W.ICE","60.91","60.99","61.89","59.75","61.77"
"2026-01-06","BRN0W.ICE","61.77","61.7","62.33","60.4","60.51"
"2026-01-07","BRN0W.ICE","60.51","60.1","60.93","59.81","60.39"
"2026-01-08","BRN0W.ICE","60.39","60.29","63.02","59.96","62.7"
"2026-01-09","BRN0W.ICE","62.7","62.6","63.92","61.83","63.02"
"2026-01-12","BRN0W.ICE","63.02","63.34","64.34","62.76","64.3"
"2026-01-13","BRN0W.ICE","64.3","64.11","65.92","63.84","65.46"
"2026-01-14","BRN0W.ICE","65.46","65.44","66.82","63.45","65.39"
"2026-01-15","BRN0W.ICE","65.39","65.35","65.36","63.27","63.87"
"2026-01-16","BRN0W.ICE","63.87","63.74","64.77","63.44","64.2"
"2026-01-19","BRN0W.ICE","64.2","63.63","64.39","63.26","64.18"
"2026-01-20","BRN0W.ICE","64.18","63.42","64.35","62.69","63.44"
"2026-01-21","BRN0W.ICE","63.44","63.55","64.74","63.05","64.62"
"2026-01-22","BRN0W.ICE","64.62","64.45","64.67","62.9","63.71"
"2026-01-23","BRN0W.ICE","63.71","63.64","65.45","63.55","65.44"
"2026-01-26","BRN0W.ICE","65.44","65.27","65.72","64.48","64.9"
"2026-01-27","BRN0W.ICE","64.9","64.95","66.78","64.2","66.76"
"2026-01-28","BRN0W.ICE","66.76","66.62","67.71","66.14","67.69"
"2026-01-29","BRN0W.ICE","67.69","67.7","70.58","67.53","69.71"
"2026-01-30","BRN0W.ICE","69.71","69.51","70.21","67.79","69.83"
"2026-02-02","BRN0W.ICE","69.83","68.6","68.83","65.45","66.31"
"2026-02-03","BRN0W.ICE","66.31","66.06","68.27","65.19","67.82"
"2026-02-04","BRN0W.ICE","67.82","67.89","69.76","66.98","68.95"
"2026-02-05","BRN0W.ICE","68.95","68.52","68.95","66.89","67.32"
"2026-02-06","BRN0W.ICE","67.32","67.2","68.83","66.56","68.1"
"2026-02-09","BRN0W.ICE","68.1","67.25","69.45","67.02","69.14"
"2026-02-10","BRN0W.ICE","69.14","69.04","69.49","68.44","69.08"
"2026-02-11","BRN0W.ICE","69.08","69.1","70.72","69","69.63"
"2026-02-12","BRN0W.ICE","69.63","69.68","69.85","67.09","67.55"
"2026-02-13","BRN0W.ICE","67.55","67.58","68.05","66.89","67.73"
"2026-02-16","BRN0W.ICE","67.55","67.42","68.08","66.68","67.89"
"2026-02-17","BRN0W.ICE","67.55","67.88","68.38","66.21","66.8"
"2026-02-18","BRN0W.ICE","67.55","66.86","70.09","66.8","69.63"
"2026-02-19","BRN0W.ICE","67.55","69.75","71.7","69.61","71.62"
"2026-02-20","BRN0W.ICE","67.55","71.36","71.86","70.66","71.24"
"2026-02-23","BRN0W.ICE","67.55","70.8","72.04","70.28","71.13"
"2026-02-24","BRN0W.ICE","67.73","71.12","71.9","70.51","71.01"
"2026-02-25","BRN0W.ICE","71.01","71.05","71.6","70.26","70.87"
"2026-02-26","BRN0W.ICE","70.87","71.01","72.36","69.16","70.79"
"2026-02-27","BRN0W.ICE","70.79","70.78","73.54","70.42","73.21"
"2026-03-02","BRN0W.ICE","73.21","81.57","82.37","75.75","78.07"
"2026-03-03","BRN0W.ICE","78.07","79","85.12","78.38","81.96"
"2026-03-04","BRN0W.ICE","81.96","82","84.48","80.3","82.58"
"2026-03-05","BRN0W.ICE","82.58","82.24","86.28","81.5","84.31"
"2026-03-06","BRN0W.ICE","84.31","83.54","94.64","83.16","93.32"
"2026-03-09","BRN0W.ICE","93.32","99.75","119.5","83.66","89.79"
"2026-03-10","BRN0W.ICE","89.79","92.49","95.04","81.16","91.4"
"2026-03-11","BRN0W.ICE","91.4","87.24","91","83.96","90.93"
"2026-03-12","BRN0W.ICE","90.93","96.84","101.85","95.2","101.75"
"2026-03-13","BRN0W.ICE","101.75","101.68","103.95","97.6","103.89"
"2026-03-16","BRN0W.ICE","103.89","106.5","106.5","99.54","101.02"
"2026-03-17","BRN0W.ICE","101.02","101.44","104.98","100.86","103.5"
"2026-03-18","BRN0W.ICE","103.5","103.66","111.9","100.34","109.65"
"2026-03-19","BRN0W.ICE","109.65","105.17","112.12","99.51","103.07"
"2026-03-20","BRN0W.ICE","103.07","102.6","107.37","100.47","104.41"
"2026-03-23","BRN0W.ICE","104.41","107.5","109.78","91.7","96.07"
"2026-03-24","BRN0W.ICE","96.07","97.12","100.77","94.15","95.96"
"2026-03-25","BRN0W.ICE","95.96","96.6","98.42","93.45","98.06"
"2026-03-26","BRN0W.ICE","98.06","97.93","102.49","97.11","100.1"
"2026-03-27","BRN0W.ICE","100.1","100.64","106.95","99.01","106.29"
"2026-03-30","BRN0W.ICE","106.29","107.75","109.46","106.1","108.89"
"2026-03-31","BRN0W.ICE","108.89","109.25","109.99","102.65","103.53"
"2026-04-01","BRN0W.ICE","103.53","103.63","105.94","98.35","100.24"
"2026-04-02","BRN0W.ICE","100.24","100.7","109.74","99.08","109.24"
"2026-04-06","BRN0W.ICE","109.24","110","111.89","106.85","109.7"
"2026-04-07","BRN0W.ICE","109.24","110.25","111.8","102.71","103.42"
"2026-04-08","BRN0W.ICE","103.42","95","97.22","90.4","96.7"
"2026-04-09","BRN0W.ICE","96.7","97.1","99.5","94.22","96.41"
"2026-04-10","BRN0W.ICE","96.41","96.6","98.26","94.2","94.26"
"2026-04-13","BRN0W.ICE","94.26","100.94","103.87","97.59","98"
"2026-04-14","BRN0W.ICE","98","97.5","99.45","94.42","95.34"
"2026-04-15","BRN0W.ICE","95.34","94.33","96.9","93.93","94.87"
"2026-04-16","BRN0W.ICE","94.87","94.62","99.8","94.43","98.21"
"2026-04-17","BRN0W.ICE","98.21","98.45","98.98","86.09","92.42"
"2026-04-20","BRN0W.ICE","92.42","96.12","97.5","92.75","93.8"
"2026-04-21","BRN0W.ICE","93.8","94.48","101.15","93.86","99.06"
"2026-04-22","BRN0W.ICE","99.06","99.35","102.31","96.54","101.55"
"2026-04-23","BRN0W.ICE","101.55","101.73","107.4","101.25","106.01"
"2026-04-24","BRN0W.ICE","106.01","106.02","107.48","103.41","105.88"
"2026-04-27","BRN0W.ICE","105.88","100.95","102.63","99.58","101.97"
"2026-04-28","BRN0W.ICE","101.97","101.85","105.83","101.61","104.48"
"2026-04-29","BRN0W.ICE","104.48","103.9","113.81","103.3","112.49"
"2026-04-30","BRN0W.ICE","112.49","111.59","114.7","107.07","110.86"
"2026-05-01","BRN0W.ICE","112.49","111.34","112.45","106.23","109.2"
"2026-05-04","BRN0W.ICE","112.49","106.6","115.3","105.55","114.06"
"2026-05-05","BRN0W.ICE","112.49","114.03","114.44","109.6","110.31"
"2026-05-06","BRN0W.ICE","110.86","107.92","109.02","96.75","101.96"
"2026-05-07","BRN0W.ICE","101.96","101.92","103.88","96.03","103.37"
"2026-05-08","BRN0W.ICE","103.37","102.52","102.92","99.55","100.25"
"2026-05-11","BRN0W.ICE","100.25","104","105.99","102.81","104.58"
"2026-05-12","BRN0W.ICE","104.58","104.23","108.45","104.23","107.69"
"2026-05-13","BRN0W.ICE","107.69","107.56","108.28","105.31","105.72"
"2026-05-14","BRN0W.ICE","105.72","105.78","107.13","103.88","106.59"
"2026-05-15","BRN0W.ICE","106.59","106.58","109.75","106.26","109.47"
"2026-05-18","BRN0W.ICE","109.47","109.75","112.72","106.87","109.69"
"2026-05-19","BRN0W.ICE","109.69","109.1","111.79","109.01","110.92"
"2026-05-20","BRN0W.ICE","110.92","110.99","111.49","103.24","105.16"
"2026-05-21","BRN0W.ICE","105.16","105.25","109.3","102.17","104.92"
"2026-05-22","BRN0W.ICE","104.92","104.62","106.36","101.34","104.25"
"2026-05-25","BRN0W.ICE","104.25","97.5","97.72","93.21","93.64"
"2026-05-26","BRN0W.ICE","93.64","94.4","97.81","94.36","96.28"
"2026-05-27","BRN0W.ICE","96.28","96.37","96.45","91.75","92.88"
"2026-05-28","BRN0W.ICE","92.88","93.8","95.98","90.79","92.4"
"2026-05-29","BRN0W.ICE","92.4","92.34","92.95","89.93","91.89"
"2026-06-01","BRN0W.ICE","91.89","92.58","97.79","92.2","95.25"
